sensor_var_0,sensor_var_1,sensor_var_2,sensor_var_3,sensor_var_4,sensor_var_5,sensor_var_6,sensor_var_7,sensor_var_8,sensor_var_9,sensor_var_10,sensor_var_11,sensor_var_12,sensor_var_13,sensor_var_14,sensor_var_15,sensor_var_16,sensor_var_17,sensor_var_18,sensor_var_19,sensor_var_20,sensor_var_21,sensor_var_22,sensor_var_23,sensor_var_24,high_draw_sum
0.47788458670161815,-2.198741179334819,1.4566039503855504,-1.2329665968547638,0.7175173791351003,1.0157744021925137,-0.19821269281695722,-0.47760419482344973,-2.134138647769941,0.21649856386594335,0.8910501464968515,-1.2410050228692222,-2.225542522814113,0.5274922436364047,0.6753043377694986,1.4170272654062865,-0.8203495250636528,-3.0778093290421604,0.34929223088587824,1.0432039050443815,1.7311391228064301,0.5711135957112277,0.0014137500011017767,-1.9855121816634793,1.0922613222930573,1
-0.5881229359176431,-0.7997452916418176,-0.4514878233100581,0.3417833446194568,-0.09029150343812425,-0.0930567860698957,1.6552145772054,-0.031011815341306037,0.7021614004592194,1.667480421022215,-1.4408014451622224,0.632016863147217,0.6085754962014001,1.0965426759123749,-0.9274990672338095,-2.1527167828605305,-2.444744610000482,1.0812328109497553,-0.9537159759769163,-0.6872416897969547,-0.5777247101043738,-1.037170542735879,-0.8828657979190879,0.9560318261896574,-0.9601643212931509,1
-1.6335740888984707,-2.2221378673769934,-0.28714320190935755,0.6035940029036307,-0.4158881573157206,-0.01708468831072163,0.36822591524575743,2.30709448943897,0.7882078581563866,0.04972054438363582,-2.0543957153624266,-2.676624371267682,-0.536816336238189,-0.37664114211346256,-0.22175170570060204,2.347981984743444,-0.887274362056332,-0.3796714134765975,-2.3689999368273877,2.221924302498125,-0.34973895399828214,-1.5378000791415838,-0.6385304367836289,0.7624033406408303,1.2163207054399938,0
-0.3750905797290607,-0.01669611023652806,-0.2784921219374809,-0.5425927796224028,0.10716376248707704,1.783974820264458,-1.5666079498104495,-1.6123399844024902,-1.1445373092401108,-0.2771108691447896,-0.383625483326387,-0.8584572193263311,0.05092021104647343,-0.003695288420848486,0.11659546903943596,0.9095956138185022,-0.7602032040334071,-1.0706550762655567,1.302466307945251,0.8648291268569022,-2.9680664796187157,0.025340418231485418,0.38661720049665965,0.7783961188205748,-0.06573873872607283,0
1.1864273536613006,1.0842037659434773,1.7650656093811472,0.8654210490791284,-0.44253609560636853,0.8487327348667982,-2.3133172912887447,1.7979442604824842,0.21631066429268253,-1.4203616209136283,1.2099350122788195,-1.9564538312807307,-1.4195836388329477,0.8578679906065356,0.6522537464941597,0.8025892638951706,-0.2374232981203448,-1.502919536025118,0.9962900677907627,-0.6923441362652097,-1.265822587295692,0.5817003391308432,0.9371534099217893,-0.1230322567373769,-0.5899301794298519,1
-0.7521145679007004,-1.3871334233235837,0.5102640015439537,0.40709253092104397,-1.1150134136348138,0.05190836935906029,0.36155039572295444,-0.470691418052561,-1.5061462331272968,0.6999865674557084,1.531374190433473,-1.119842070323996,0.16537448048386905,-0.6334152857470207,-1.2335337437758342,0.37238087347764115,1.7782481468469142,0.7065281816050545,-0.15084649572262088,0.5001756882864983,1.170770602959093,0.2887686913836451,0.9502532638808597,1.3756171833668178,-0.802632445096042,0
-0.21185363268330987,1.555400725088846,-0.6863413308536078,-2.8945929014814737,1.1026558885291684,-0.37771922076739795,1.2355389034954711,-0.2595003370901853,-1.758479835151114,-0.18367057698544365,0.5555588638990641,-0.4318361194616531,0.9993164251880005,-0.09533459800167127,0.38553690603696467,0.7727218491597657,0.39888451688315557,0.6355620337615572,1.1903221304468878,0.927447443727024,0.3260434292389764,0.13231834954012522,-0.36777213301079736,3.0470197025163204,1.2050179698243237,1
2.083911732359245,-0.5090263125635611,0.024571997505763443,0.555088945697295,-0.7119999446417249,0.05901249343200288,-2.0883966301769457,4.161097733440732,0.44207346810321607,-1.3718131647235399,1.1119667790620682,-1.3209302617929646,0.5545620341490127,0.022776284681866432,1.9926060492186823,-0.06778799349703479,-0.08929740935457789,-2.059223236518037,1.1552935609263824,-0.36517042589744186,-0.9534667430862913,2.792646920331415,0.7172642456524494,0.3689539332388778,1.299180009938782,1
-1.3829081185870242,-1.4275250643317745,-0.15372190619230208,2.1347609291531104,-1.6600188044077704,3.054735248570166,0.38116281538014113,-0.38240081738269455,0.7125054071217063,-0.12145708945438471,-0.14435582474600542,0.07362810834155409,-0.17463750992805055,-0.28694185596811433,1.0243874865397875,-0.5622164274496737,-0.08477446943303628,0.6455968999070492,-1.7372505564507061,-1.170298908730149,-0.8843234756985259,0.41966740166371996,-0.022444233533870372,-0.7192722468020317,-0.5822342016122461,0
0.6655948495159472,1.6478359435357632,1.50387144121535,-0.8188037305840338,-0.1384293642016639,1.3797752679636908,-0.9407537724883763,0.20258357815902392,2.5901643648989157,-1.3463783867989947,-0.1584602506346043,-0.7486547331677418,0.23347649002728954,1.2932549370297395,-0.866572147967571,-1.4052530583861058,-0.32211534071470815,-0.6512604593190143,-0.28235236758279436,-2.247425985461896,-0.22609229220749189,-0.5797674527415091,1.5471482702925778,0.6877813300496332,-0.16457493580302507,1
-1.9081965158618728,-0.8599943715901077,-0.20223221518661066,0.5256567297608827,-2.0719276652805796,0.7398505308016737,0.3065297578656572,-0.15557450833490508,-2.8628430348454805,-0.8712809758700372,1.580853962978052,0.2467716061001594,0.8016784224430333,-1.1360816539511882,-0.6689095803380315,0.38612870057437926,1.848265631734971,0.9573868197113953,1.1275323889855207,0.557185391524716,1.304622005136264,2.4170777723750057,0.7038341339835482,1.2435579231733753,-2.3226537097372204,0
-2.7544620549939873,1.1329655321163425,-1.0205699171588136,-3.922337070679339,0.27947938859874755,0.25156621174158467,1.069369338796222,-0.13540904959336494,-2.6328463955039396,1.2322033948267852,3.6570936226129387,3.336196740277592,1.0731437055235706,-0.5764095416790489,0.26083328230038716,-0.4924245730094984,0.31896171340378965,0.8451576431975028,0.5958044551014858,-0.2099419058379942,0.8069295709886988,-0.8976947505778375,-0.5768979343077505,1.6399307033254995,-1.0138056297667264,0
-1.3732778207114031,-1.2193585485061964,-1.2948992272546456,0.8586479845089058,-1.4722913071760304,-1.3711099209815065,-0.18331107458619966,-2.0274980999098653,1.3616427626687053,2.2034470147782215,-0.1635095299261827,1.7033692113632333,0.6811999982265258,0.04699905434839258,1.324453618152046,2.7334934052948365,1.0299114335770112,3.129168344022964,1.3379592533027433,2.8741424769494444,0.5324132943955171,0.8955847346769938,1.9824184321643958,-1.350800803784701,-2.224181771442721,0
1.6580422600031446,-2.6707773896922262,1.026685546059218,0.07626690654352686,-0.8419587065463536,-2.6050527842713644,0.023258568038137306,-2.202331725136149,-0.7035904278321305,1.3213428500109834,-1.328058416225663,2.0716122380131035,1.7150181018550577,-3.24536731400724,-1.3538387899543607,-0.9089216116524287,4.768701256741373,0.8765192771127331,-2.124342666400217,0.827098087758389,-1.2311161047959243,-1.1301014582276412,0.585997181460476,-0.2697552815608583,-0.445740261409898,0
1.4355982342571658,1.7982905201370776,1.3815124067859308,-0.6633024833399455,0.09612733819024086,1.166865122254151,-0.6849311905381426,0.5897498690283847,-0.019626267956972865,2.515092508896263,-0.16969991369478676,-1.6963643636601013,-0.7099570018597433,1.2882271747807597,0.6867167912259031,0.8197424258782998,-1.7567714113008295,-1.241488130720097,0.2834404365119396,-0.6459736199620569,-1.3591105506869217,0.20909026805465147,-1.3653337960394125,-1.9388927478013744,-1.0328758414123982,0
-0.1156225886333151,-0.4841154679062063,-1.3180921653225521,-1.9476486746805102,0.21431193316334918,-2.0928576437307704,1.0443608590244358,-0.9433207878702918,-0.5555224442111086,-0.22735032216407158,0.8575948937081256,-1.5993111631295671,0.009421256265802147,-0.3930546822121691,0.9791864686918823,0.9245138292865717,0.20209689769371764,-0.17787923224920832,-0.049195373704467416,-0.6410149053986806,1.7907726139618965,2.4144859418620874,-1.2590727661796088,-2.666959359146845,-1.5966436914601316,0
0.33422889548217205,-0.7947250669800568,2.2981161580501457,1.3310608980336847,-0.5568313594234473,2.3099860483536863,1.3767489092407919,-1.7794677818605955,0.6880880038352389,0.1623704038818613,0.8634528091001271,-2.0399143070704113,-1.2904002424225633,-0.018853719049064632,-0.536308772019976,-1.0700434930260203,-0.03926943629582624,0.7974815171224995,1.0866227322838697,-1.016686239422179,-0.7858684964816727,0.003981182911905634,1.7608887617268107,-1.2518617990335383,0.512209746755551,0
-1.5212823302543945,-0.2115795244697925,-1.8637089346494298,-1.5127873778362493,0.3977164235173201,-1.5915055453227123,-0.14943489927357223,-0.5602156745020221,-2.910449611008498,-0.32218554400841337,0.9755288930719739,0.4894205895816869,0.8898374618240563,-3.680073331970001,-0.3972564494950599,1.0627506285635047,0.3386161116533347,1.0743586857124123,0.8285510776690678,0.3301217355575501,1.5807993428663898,2.2638334541251384,0.4725857154629497,0.027876735988589307,-2.2906522817935095,1
1.1359520716828042,0.6109141762233906,-0.8409379369975751,-1.11503517632547,0.11242476698676618,2.0883085415615534,-1.5312240741814644,1.0643173029030226,0.6950912620192563,-0.05925314787536862,-0.4887966671653377,-1.9613921417715927,-0.48100521900049475,3.0371709695438707,1.445507073101322,1.170031349560277,-2.5464510090810615,1.239121137039733,1.896479658886543,-0.5585328388007657,0.5379616345824851,2.255899620186866,0.7465562829318335,-1.1526728358998741,1.3487940195383383,1
0.6511497568233976,1.058468395287256,-0.4214708386241938,-2.606517674039692,0.24078620811305662,1.072885473435869,-1.421975297958088,2.6808621088332383,-1.7568317961993152,-1.7973911274731709,0.13527088533815876,-0.7867627390141443,0.3774402186495126,0.9371498767818293,2.649292481417172,-0.21438275670112183,0.07998028744313213,-1.661565932339288,2.066114250337167,-0.6394521161538202,-0.2775459571591527,0.5555006133645229,-0.08120899955181327,-0.16201240223644003,-1.361820166655472,1
-0.5734267102249214,-1.012987552747883,1.5409949106967114,0.004015140264611028,-1.136711122429488,0.3899158640744578,-1.5114210624436057,-1.0296128838070409,2.3616174504247374,0.536223345372971,2.3350643009712395,-0.17261207603309137,-1.6464454375026172,-0.3613314925301766,-0.7252262071347223,0.1649007190594325,-0.6467876195634854,0.7023656348338793,0.3286343142965822,0.4196973001031921,-0.3358611697771704,-1.0234262791617639,0.40862674298888,0.9417947415338532,-0.6965962023287915,0
-0.4530232430913791,-0.06277193747301424,2.8569182338177,-0.10953214627083802,2.1621094875783773,0.06255766990809042,-0.7927306652450231,1.425402551958769,1.326799319944045,-0.435458618037025,1.1380609120959502,-0.3890012225463625,-0.7966492268235098,0.5333039613848229,-0.31455028269081164,-0.5353986950746066,0.5804229300217356,-0.07429716299253232,1.098702587998787,-1.2754855739085023,-0.6352632321077546,0.2941150915650555,0.7541168311707339,-0.49966369787316406,-1.6999712622144827,0
-0.7703971643698886,0.4914331440502204,1.2191891055594253,0.9130820493252981,0.9213803312144361,-1.1767951342791456,0.46536376778766764,1.0315908340246813,1.7289847081908776,3.003698785927242,-1.5068451222695722,0.44376318252353436,0.2746149106818585,0.5486062792509177,-1.9334492108841173,-0.35876284585166013,-0.7343733731866426,0.870720475173492,-2.721545370880137,0.896976530133316,-2.5966288224679746,-0.3925967493881016,-2.204289112935554,-1.1898826781070524,0.5439515355232192,0
0.49740983905987957,-0.4668390236030495,-3.508698389903464,-0.20259106651961908,-0.0986830006555311,-2.18900791682227,2.8594275269783607,0.9509638060295549,-2.171726414627823,0.2621755197701874,-0.5756654614136397,1.5938789423924962,2.448439480191233,1.9450391116236099,-1.6393699997816058,0.34457929063851295,-1.2031236928325613,-1.668614381375554,2.8439012746631906,-0.26255409576669964,0.3879907505427524,0.22061555736409405,-0.34955926375190594,0.3120078808250314,0.9884832962859813,1
0.24597718836708637,0.029033938692472117,0.25278914249316503,0.3023422276299107,-0.2801012339946268,0.11184246870925596,-0.30259092619914485,0.2988497635239664,0.2598479453492694,-0.6089214645899785,-0.8716305223528343,-0.2803641207599771,0.005129764985603802,-1.2379593169559224,0.2862222746804082,0.08716495297376481,-0.8100774940192915,-0.8066684883701737,0.7223744302758426,0.17901842072389107,-1.7417730490730992,-0.1408787768331199,0.6200004130278451,-1.824593634839628,1.2919081961737824,1
-0.9336650226742627,-0.33023173949234963,-0.9857919759811481,0.17701304821941516,3.542017422262667,0.10966853155253076,-1.934373443316117,-1.0217485511631037,-0.31591921733139117,1.115710807527905,-0.8299631505262471,-2.5960880889374676,-1.1272515194495587,0.17085624612554423,1.581812934711766,-0.8475221071594762,-0.16190934096852633,-0.3730525576384093,-1.671949549230383,-1.0891840528888799,1.0031692264150127,0.5583219358726226,0.4785227867147692,-0.5977636576835988,-1.8658917973200684,0
0.40378067305033205,0.8744424422379533,0.5067992067732254,0.1631180697089506,1.194756363378632,0.856257661752774,-0.7698334668039871,2.5078163233755166,-0.8357516710287347,-0.3300268501234813,-0.2871347759916594,0.49563884741112296,-0.3585408691061449,1.3127555651646323,0.04581978518879082,1.9507929481772517,0.8456848718365444,0.8470006479111629,0.6681925065718521,0.9287016992426131,1.2220603587621,2.1578213721015613,1.7060995803387455,0.4461372643721607,1.459665686162268,1
-3.142063760665344,-0.7987177550485972,-0.0705555427446859,2.2073129018647912,-0.4279390613998191,1.320529286435117,-0.0439498575653913,0.6904765447362781,1.3970113888788147,0.7322646356196603,0.14800978845892132,0.6317295925864059,-0.784934558870375,0.6868027765427407,1.5138144112377112,0.09291065547916466,-1.0611876371840545,1.8212294738804982,-1.7515573893464897,-3.2769957510722434,-1.811089369018001,-0.6792330797564182,-2.1492916485651845,-0.11485689894402756,1.4525072353982107,0
0.51760317368797,0.20251760239387334,0.6943480224298056,-2.452284158549024,0.9000866321646713,0.20334112812195237,-0.36053864434924837,-1.8146533343810938,1.2250543458006276,0.7666522395890616,0.6940900399976666,-0.05739241865185318,-2.353659498677323,0.7986614331768738,-1.4702337754632193,-2.7954822191416313,-0.4626868853942921,0.7719184634302902,0.003421829852387648,1.1664705462829148,0.0908307876469292,0.2847123068681987,-1.6634746922979322,-1.1624475065681759,0.5195446115782316,0
-0.7464114515126988,-0.6559959033853745,-1.3250324189105405,-0.8100861440585735,0.3454955614617793,2.0370201825241443,0.2956485124316457,-0.2764721038945138,-0.4431093728362554,0.8705954088511916,0.27795151985928823,0.4074904772885063,-1.680570296341657,-0.4292673265771493,0.6090902789488439,-0.20668946941601585,0.519757923965991,-1.0951433135573652,-0.23614172306379866,-1.4759194876464188,0.621498169521505,-1.2093368798136805,1.5523176556422493,0.5515962958443876,1.6416152570889317,1
2.4943166116929865,1.2892533892011575,2.0633018600129645,-0.39433265539591633,-1.350057526678013,0.9319920290212657,-0.16369755107178713,-0.1827043104298064,0.2989883768235605,-1.8352365357934213,0.5072239978205622,-0.5818791119968605,0.5643534047536993,1.5499939167314556,1.4790732813726044,-1.2010915159193494,-0.9130299729102422,-3.0552997170391443,1.4150135994049506,-0.5848166015548819,0.3470116938497923,0.3656143135093623,1.3478314178977353,-1.7576467496198154,0.988528997669498,1
1.1291861835219212,0.3939802885431297,-1.1958642271529862,1.6996725713484226,-0.24025449191236847,-0.5522789183619384,2.7310196353481593,0.09488646149046143,-1.6781092030577798,-0.6073349887201143,1.9461842853208569,-1.1300476450665893,0.43753739300461836,-1.6583969624129837,0.38334198589805746,0.3528534289633904,1.173574706569268,-1.7505500588348781,-0.5270410128866058,0.5028056795928221,0.717526509126195,0.25816966445332545,0.19098395553988595,0.39246009845529223,0.9229633193200847,0
-1.4245652880301098,-0.18513909517516186,-0.8227252124178142,2.445655401634208,0.44272542469618115,-2.1919437679399794,-0.7933016015358666,0.08914244758224776,0.39243387501401483,1.047508627772212,-1.0208496529818512,0.30879292482758125,0.04725006713412616,-1.0407200975054853,-1.1956462733678783,-1.8009271974969354,-0.09226149435210207,0.051366132179315294,-2.8545985290789497,2.030292073955557,2.0619782008016427,-1.334544310202364,-1.2490583217687452,-0.36560390867179293,-1.024414803614621,0
0.5427249356315619,-1.3579550649383656,1.7073877028152484,1.4770198494485673,-0.42795718419194656,2.6003158479034445,0.9159043922361828,-1.0624894831696488,0.20424996077752433,1.621237895701455,-1.1492047707395443,-0.7218154770239753,0.5190363433678745,1.0529952001660288,-1.1468465939889152,1.200950386609343,-0.8870679509725865,1.744615127690253,-0.3446967909231752,-1.2781850727485908,-0.9615056690028689,-3.6769882079928875,0.7424655051142499,0.07003629093813098,1.5287466016932554,1
-0.010563548607463669,0.19266931631497566,-0.9603171312915526,-1.0042520595524627,1.2908366562348785,1.491163134528174,1.3181632271791264,1.4919951117243957,1.0854764677253381,-3.275571347438367,1.2154545502607499,-0.3466819902401492,2.6798872508048817,3.0869605694985025,1.3084620787661834,-0.18006052228008562,-1.2723165818474167,-1.572065129285606,-0.6368801250898374,-0.8099819450423726,-1.8420087815369808,-0.5979760433311616,1.8367536163789628,-0.8317051251915615,0.6030849347896733,0
-0.6451496624034669,0.7794960507340188,-1.9479626362844606,-0.5662232886436056,-3.141646760935022,-1.0369350647569133,1.6654932909138493,0.44359074386063047,0.37383555299245863,-1.4393795884100444,1.330105420845362,0.42680403546909695,0.6320631235661374,-0.09979475981293645,-0.49664451179535596,-0.26654592469533367,2.439656536980147,1.5968199301969785,-0.9914696651624538,0.5899086422103778,0.10093336186029622,1.2572015714625526,-0.6927545714662086,-0.5326002357037178,0.6317177149240567,1
-0.7740360098830477,-0.41292479026829193,0.4561103946243388,-0.412819659484957,-2.838570251879776,1.625659595106034,-0.16874391867480282,-2.708596596440027,-0.6829546648601452,0.4898498478257067,0.7431949839230757,1.2113672742217563,0.412662518968313,0.4796968556511275,-0.08044676555086035,-0.7669639206243662,0.22016043846600825,0.139458265247291,-3.111430584975291,0.5791673071562858,-1.0126790954677494,-2.4272021351486845,-0.9091444167419451,0.6125351390851127,-1.103609851159079,0
0.11933624148467603,-0.9787571205591562,-0.018211362476894588,-0.7241688046578555,0.41423286561185685,1.8943981026484435,-0.7260076362032541,1.3057849491240132,0.70254744171539,0.2967157685613717,-2.6928081646230866,0.09259603021824159,0.03155491868298432,0.6891445853140536,1.787086980494552,0.5823043173425895,-0.5379076489094361,0.6211359497386584,1.8722204960862814,-0.8911152168611872,-0.358025768009214,1.6922287968435206,-0.6466033312915933,1.4805670026055515,0.2713250064488441,0
-1.3333866080267962,0.9786628202378187,0.08014816600616181,-0.30268626553058564,-0.42791969976940825,-1.2956827827022817,0.23992894467238302,0.004899520722871864,0.15714882694706456,-0.780848747906109,0.796382361572297,2.8336050269011377,1.6920387316197805,-2.280490764244437,0.1379634605398926,-0.585928381154488,-0.7634193837050116,0.11669090609611502,1.6621070936829514,1.305042363262897,2.377598727155168,1.1823054113871134,-0.5280497389161355,1.0792393871710906,1.7561040467824443,1
3.205660675717536,-1.4893804588552415,0.9061156420760479,-1.1991859265511802,1.9208228036123962,1.7088265152566535,-0.43710962321657576,0.02969251700568487,1.4368465523432348,-0.5089796789130989,-0.36876882549561407,-0.9597973898280847,-0.46142094675186796,1.0192886030589425,1.8740210336959824,-3.199021760712429,-1.065248289226851,-1.0368159078440577,0.7590330119149244,0.5525277037109078,-0.17145995376341866,0.25606745931175845,0.21096459179994442,0.8116461280158939,2.538706931330655,1
-0.13363451867562626,-0.03159449240121853,0.8520855111816081,0.47228481955187973,-1.5596845272902278,-1.0105333874053695,0.44990898746972985,-0.08217507321860862,0.18610394840942238,0.3923741433468711,0.7754973764126315,0.5990359577979869,0.6370938860040091,-0.9674406099405791,-0.3532342015092907,-1.5798695458157193,-1.4860291583283944,1.5105687132480776,0.6455004871126457,-0.37803081623683277,-3.1327591979279177,0.4209431627341733,-0.5920980206815926,2.460783503115814,1.5982445016207398,0
0.4268761817293908,0.21911933261319275,1.0589124780930057,-1.1703633298666603,2.564013390094549,1.651349240063587,-1.2667010662670275,2.2739611919873024,-0.4567979275938646,0.17837853110687285,-1.8897819573577883,0.28063320177731443,-1.7063970849238617,0.4096238314513351,1.2895034012167343,0.20919360817483454,-0.42741340406291345,-0.41932540421358666,-0.689697541834478,-0.694317864098725,-0.4290426773281296,0.49643278062963536,0.10153362840172409,0.8524645129402105,0.0582976701142332,1
0.04693989217469763,-0.9512531014233905,-0.9667576519828018,-1.9660901967641706,0.25819176157423096,2.0889334062448746,-0.5025009453881149,2.9747418156008174,-1.4437072874366539,0.4238206592220424,0.3308473704735762,-2.769281387402065,-0.3212436131539127,0.7634387327443111,1.4100068720984205,-0.37391347962335314,0.10471945036151786,0.41167449802388145,-0.35588381638244315,-0.4119748151478202,0.7678372528668012,-0.3199368987999731,1.628083604373447,-0.16479236744483652,0.9982366788791003,0
-3.155543398490554,1.4917426755983096,0.799633292310856,1.2448643917854931,-1.3116260995368376,2.12412131930465,-0.34885775758696297,0.41527904943222715,0.16828798606690712,-2.258405181103422,0.9064474232927308,0.318018694477446,-1.0035340706629075,0.22204056233732267,2.636543373564237,-1.3081372892906051,0.6145275481107235,-0.0031910887207180494,-0.3410591000365494,0.26397109201716773,0.44640690601437627,-0.3338766638474273,-1.0299659157553613,0.8540724579648087,1.0645989534912959,1
-0.07328388030303656,-1.0844686531116978,1.2046487375153174,-2.1868955138079094,1.6474818924092327,-0.5857555745722202,0.3059649250839974,-1.157518544688318,1.2281081247722434,-0.7948395611025362,-1.293764867754465,1.3294105445238007,-0.31564997873006156,0.5907278973908718,1.0487062331882986,1.371963698384773,-0.7379649978261624,1.0361338087291765,-0.011935160523138255,-0.4351466127321407,0.5789790351830604,3.193222141878092,0.11521329241730116,0.3004349099241909,-0.6373900770552969,1
-1.0087631249687168,-0.6135382258433562,2.3330505806541026,-1.2050604863562766,0.7626727149074355,0.9579837748930293,-1.1517066514616687,-0.09204634087884209,-0.47708056521548986,0.2812192843499636,-1.4817948948990196,1.1112500893128077,-1.0710008053754483,0.22087515290361992,1.7481099041326669,-1.5040979914791892,-0.9713929012329856,0.5545780053637228,-0.89446000220385,1.7600401293425298,0.5311728431953195,0.27512431301441065,0.7918744217047957,-1.2962448663730362,-0.5147598042174777,0
1.1201546499511728,2.1271111855935243,0.4317282400232534,0.49994211607934647,1.5448159778913066,0.5973421110994487,-1.9152338414307208,-0.000738457964044037,0.513237583043874,0.8589519035740321,0.49640388503148924,-0.029306587075850876,-1.0134447474365995,-0.6509015243799948,1.1890322361262107,-0.5674213972044255,-3.150002618429124,1.8660570462024944,-0.40905715885690597,-3.083812404625465,0.9851768308937675,1.1864361096017935,-0.43051370560648256,0.31059186051969573,-0.31372690316428264,0
0.23440908861440862,2.1178358508359807,-0.38580228124782245,-0.6610728317682578,0.5103358249148999,-1.0635079723251146,-0.04831948241456957,0.9031349506872419,-1.5162877418596783,-0.8995069964107409,-0.28170285464585226,-1.2760299521299183,-1.7688032909980198,-0.26212896709514877,-0.6441353109300707,-1.1303978619612527,-1.0671975981521296,-0.9908454362653767,-1.0828074107785457,-0.6599484262957649,-0.12443122000438289,-1.8432941779931753,1.8067561611527856,0.5056961628197496,1.6075214010479475,1
-1.7821767752008824,-1.7764002788053816,0.009410530128562786,-0.312637967620748,0.42770500319796834,1.7441987356867996,0.894094432072257,-0.7242717431287217,-1.0371317405847587,-0.0583655304787144,-0.1105113741054744,0.0326906881503527,-0.10588368913252066,0.5528002789728305,-1.176435930633957,0.6554293935125101,1.8626597600032229,1.055188137577779,-0.2312980437873089,0.8144924319132234,-0.7847250756720897,-0.6213946771992175,-0.2168936823846329,-1.827135682256691,-1.1632992114253233,0
0.14888574992947884,-0.28834431238309277,0.8943581102952489,0.24824006493389034,0.5920401541167778,0.7285754660885249,-0.6885638686081395,-0.13147578067616913,0.7917255443790121,0.19483016993025182,0.30069423943962126,1.7630549930022599,-0.6681400079041366,-2.649704822806,-1.255756043581515,0.027276654798394806,-1.1539657405027293,1.2794764988732799,-2.0749667083978673,1.0666900552427399,-0.508913481242281,-0.5124071414669022,-1.1475188513954426,-0.4298991435762515,-1.6725329104733258,0
-0.36631601628350297,-1.2051081101735561,2.283838067619656,-1.4938896007951523,0.0402848265325875,-0.8327590197448413,0.04485812432525038,0.629791168521354,-1.594775854351154,2.5298970870002577,-0.9651653854472476,0.39870967868649576,-0.7489589582078432,-3.0789921933196203,-0.8793773387951132,-1.8984787076048317,-1.4635935676586795,2.15019454280834,0.4890456652914099,1.0250549213495421,-1.3424725905562618,0.8090145106301804,-0.8575617756113904,-1.1215174895793636,-1.6146683033791356,0
0.9330179391598666,-0.002647731274341092,0.21605735062284148,-0.5294928900103304,1.0792216442423173,1.5024976969978665,1.2015287389213023,-0.10089523977964554,-0.45339276844575094,-0.2663408732904001,-2.308271690659808,-1.5803969166351108,0.2342498264367111,2.7095036057524937,1.0354452322614671,-0.4193551057310885,-1.3692254828438937,-0.21215109640138147,-0.06935036152864243,-0.4278859668021062,-1.6691527451314752,-0.1898711270515815,-1.0329265390558364,-1.6190153542549641,1.9852270265649659,1
3.688611557967814,-0.37645001670207046,0.8948566739053129,1.409787356794538,-0.7149646037578606,-0.8988858755740892,-0.16278310113746042,2.0504462343058147,1.489694223667911,0.02005140370833125,0.9578633064056762,-0.9929035059884008,-1.0291467932014715,-0.005327479379907685,-0.5855548775781046,-0.8146642758362661,-0.7204493767098237,-0.06348075169714033,0.48652739944843043,-0.5254622495956002,0.7441884861257859,-0.4780518532900127,-1.1817213622730953,-1.957778322566742,-0.5727594702081725,0
-0.014000915028267974,-0.09178667478180952,1.1289000710923303,1.632080914324042,-0.23590748609824574,1.554970166728383,-0.5896611699938369,0.6573194127551766,0.028329625951387882,1.362990951775034,-1.9850997676682394,2.400649778688538,-2.529061024832692,-0.06493766315150318,0.2095089242857513,0.7257806518137947,1.2634234772321795,-0.6725367243380527,0.6958206500207066,-1.6777542645119388,1.052733172487196,-1.1960452955863263,0.356986279961418,-0.3036580817823279,-0.7962117171237245,0
0.6190500872796157,0.7189159354006409,-0.660062748997189,0.6934377382836586,-0.17624278255664044,-0.08850719168896748,1.1385620840661785,-0.9665494055532806,-1.0647110216495266,0.5422666972827985,-1.3812907045286564,-0.0510291036414727,-1.7477555828094036,2.1921313768892148,0.3222967696613911,0.026500080596659537,-1.529155592796681,-1.0662230955157412,-0.5318049344752621,-0.12875779283229571,-0.1743942377011749,0.9884781846448797,0.5867453396153761,1.9944401841150106,-0.3830055749547502,1
-1.2214786200869743,-1.7993246268479204,0.5194530254285539,-0.11326552337397211,0.025706811254872064,-0.24461805720549953,0.14427979061649,-0.38621925057670536,-0.5847458833132164,2.120195904117245,2.1497257749736494,1.4953953752136195,0.469540258682589,-0.03470650075727855,-1.2730302121463728,-1.3847138362244669,-0.2383094066232121,1.5364594373592197,-0.4687204949435154,2.27284204479402,-1.750040421980542,0.027016074651473376,0.5764692826488594,-1.8163303353228644,0.4764117122410264,0
0.3168214890125438,-0.7182850165605206,-0.8050750567270709,0.03536158201402051,0.8098693617876334,1.5146263707912153,-0.6590007447040254,-0.6589593228230065,1.832856917241539,1.0357894328111878,-0.005268766105518297,1.3430775837024642,-2.3592516246267237,3.3304612451724034,0.5280886520948781,1.266242437780402,-0.8916811350809716,-0.8723212088647386,-0.2076460145975657,-1.487008447973384,-1.4272951837022396,-0.805221775906724,-2.1077119643932547,-0.5463666208576446,-0.1903094687371325,0
-0.12144773046497877,-1.313336419531163,2.08277234493736,-0.06834989056555578,1.0556835995760943,0.9694761196271604,-1.7327465249753402,0.3313716749506815,3.0455053859323082,-0.2278491169014899,0.9141675526870665,-2.2005454794374613,-0.27813983554552363,-0.44948224125793507,0.9916425162171096,0.5080424475280287,0.5150068440756334,-0.6768057300556377,-1.0876914166554612,1.2064215611728701,1.1345637372673854,0.8976870977886551,1.3833652825460683,-1.6172160496438883,-1.5336257790933492,0
-0.33597776827741943,1.9690770897307917,-1.231099322698014,-1.5445692438080643,0.5186741027651615,-1.184674585892275,0.13919535851721354,-1.494046839047926,-0.013160827191762037,-0.5534983808003711,1.9867958001793504,-0.4697415170547372,0.8581632158690782,1.2425472629392411,-1.3157092720338677,2.7986627861968465,0.47572618980294223,-0.7048403796801076,1.1392943195208236,-0.07470879795672924,0.33600785009227263,0.5877727818991031,1.3959883212634185,2.7736803748901337,1.7216405997823172,1
0.7771576934055757,0.9784512248920256,-0.11469270303129545,-0.2619667109821965,-1.1649348137136248,-1.2738507115399607,1.495242846476493,-3.4536254180348678,-0.9970788598190341,1.0135700173583322,1.0495673887190449,1.3767279101228083,1.132382371631747,-2.0576680023365377,0.5459400289223473,0.9045511671431193,1.9468846925341188,0.9548416500440179,-0.9194538551915841,1.0366597675744191,-0.48634647110323415,-1.616866724628536,-2.593545853223438,-0.5890517758045497,-0.1942466116563698,1
-1.4042870455656464,-2.174445349214636,0.2946172873710601,1.6563848414406972,-0.27341333043118166,1.0815603850907856,-1.6140926593804594,-0.09099102965234823,1.3589772623611927,-1.1141818519276878,-1.2405034489330609,-0.3137680868934581,-0.34474416883635595,-0.1794825991558745,-1.757286006545897,-1.5850347290995288,0.8802478085335592,1.8819785439769943,-1.3488772807755418,-1.253373846928341,-2.0666451086261404,-1.276638799354214,-0.04182834177885031,0.5344126542284262,2.212009923948859,0
0.612388574217172,1.8698188078436133,1.6898528782837836,-0.8581761293232597,-0.6013499669662303,0.7440916272289717,1.0423079644674216,0.6629959284640337,2.786930321359981,-1.508932283623964,1.3169044364183153,-1.3673182744877095,-1.8453170572452917,0.2450115286219302,0.34936069927459623,-1.8715975295658993,-1.6754929225016557,-3.048067242979921,1.7428973785071473,0.5030483837746806,-0.9899715872667056,-0.5830775943368933,2.101017352814103,-1.403750395537782,1.223789616941445,1
1.5866925115983772,0.15369679816106352,1.0309910903277197,1.2147376126236178,0.20443599829749226,2.0102570502434367,-1.461729211334891,2.072242420986626,1.686973480597578,0.4104699563302652,0.41257229214140767,1.2416647956532814,-1.0790659875824218,-0.8378492571095384,-1.050504851706746,-1.613277134978129,-0.7336954085212988,0.3642985480150367,1.968174911168941,0.11063284021187761,-0.6648800166539405,-1.172899903488957,1.2608434557852894,-2.183159104598597,0.2988192515336047,0
0.6012488202513017,0.8827376667883139,-0.14535244444053377,-0.8573707076537312,-1.2491438242889223,1.3939816614180907,2.182921827641901,0.7934844532436398,1.6186048503532913,-0.5948580985588444,-1.9451573553047108,-1.429720990294121,0.4866365953586006,-1.8558444272715096,0.2570778916229571,0.5269054002841362,-0.14378892915934066,-1.727179079562441,-0.059627785523968746,-1.245435279350397,0.2348369531568555,-0.3004834747790016,-1.071473029360094,3.5528797243395407,1.3599635211266525,1
-0.8517485486951712,-0.9384538024396532,0.40516136397295366,0.21805426361152935,0.504454722224066,-2.301137419952449,-2.2647349494283477,1.6066937363161975,-0.4120836136298028,0.8040892990109758,1.5573129118575566,-0.05032699624393472,1.2904452732846887,-2.7439491972040866,-0.23852618474228493,0.5879684461865852,2.0547192882440135,-0.22305185270643352,2.5922985585731957,-1.8466651003284518,2.0028005328243554,-1.2858960921520737,0.7148850823435502,0.5535278905980825,-1.563585799962893,0
-0.7738504205294613,-0.11082041541748071,0.07144342002433146,-0.8836624626610388,0.33614370576237196,-0.6822412916737426,1.1295898019879327,0.4482581960238563,-0.26107057498512687,0.827254527774486,1.4702091965572905,0.9124652331125033,0.7089878483656545,-0.6821732202164691,-0.9283601522681744,1.6855216007472777,-0.10988573539038282,-0.37989699966867885,0.571915385569248,1.248169961641093,1.6105135870689646,1.6305659706888012,0.30770560368297367,-1.2715035893454014,-1.0060102580737078,0
0.10472808414472548,0.5769252981123965,-1.4935584100720953,-1.1981527452935326,0.1866223041607153,-1.822063291221443,0.014241862878476202,1.7664325105696919,-1.865015363366045,-1.5769572350359982,1.6073256663235143,-0.29217913997725464,2.3851646706174616,-1.8247288390227279,1.2854189560996914,1.325085609113272,-0.5502798148846417,0.06272412322415727,3.224366663327049,1.5487752938400379,1.2720628039725157,0.6443933632811112,-1.138206091352538,-1.3168386919144777,-0.8751120463529071,1
1.8041164437735926,-0.2930748574808304,2.549798548801544,-1.3430451242434593,-0.1711812201987013,1.063125580863109,-0.7790633216044727,2.497662086774742,1.7173801266358129,-0.015186563904471317,-1.5611113599849233,0.10898542222447571,1.8165171439017342,0.9728400653848472,-0.33225057520316537,-1.94524704263748,-1.0124760674475164,0.007281830480129092,-0.45804357403021523,-0.5113560141575175,-0.9315083162743802,1.6092053861213493,-0.8717677106682029,-0.8355492383826917,1.4356345235505588,1
1.0556131313391104,-0.7225274877414991,0.039251874879790635,3.102971241885063,0.644835182599984,-1.0702349900017563,-0.5265713358391596,-0.7084074702697714,-1.1995887584783498,0.26767380356502185,0.7770089753995404,-0.7124813611275422,0.8076805972919261,0.1669235872586879,-0.9988760884763386,0.5911081093241252,-0.2373975738679157,0.6499473212429306,-2.672381644773412,-3.076806784870464,-1.3217500107192264,-0.7446796163816951,-0.6288480988598009,-0.1805718092419626,-0.222588299394634,0
0.49696994118748755,-0.16713083081940683,-0.4318111637283939,-2.2907177033086676,1.7494879837574584,-0.8516610052531204,0.8918193837046874,-0.15689269741015743,0.2294784556313399,0.9648348250411909,-1.1176359460097758,-1.9861471276879354,-0.7339929994537752,1.4469685190717225,0.9783975052973355,-0.0364539308155529,-0.386247643748887,1.00157452204534,-0.8131817987675178,0.6355754734111292,2.6250105509401696,0.605259616079041,1.3018766031345024,-1.2523568443923607,-0.7972068288025711,0
-0.393700755072693,-0.8339796923630025,-0.9721585168956836,0.9632105119398356,-0.1721385796732981,0.545889944696744,-0.6060875555991434,1.800762098075759,-0.38608731605410995,-0.201363366694701,0.9771781551455025,-1.2534105154483932,-0.12269942176142326,-0.8958423207804141,1.2898977607905189,0.7724428970460043,0.8762390829482234,2.200624178517869,0.24002923268449744,-0.41757374664753344,-0.8517942712737091,-1.128152656993168,-0.5603050414560646,-0.8668713749293895,-0.5794463796440686,0
0.4637133409517953,-0.5140297063711609,2.5464717977444145,0.24216695659638665,-0.1083422311175729,0.06899536601266953,-1.5112475440458226,0.5103039628293498,-0.9917183211786809,1.580734118756291,-2.2747500361635304,0.20836076813999194,0.3269278585816532,0.9732370636622916,0.9198763013924008,-0.23317045069488063,1.5783784684090865,0.9854607792908919,-1.4193056197148202,1.1762975687107098,-1.509108752086859,1.041704077366793,0.7422459181277894,2.001299194385703,-0.24320225894832362,0
-0.2716105425851757,0.16903123079151305,0.747527359761967,1.2215066601110158,-0.1955740347910726,1.3668974293684877,1.3032191478359416,-2.360579281355882,-0.5106977618062642,0.10998360217260514,0.9929460843281731,-0.735609627317394,1.4355661519363299,-0.2495588741387278,0.427268878122404,0.5947506548916405,-0.841466088674876,1.0797410652844321,0.7928441827375982,-0.4193737291948348,0.4217912897218084,-1.9590328347788484,-1.316158262410998,1.1426549984668655,-1.2818370617349863,0
-1.1467638942815008,0.0656258451576008,-0.060786997232872175,1.3508566906600612,0.8913723420749984,-2.2597422530356073,0.12989200233643367,0.539580341685967,-1.287337105553981,0.5526762205065681,-0.3565430133207588,-0.7475082465821941,3.906258391621309,-1.179879552198873,-0.3842880649404337,2.166384176483274,0.965970937080917,1.4829614968170266,3.380847287989144,0.9371296424222146,4.422656074764706,0.3066953404946545,-2.653270560616594,0.6462767544570763,0.18294306855152553,1
-1.864842598740624,-0.9650115399485548,-1.6452960844529525,-1.4973878454998708,-0.775880833656896,-1.552430998514064,2.8806193906649784,0.6597374994584944,-1.0656083425704481,-0.19128860056727215,2.5716210866797686,1.559499540460686,-0.6523253821181645,-0.33161976271238247,-0.28972841862790666,0.7687025628505701,1.7801522400733514,-0.2785515742952676,-1.9184271048119683,1.2203567854753596,-0.48177092788310116,-0.4223271198008473,0.17816188739883232,-0.8649128183235226,-0.09821299591350399,1
-0.7636635979948023,-0.22363704287187158,-0.7587025965820448,-0.9311215720054338,0.5670422597269507,1.1983954458076282,0.5230765157602005,-1.0812031475188193,-0.9246923659213238,-3.0744434946387758,-0.5646832241008928,-0.3174608556773876,-0.014027856460258004,1.5903596142742715,-0.2755570650889917,-0.5099577681907973,-1.3585912412314698,-0.16473260424097066,0.11244089312636579,-1.9137580100960703,-0.7322922489399335,-0.6788326220504395,-0.8293020207240994,-0.694765337409932,2.384646595459853,1
1.7143585475823437,0.4730738656712144,-0.38808012713226303,0.07775487188658159,-0.7554143237493318,0.21045535819408412,1.2366508932645754,-0.374227751910569,0.49481945530279553,-3.1369212926463828,0.35049116732893026,-0.944110901319805,1.8561736565224687,0.9531354189669159,-0.018083080588138012,0.9820884288790248,-0.27544341519955773,-2.0035537746737573,0.7312777213724428,1.4281708749643496,0.6309502437441296,-1.2243200288307707,0.7364702523879616,1.1375896562616616,0.6031812048633238,1
0.9894316265031073,-0.6307181953451058,1.1374083067381546,-0.8436121890539747,-0.08025988917336506,0.49194468770507227,-1.5754285688440905,-0.8664600130057998,-0.16322167217991101,1.8983296667182876,-0.2713509645320329,0.9011257426927263,-0.451408460225612,-0.1928998132263985,1.505728996443393,0.46851674142345956,0.4401241553688049,1.4941533650661278,1.1868163197629154,1.8763157575515632,2.217376268272066,0.5834571436739946,0.8474442659440989,1.8672417053318007,-1.158135019521315,0
1.0628788151740978,0.32402116645797113,0.6588059237296062,0.09142921656699887,-1.5976142440793986,-0.40299438175838376,0.19887863399111827,1.066621604699781,-0.7961907275048015,-0.7601851509194049,1.615420556093794,-0.6721413852412229,-2.3107912239538297,-0.7341630243789127,-0.7977771745503855,2.5628606129601232,-1.3983916926768392,1.328252779873408,0.8808709717607252,0.2821839958766981,0.6558240698793136,0.4503518259360296,-0.09478518083209075,2.9711226893188223,-0.603566566819718,1
1.0217710233023825,-0.03903765993136943,0.26092451139093087,0.39921060700252387,1.5837685416877338,-1.4756897853493935,-2.573373781675649,0.393607620135594,2.0103023671762084,1.9462472433354785,-0.9846957594441337,-0.6848740518712589,-1.7352247767596687,0.7265910699748901,1.269651832633233,-0.47361431034543267,-0.3547476725699925,0.07679468086295371,2.4873352134363835,2.431315746752712,2.9315214715925144,-0.042545412261247306,-2.054437716212779,-0.375575563124514,-1.5455407654762463,0
1.4951368101198508,-0.1523173256313831,-0.5380197911439499,-0.8097334775244749,2.0414095886510584,1.1494122510144116,-0.4806894710419917,-0.01831199906706793,-0.49410912066115287,-0.1702784880933358,-0.9160651648469862,-2.0390231649172526,-0.1311315521306815,0.8322341920161642,0.664130897156274,1.7910672935825618,-1.4172043733724726,0.33648431695546277,0.7552409466956317,0.17814275389031442,-0.07332319547731916,1.4839957349475381,2.473680113563581,-1.4591880039882426,1.6757282336612742,0
0.06428045710825547,0.9499210483741751,0.5832218510156387,-0.23361436007669084,-1.0087949280889381,0.6116054108769355,-0.2042895925414419,0.3219805904590208,-1.2807132094579798,-0.5282039485883607,1.6778206776820404,-0.11805842318211526,-1.3082513576479968,0.4729447519496706,-1.3297718395107667,0.34783448596695377,-0.48640978578316824,-0.2784153331572173,0.37047270984187736,-0.9734884904177126,-1.3623815210841466,-1.0547611188371302,-0.5967709736220812,-0.597152480534182,1.5854127295329767,1
-0.6717933631908389,-1.4728369257459404,1.9168288278211505,-1.1430088300022052,-0.43911077994286246,0.07024383133260526,0.8270775798470758,-0.04895221696246432,0.8738328392402248,0.6668774746303374,-2.3247477247131147,0.3966673787719543,0.22666593735714957,2.07246961977428,0.18393657308605005,-0.07754123254136036,0.652785220589797,0.5582543699031537,1.845496642791504,2.463880936543353,0.9148675507193966,-1.7514827755627647,-0.6606738357419167,0.018066468285307447,-0.15241882798090628,0
-1.2592911340164417,1.2373841344499055,1.6138905651662043,1.141290736153099,1.0328342478565584,0.020310415636715942,0.6552162148639619,0.6925797916487,-0.6121469970531545,-1.4390381403808443,0.8524463004467768,1.7370156958042213,0.8220325792794532,0.747230557611622,1.4358628711910904,2.500931760045316,1.1314622484599162,-1.9667549276929035,2.67804871732649,0.39071790377095417,-0.9035128809342365,0.15969877520283143,-1.4516231836693567,0.034181778235528815,0.5669090222137724,1
0.7167117139630702,0.5925922325169413,-0.2904080259501826,-0.760011972886896,0.10632186262504517,-0.15587315724401424,1.558425640499965,0.8898763286965942,0.6521919721393329,-1.0153451403273728,-1.125388436677146,0.4229982868538088,-1.285952462588319,1.1976157638150768,1.0953759841664732,1.4502550978647542,1.1975762909189016,0.6886268446096222,-0.6399736211954246,-2.1893896247507736,-2.206400138845234,0.15098853285348127,1.15127650168129,1.400872507544466,0.7286987768241162,1
0.49206007917665295,-0.5699061853056189,-1.1165555912127512,-0.7555615817947463,1.2381989609492707,0.6733169033629046,-2.130787823846951,1.0315708476799823,-0.35574957377648053,2.30341796339534,-1.0303454216075778,1.9272574435399306,0.766660495002114,-0.9076453241172604,-0.7566404285733987,0.8707094007002765,0.6318156984284697,-0.26581329021586786,-1.8434232506777426,0.05410575036645204,-0.6156044357541244,-1.876780890901867,0.9883755617812204,-1.8480910773097627,-1.7062701667602398,0
-2.016378699062618,-1.0045970592072828,0.5834568586117945,1.1489801113063558,-0.09093547996950618,0.6020098783127269,-1.0806792247441992,0.11796526223481121,0.2221919763316082,-0.10782534472173899,-0.7524902723144067,1.234149576983216,2.1043618697173185,-1.0168177408142267,-0.6294258306329119,-0.8846831138534847,0.6227070345961684,0.7653747095361607,-1.173397989610824,1.2627159787521336,-2.177869958791486,-0.804427980976224,-1.3477346908522687,-1.9766230206365716,-1.7642315771720747,0
-0.8765991079562145,-1.089276032466179,-0.9551102599788356,-0.8260642468423715,-1.2444130831886389,0.9548769935532071,-1.454090930261526,-0.25507962483273466,0.40543930107013665,0.9692091383157688,-2.2323499825684974,-0.5115395711657617,0.2571213672053756,2.2917112554324746,-1.064578555721142,-2.870280713670661,-0.08708882759224995,2.206809037466197,-0.7671827262946787,-1.0502119576478814,-1.631289701701506,0.1184917815594353,2.2563798615444894,1.3638432613864224,0.9911231280103825,0
0.8538085775668638,0.1484654341522586,0.6701545563077255,0.3115600189284975,-2.31276889461062,-2.0965817678107816,0.6813794454830234,-0.6501011706341269,-0.22720106334803059,0.04776421626686439,0.03391520760308381,-1.0805966187491418,-1.8514171032378892,1.3764685459647357,-1.2702620184664193,-0.653241591701132,-0.7056380991669182,-0.23544040488514167,-0.9252582740910437,-0.8984274346164022,-0.9668799378409744,-2.186980510253262,-0.19216643908629966,0.9859288046065658,2.5239489942964495,1
0.7411422124096195,-2.852622595928784,0.3346611674729688,0.04564123667309315,-1.6898843393591676,-1.2467611062408244,1.7793456284168754,-0.09511712857092197,-1.4710750114051403,-0.580301752473994,0.3528102457248782,0.16601326770042646,-0.18354858705347965,-2.786855947206906,-1.7051419109398025,0.8992604080304056,-1.565754738114807,-0.9256349674238898,2.733202935419909,1.1918309662307134,2.885074517918247,1.5020329963028174,0.694908904928401,0.7991883824950383,-1.3108650574423524,0
-0.4243992652642322,1.8411914445324211,-0.5952430944943847,-0.3639629143124536,-0.656386769593867,0.6098086324178367,-0.8421137780602748,1.7722879494683503,-1.3181412550669713,-0.19374595712416295,0.25870914524142186,0.6092226394401962,1.062760504023405,-0.3746028740753576,-1.117889845478138,-0.554828389550824,0.12955109854906088,-1.1106289077311828,-1.4014379097337881,0.844966512517588,1.3427422672436615,-1.6556700851915047,-1.5735196501885478,1.4116824181644512,0.15969796675122805,0
2.2378708648300627,-0.21403793081074352,-2.7629668407243417,-2.5279667065689417,0.5512689488284721,-1.084413423754032,1.8922665614423795,0.29730492821640236,0.8675502569323859,-0.27164722118475526,1.3322662449375944,-0.6066206251420427,-0.01296083913332513,-1.2962697371521514,-0.8951157978677775,0.5233989043935376,-0.614051747745965,-1.2720367633674838,-0.47383482937763116,-0.1591836833594268,0.03196736509143608,-0.38461286267331424,3.1427420863566518,0.3392512798883225,0.05276294521753133,1
0.7255773648005756,-0.9994310441955389,-1.6899749074810053,0.20998030519603123,1.4827770600509447,-1.497001663047682,-1.8662154817403311,1.1674357677079688,-1.0044325762707857,1.0953121430933468,1.2444867217490607,1.7286519849834325,1.0359977582703013,-2.8418013014311265,-0.573422628864343,2.532909873755011,2.854315466077229,1.279646520216095,0.6149648612917491,-0.7327753467911812,2.6498167342788976,-0.5823948141603852,-0.17442639630009998,-0.12346874082207293,0.002766513558433603,1
-0.08966918101659593,3.1960625279329156,1.4530116626934564,0.6702001955716146,-1.3293690444075688,-1.933397988879444,1.507676878077945,-2.98253010788895,-2.332891895358464,0.23608082572340805,0.7859456714281439,0.41093703315001834,1.3596190749814814,-1.0915994604737933,0.6073128637158379,0.34729192129766906,0.019270339988025353,-0.4097113544637129,1.3702931675577266,-0.5477861153077358,-1.7093773999766864,0.16567066763195037,-1.2587283547476416,2.938326839564606,-0.5743902904550259,0
-2.3059998901703906,-2.6585227113304772,-1.8390807338993498,1.5192395594177976,1.9145721505772766,0.10194689034112162,-0.7598316146709806,-1.6273825021457218,0.6965912043962151,-0.42243166895355355,-1.035936731168569,0.34169573307125534,1.4022472938202426,0.19928595978987773,1.2519822125365616,2.2222719634992476,0.3153835499114105,3.163554579231401,1.1400960798408803,1.0871282841708778,1.5100506345299243,0.8702011136412866,0.9910406260277673,-3.6056016107032405,-1.7651737956950435,0
-2.276426287369984,-0.5479640593064297,0.5331394724189907,-0.8200525226499586,-0.9307520819498822,-0.1583142258250511,-0.5683056243641909,-0.3147473815613944,-0.7786888678787476,-0.394565108678802,0.40777677177438143,-0.820031541510439,1.1811447342731123,-0.5172607085897064,0.6941933834208394,0.8193862164678267,-1.0574204212561908,-0.5510250841230426,-3.2184944058698166,-0.7885324699875285,-1.2108103931552554,0.7723022727829248,-0.362477047335944,-2.7943716961830294,-0.06593265071095866,0
-0.5049745124181411,0.07470824671840677,0.807788503404633,0.24558099737115513,1.1541265829623468,-0.9999441665829437,0.45164184447865585,1.0920438867142277,0.2118891389427633,-0.5347412666920015,-1.560182564725702,0.3823530685681767,-0.26886761824170086,0.8058286649117683,-2.570033307177656,0.8585160038851967,0.27561654973509453,0.16676741498253816,-0.16763770255821941,-2.0548135600164033,-0.5312596384885856,-1.7589896674998804,0.23597012464456352,-1.26362214332534,0.00732769614284956,1
0.04984508666684201,-0.1510428691475269,-0.7128387088264325,-0.06198022636430993,0.672395316522655,-0.01142922639047117,1.0992027780008011,2.0258799484463204,-0.5234126471244712,-0.8536144387066427,2.9043485056159892,0.014786824005338595,0.5048781047455687,-1.7043185138052563,-0.9175946782459945,1.4099899686588995,-1.3447468872768935,-0.18235779082266698,-1.644582014061088,1.4513041171522971,0.7070050444396989,1.691493426922857,-0.1975874197899961,-1.2677264358599913,-0.5436563211012183,0
4.222692801691403,-0.040595982589527,1.0472491700254154,-1.8519394572472865,0.3953095309750178,1.1111608044113497,0.9511393598068956,2.1824720449448827,-0.9950243502667881,-2.225416485968978,-1.976709171230129,-1.674846061251558,-0.726249277880869,0.7252928495722892,-1.2912175159167973,-1.1494553165385328,0.16293613090753786,-0.6848314209682576,0.3332693507852438,2.2252337684536783,-0.844199150675462,1.7668471139719752,0.5736214774385975,-0.7062283131627126,-1.2979220590971179,0
-2.6119605352155864,-2.415056851510148,-0.3191486015231322,-0.8148647332514756,-0.7764887158002307,-0.49282857026827265,0.7355654005551036,0.5415149928205093,-0.27840272830230967,-0.3940530666700134,-0.7465453569887281,0.5891934854533614,-0.7261884425043312,-0.23630429792705016,-0.11605213088156706,0.5833080991562833,3.8076119653224483,0.7538031610796536,0.23904811961178007,0.5206935329117757,1.0423729982425276,-0.6790834087967994,-0.623700682081301,-2.9999223325208457,0.9178192703043845,0
0.18365620363164525,-1.3882791559778733,1.245791522239398,0.8293985916070311,-0.1127933380167977,-0.7116293240129754,0.19681030261216315,0.17634944250864992,-1.343136003807668,-0.7282943736200618,1.9836625122175906,0.7564295080834157,1.83153454225835,-1.0338844701077985,0.03807312825647435,-1.7196900424644264,1.6955831940805153,1.0632724854800077,-1.3190246697173655,1.2130597076950043,1.203507507383407,-0.0376674764763229,0.19888669454474084,-0.8240889845104717,-1.5542115345127288,1
-1.2357160992616951,1.0168260159560323,-0.40296847423528137,-2.8165593077799977,1.2385264943523153,0.7835507946642136,2.2691954634247846,0.7394593069966291,1.5552669720312087,-2.382351675095999,1.654991553283859,0.3992477862318621,-0.08467336159972422,1.0269224114109843,-1.822193928360146,0.9879127125514263,0.590000258865534,-0.742994204726276,1.917130507119623,0.9237059479550056,-0.8645747879826718,1.4719825248490717,-0.05479094817413699,1.589411609538954,0.26705490416086874,1
0.4730852514196173,1.8688696402963432,1.5530071544513495,-2.1466133195296497,-1.1282151937826055,-0.22171744254422138,-0.1402491312802418,0.2392432853034579,-0.2846096833687076,1.8325218572155737,-1.1925084575183247,0.9010603630873004,-0.18704590146444697,0.555492385649458,0.23548562053900846,-1.0857483146641955,-0.4971670077268012,2.838589807508389,0.6113602395615649,1.890659680966845,-0.27923765943435713,-0.19708941896654822,-3.0386463848427407,0.048198299572773995,-0.9497585915882882,0
2.0761071797229556,1.7476903096347414,0.8501131752174304,0.5125519699815101,1.561564159843638,0.5147461966522017,0.7709453379173121,-1.9368095119975022,1.5626458333532738,-0.6113648209258884,-0.3163819763488825,-1.574314697596417,-1.7925696883181987,0.2197142519847426,0.41046744971637883,-1.6089505734813638,-2.655493980341596,2.037948912182982,0.4461270463750772,-1.788160739997361,-1.2691324512489377,-0.6322658512030885,0.8850259617457679,-0.9657833634674882,-0.05958746689101546,1
-0.15174882729109562,2.6137050979268395,0.6195803097686496,0.8229166766376282,-2.29626017141164,-0.0077316823152713265,-0.8458767891312122,0.24756764203466897,-0.895367695399405,-0.11111107185686342,1.7419045132996391,0.784505490770264,-0.008495542764700548,-0.8415916053826988,1.5977074173742545,0.4242689900580248,0.9714370905370096,-1.1578359175185395,1.2716007649671113,-1.0319932737870037,0.3027612739915502,-0.6486432337482847,-0.8724860181569318,-0.1118995118140319,-2.0432476527921284,0
-0.14049941899755214,-0.6949381661152763,-2.2688395510468595,-1.0464234899864349,1.3039414448236664,-0.2724700356490328,-0.5448100279913286,1.566461708584266,1.3715375338393239,-2.0432889641633607,-1.0179119354478026,1.6042415867270432,-0.15453345433167665,0.7237230320698284,-0.6730745324720889,1.396590584244925,1.2154206188765915,-2.1778256948734045,2.2483196467976976,-0.6349509371234605,0.9298531102704161,0.45419775509441584,0.9420704549681878,0.9431185243099958,-1.197267907838103,1
0.9765170168398273,-0.8556706175060869,1.1897143060181636,1.6406432335682068,-0.7423183253965112,0.33336244619145794,0.7047952700622087,-2.1995854644655872,0.024041655910394977,3.0685376354646476,-1.1221994731084288,2.419999573227589,1.0964881944422893,1.2724339600558072,0.7557753559181382,-1.0193126666339472,0.17706701398037875,2.626503669724991,-2.6142852130677667,1.6123073705491187,-1.0547519574305295,1.0475774938667053,1.2076375387932654,0.4838749005157441,1.2017834238754903,0
-1.480914998684351,0.9871987273414493,-0.11536526232436972,1.3985562497779815,0.9549564569012434,-0.9457007871297823,0.005128200585762133,-0.7055566413412776,-0.6297888539061443,-0.1487353033080544,1.3103268628212272,1.2855317108637885,0.7417889786606499,0.7207371188615024,-1.8810591582645448,1.2596427833433583,1.2893893559377756,-0.017830225444638137,0.4625087219451289,-2.115795691246235,1.0167833155922437,0.567293059267134,-0.5388462620526431,0.2902054607466335,-1.3401465493307396,0
-1.8694752904709842,-1.9208897642555023,0.38160721767311667,-0.9187627833095061,-1.2948819553090922,1.1637291227193622,-0.6696134423153401,-2.213103108332649,1.555637251869415,0.06311549561499141,-1.5206567289906099,-0.367216437247991,1.0333784583408578,-0.24095963234425175,-0.6043724200866689,-0.19427700752613442,-0.10516235954907588,1.1373914902767452,-1.964488287085151,0.5409461467130762,-1.7766026037433156,-0.7992152786298247,-2.679032615753122,-0.23635333277942,1.082999566061798,1
1.2868915718046137,0.4633651746916757,0.3227512761951555,-0.5032999784906174,-2.4367718678221033,1.7557905880374993,0.574563609408585,-0.9081295658873877,0.650604359599008,0.6934981027275484,-1.5807542653906126,-0.5350089598181215,-0.06405802005253403,0.09807110658053986,1.0057296638520121,-1.4303268595528627,0.32538359450347654,-0.8895464972081875,-0.9529718312821324,-0.5861162714742548,-2.6188353317427735,-0.5653294467214399,0.43041732743851574,2.6145869384161853,1.576206484456539,1
0.6756693576034024,-1.307873803310884,-0.7326125561487585,-0.6910496671394727,0.13948166473839474,-1.0235708741404106,-1.470945547363963,0.30439945424568826,1.0778141819233686,0.21507962426886718,-0.6163179879921408,0.6122244733670573,-0.9243163306020885,-1.3327226148880582,-0.45879365338450073,-0.8058324512101444,-0.9565005552375765,1.9502720812636234,1.2376551794633297,-1.0254884126670052,-0.9217984444996201,-3.354870130543365,0.341749118745416,-1.8341912160572287,-0.06159355449204,0
1.1682681609155372,1.474921368276536,-1.140798138726789,-0.7827899047483735,-0.5727881868115294,-1.3703063893890552,-0.4198521427376645,0.31900706197136824,1.4989464352287656,-1.9999425650248273,-0.958710121162379,-1.0744263428244647,0.9592654771092389,-0.04942770184731182,0.020304345717340543,0.7389756952799125,-0.0572616973991511,0.47890640124701656,1.0632893855634316,-2.9282890239752866,-0.25494080321059,-0.38520475928465037,-0.30359078486744984,1.7158834361281907,2.2816151363541044,1
-1.5520222708259568,-2.509506986214916,-2.7987243780823743,3.001912816494961,-1.0954382410659178,0.010578181663112807,-0.23904590904596917,1.0593313937409388,-1.8928599681999994,0.685989788398627,-1.1803117965596224,0.2801787051603638,-0.9991367211503046,-1.9172819250749327,-0.3638136571480477,-0.28846533507547556,-0.8496597609355401,0.7313625036856453,-1.9619078882110497,1.4209139276294518,0.6833121494876677,0.7506603307902748,-1.333102348006233,-1.3312258766636789,-0.6837811707086775,0
-0.6254058150112967,-0.09772809015212469,-1.1254952015521211,-2.028007373589884,0.7549196413129582,0.5138395947992647,0.5282582570824395,-0.6533382840732231,1.0801431019484324,-2.030675341453793,-0.6417382895100455,-0.26903247222639365,0.36437863991658087,-0.6465111322824149,-0.1641557143875494,0.3801158677074539,1.6118656166490286,0.7532883427235904,0.9120646348216159,-0.530114244585327,1.4800651023022442,2.534804424760606,1.000848468126637,-0.9316598064206946,-1.02989291178092,1
2.4811659868095908,0.8638006296472488,-0.8273432253683113,0.8880911689055916,-0.03158111309884226,2.6640600467822404,2.5961423241902017,2.257173124788719,1.683522817408804,-0.6344873808399503,-1.762783315841769,-1.5287171648863827,-1.9421606948693388,0.42157521311895485,1.0852539609335288,-0.7288690702573263,0.07201272054201802,-1.5288754140623158,0.8822494358547601,0.5228489685297107,-1.201994971303963,-0.14235091436507308,-0.24275351342610862,-0.44166132030167565,1.0282142101421776,1
-0.08380803789501942,0.884132998122744,-1.5442972483701007,-0.2681435064966991,0.8811747540996184,-0.8272961707591364,0.3775251311459594,-1.2901658311474147,-1.7265229095250532,1.2385313122547386,-1.5428574196811482,-2.1227794208667707,0.7673537611165202,-2.2972835461255854,1.6743097851568625,2.27791681212514,-0.06278428161545979,-0.14823863186535774,-0.3802417099551638,-1.5771883090753636,1.2153243771777928,-0.8322012359811156,0.6787703447287416,1.5429535139670807,-0.31552939689252596,1
2.158711122503724,0.8549510646112166,0.26145445826854863,0.37532176577333265,-0.4805739543908408,0.5096889153152987,0.8073882994477959,-1.4768687310962398,-0.9912360163049524,-1.7520388727471152,-0.44071798075467095,-1.3811006090292142,1.468684701688745,-0.3308931188283273,0.6536815398841654,2.420829570529683,-0.34600344310629216,-1.3915531566372663,1.0138989220486945,-2.661908172437722,-0.5331735923850769,0.5354494301720372,-1.5683422773231563,2.2811068143631186,1.2699588418183207,1
1.7888012738345334,-0.14039352272565953,0.37350570565083585,1.3975873103164385,1.7580140629926746,1.5504565880459353,0.8009198582026424,1.492192495705615,1.5108292931857106,-2.5093742477082683,0.28536489354193306,0.18645439835750263,0.25288753895115534,1.32410176163912,-0.401818525448124,-0.5114965892326291,-1.7891731944328833,0.8539397145470705,-0.4709744019046208,-0.9417404290484208,0.720654298041638,-0.14881234205650395,1.0528323831598094,0.31273111917357505,0.3982533097712056,1
1.1300461191180826,0.9056669792677089,0.12657736060228697,-0.5635167648856381,1.2620143543179365,1.8081315923574142,-1.2577528067144796,-0.2087210692196404,-2.6077345786103474,-0.7192109537986977,-1.4783634924813782,-3.0716444496350697,-0.7449095895597354,-0.19851546691506772,1.8894210875243114,1.578913763400653,-0.0008095009422712796,-1.363680802033657,-0.8662094548740533,-1.5835332225996028,-1.1543186463179027,-0.045647295007401945,0.5903402594209654,2.2747671412965986,1.4911753322054668,1
2.1236429213601222,-0.39582155320142465,0.020687608991741713,-0.1701219469580545,0.17231099471288946,1.148760132991982,0.5637801838835725,-0.7693475583324022,0.2949473824728681,0.7613819458775501,0.5959514275085339,-0.3554408061539658,-0.15982111746032535,-0.9218199441357553,0.6438621352313956,-0.398393128506784,0.14006213887761382,2.0133443100340775,-0.7678444475115365,0.7636823909172834,-1.8804003440177208,-1.9922013574313344,-0.4853460088859113,-0.9345518017706618,1.869207917749576,0
-0.06692923181397603,0.6468330251075833,0.6730352344264166,1.5431142845981103,-0.5187689627564339,0.424458317312156,-0.9584196054468177,-0.9093224611113178,-2.893380909270217,1.3922313682296392,0.7081242914832517,1.4428280737132422,0.5715333711623274,-1.2453342842425883,-2.940674919121833,-1.5053972171486658,0.47602373614830673,1.6253550690912342,0.7970876885014736,2.105854020199831,-0.7067684904155397,-0.42974752571967323,-2.3557233161105,-2.8017722439750052,-1.7763782404742028,0
-1.5934742665205195,-0.7647759962493228,0.10125000616232216,1.893296387118345,-1.6848611991122464,0.9014095311446656,-1.0981919850133042,-0.12076462780327601,-0.3237761059227354,-1.4223430918871756,1.957886047840132,0.23740009348820973,1.2733718963185352,0.4709642103360606,-0.09470273167919041,0.019280862230602436,0.7600728814033791,2.142562847682721,-1.928395504801468,1.2649465230580155,1.7369981347585441,2.183100887872742,1.1521400340490533,-1.2732782970864909,0.4254218109855233,1
1.2218044772624213,1.364993803032402,2.517216681636002,0.28020356536899793,0.04851283291000549,0.6020284735928378,1.1426005602260534,-1.0009754349744355,1.5523637444605711,-0.10834439041027621,-2.2912688949630264,0.042932164183430266,-1.992256883811511,3.1479722864650745,-0.5954845209859534,0.5589515148313522,-1.2417264340774898,-1.5095665595176941,0.4060899959985656,-2.3056813732347403,-0.9409002324068043,1.1554226712272844,0.20004569775491787,2.779436741227042,2.0598752481816747,1
-0.710475796594861,2.781824068819611,2.3592210744051845,-2.579347163877065,0.2833785588087925,2.9262249687069213,-0.3795630795609862,0.5657919040233748,-0.10603369237471849,-0.5330368797841396,0.12836629513050102,1.3407734061107144,-1.5996000550407712,1.1702021991253009,2.644074660963306,0.3098764683844979,-2.338242675532926,0.3949523828666983,0.6744224489060533,-2.54996218831248,1.0103397120246744,-1.5671604033116018,2.0856089733836276,0.46628475714663487,1.490135668939681,1
-0.8066501129961857,-1.1056047327994842,0.4656445224272299,-1.302648447258868,-0.21160569550003772,0.014132287084146933,-1.8206399585881732,1.0630328641144384,-0.344455998798018,-3.718624878334024,1.302845824737636,-0.7312342220935973,0.11994991380859876,-1.8994198960535889,-0.3594830174611985,0.12401192065023099,2.199993192141915,0.03298262010591402,0.015588368471934344,0.4744577175622738,-1.6988822453985912,-0.70417599999691,1.272534147714967,-0.4678358994024428,-0.04747576076485277,0
1.9086617699528705,0.949169134952668,-2.4713626490786487,0.9414460688323824,1.1184576282050043,1.0320598527961877,-0.2991720969317268,1.1766719375610677,1.646341921625733,-1.5578850025187412,1.4297199841960597,0.9435331832314909,2.335528210803584,-1.0744741946999818,-0.8258173444755793,-0.09584367191060883,-0.03464688520065417,-1.0803255843100072,1.1105302022423953,0.2794680500829173,-0.25814310542580654,1.4773252879656358,-0.4023659082073009,0.36409962626386894,-1.4092554697093402,1
1.1231232536491655,-3.7644747086654853,-0.22803421446607697,-0.796283764363093,0.13442966715313298,0.6032833607352246,-0.41884477856622887,-1.977231425933724,-1.875233640888774,0.012930487131190938,-0.192081824142642,2.2999388732692605,0.7159410232192356,0.7212819578324692,-0.6569842077898193,-0.6986835905575242,0.8306894433599235,1.3474624275007903,-1.6360461276062366,1.280547863234086,0.07680624458571084,-1.3110371877610902,-0.2896321798202107,-1.1167175739348632,-0.6344188990177412,0
-0.7164058791717999,0.5676114130936387,0.7687907134202774,-0.877118448981681,-0.37248706366624273,-0.5114080704043129,0.031045563658853026,-2.170717462266396,0.46494695898180644,-0.4740970001831686,0.9236500760742706,0.9344226894515381,2.089491474173136,1.6072510348870352,0.28648226769190954,0.9134640446076416,2.5128107495019085,0.7690442752839819,0.3595000474516197,0.1681180045972146,-0.7699808775015291,-0.45223444029161797,0.14593510769930207,0.9947687671136862,0.8854704831438267,1
0.16818358013803536,0.15634483874088057,-0.23568955276380454,0.8472637913037258,-0.19496553828124974,-1.4609109946004342,-2.4717080566733776,0.22827996550848315,1.590115593834967,0.03136387033558968,-1.0340811562264052,0.49480640007182275,-1.089092446134794,1.0234386582314323,2.124403398750689,0.6153066636920339,-1.1759350201092944,-0.7067416231632558,1.784087132576243,1.6383159563047407,0.9600037549125676,0.08420299231619716,-0.8493922826867499,0.0761293247059508,-1.268173913020848,0
-0.20504569555212274,0.2495535272180096,1.2638635387200234,-0.04440601337775674,0.6055638215320465,0.4448945517315675,0.4961169966504367,-0.603593153098868,0.6151142629623481,-0.46061694664141084,1.526753289830811,2.169736850155057,-1.370827418881662,-0.1452526278835785,1.3729579956148694,-2.126095584402917,0.7631442812770066,1.686579105489722,-1.2234468347814471,1.1786529804373544,-0.4043567765940633,-0.5971514994775983,-0.00970446949491316,-0.017378258210592634,-0.9210496719083936,0
0.5146991607595647,0.755724001519542,-0.41592153011127586,0.6515853236874218,-0.7715918759706007,0.30399734041008314,1.5642146228181737,-1.0863197817597452,-0.02477008217491175,-1.5162616427300382,0.4006332560595547,0.949391526151447,0.6713736247576653,-1.4454612415637196,-1.2636515673917659,0.4318282461577768,-3.237971138594192,-0.7212181245698832,-1.2360723597664793,-0.9020314757333991,-2.50945810423234,-0.7449923363348039,0.329645960031923,-1.0537297994060237,1.4178928205920818,1
-0.27807682344416607,0.44544018517991074,-0.8817391470578138,1.286258944964826,-0.9197221957173698,0.7068704793620139,0.9108177206521764,-1.5652019045638186,-0.0835509343455453,1.3155046958713188,-0.10733932292695661,1.7428611785800294,0.6146289459481578,-0.17753430429161585,-1.4047118600241308,-1.5136811864451545,-1.9973042527568128,-1.2831196936681684,-2.438005242181666,0.0868138323066968,-1.258136747603546,-1.2376709206084184,-0.5736124003476816,-2.716485105597277,-0.2626847965472717,0
1.1820434105793416,-0.5781351193729126,-0.9929784184939344,0.2933045432576965,-2.1454162089942677,-0.32382048301531946,2.5063813677851545,1.2745010569525905,-2.6717910651928145,0.1842978554280883,1.0622282238747478,0.39389720980312926,2.8062199894602906,-1.9408185537692562,-0.08363777368256053,-0.5767478100098429,-0.2266590871216393,-1.400891351284062,-0.5797979326775019,1.3438644674579108,0.7551319705313355,0.3443628737967121,-0.7164036350580846,0.08156713741197241,0.9623589739515868,0
-2.8513893048942855,1.423337344222294,-0.7843842848567908,-1.2672427409819949,-0.4790401196356609,-3.035913348781314,1.53545068124766,-0.8029091483314172,-1.9777649369408625,1.8884227074295663,-1.3149100840451926,2.2810633821311193,1.9742220705051976,-2.153504920490916,-1.147774986142938,-0.8322958142865291,-0.4759375648591111,2.8235995750248044,-0.9956549177336166,0.31259039549035733,1.707336537789878,-0.2440769773503073,-1.082050699582494,0.5665971217743714,-0.2853253715150021,1
-0.17411933353526576,0.7171273442691875,-1.2778637854248514,-1.282115982699719,0.8054317788383276,1.6485860196139765,-0.6730872809416966,-0.7394290650696956,0.35809572563594627,-0.47123897856070235,0.9618363214677959,-1.0156406983432706,-1.6845221121287228,-0.39461561301898385,-0.8139307968367648,0.1991532348606958,-1.9083531905726132,-1.5166098473666088,1.5676978675840174,-1.1917654519800815,-0.022233044179224788,0.5147997187914624,-0.17919249586283448,-0.2553431221584472,1.192759962324402,1
-1.9814775058111467,0.7491964992403791,1.1112914978891633,1.7254056065488244,-1.082233980407331,-0.9212934623777903,0.4307137278187903,1.4878810902296546,0.8858840326262709,0.030183067718716705,-2.358903802035714,0.3981188600205562,-0.6172469113521272,-1.6650231829741873,-1.3928261949362024,0.6403472139652822,-0.7566659182607712,1.1452334444802759,0.1685137800199542,1.1768055278398166,0.25385163838928526,-2.052021554999259,-0.32554379584615867,-2.848714159888527,-1.6220443405357392,0
0.02153763069240011,0.7044027119049066,1.1457003547545195,1.111480101698264,-0.15025444283281297,-0.674954108889937,-0.9993379154389617,-0.7675290614886329,1.1826574437962107,2.3800650505439878,0.7741416808051632,-0.7036315406661399,0.4049445935680328,-0.5651994989516842,-1.6206047068945213,-0.3963619958503267,-0.7442268335772532,0.4482025399230713,0.04818197735207286,-1.4425547753091201,0.5170899565517054,-1.4441097252335067,-0.4456576367377746,2.000285846802677,-0.64395842438825,0
-0.997724675507626,1.1216592213398464,0.025389926118818962,3.1603732356476812,-0.04919515739167113,-0.7933683003123528,-0.23148737076174974,-0.5150760215541991,1.5476263275140432,0.6326550965247957,-0.5573608486996806,0.4809922329893414,0.16456024914093137,-0.4222898866561835,-1.2455208938449396,-0.480713194609814,-0.4941961281462264,0.10246403492443323,0.16714075256173883,1.182482143285247,-0.1541608113393933,1.0281944770537423,-2.729887465445551,2.1977595061904354,-1.9513574515442187,1
-0.4337513036559492,-0.7073818984552929,-0.3040986619024896,1.6958570989616217,0.21558759564054175,2.583779187963074,-5.276163538004044,-1.5928129536444888,0.5616632687179288,-1.259177504636691,-2.5446811122714355,-1.0956435246426066,-1.219834533315764,-0.5992240209979756,0.10277669657344368,-0.03203550333316895,0.35284541622244425,0.6034893139817782,0.3240112644792857,-1.1746034341913145,-1.1352968092755218,-0.24578286768714036,0.8411409795344956,-2.003541270934948,0.5538445547739193,0
-2.4926775250663877,-0.6601456563918376,-0.20137668355027782,1.579809929180553,0.4749995588808661,-0.5661551704375862,-0.7135954225060046,0.10987377970683432,-1.1282666226758749,1.190505242977333,0.04530629629020316,0.3761932460504237,-0.5095157469789307,0.13750920528435562,-0.36089548480287587,-1.6501604386312971,-0.9437057903309154,2.122916330159677,1.3101091968347909,0.3741042884156758,-0.39308127240285523,0.30950682652409556,-1.6731010796670125,-1.9235206554080138,0.2493143513665017,0
-0.6478960473933872,0.749542113709733,0.9711774335796822,1.7298582299248255,-1.0358721984806727,0.8894226971053756,-0.8039900571618441,0.4165495197885346,1.8813347236789482,0.6264201105857252,-0.7724305760612322,-1.358022624943479,1.7294335217957426,2.094376819335264,1.0470734586642543,-2.2569858634141933,-0.19724695214981616,-0.06722601074692924,-0.7880172312994949,-0.26747577426200286,-1.027289655661732,-3.244124096623465,-0.8249842064068516,0.46137135465936485,-0.5951085758517004,0
-0.43443433187139857,-0.9631083841572724,0.04684207986965294,-0.6116676469945508,-0.24787474052053832,3.3179929345901478,-1.1315120094803603,-0.10233715518948305,1.811597971672911,-0.0651652729771297,-1.7082260852297781,-1.0962237774776704,-1.0492101321352632,1.264035596130871,-0.861648169558001,0.2127114073109334,0.04251772418786548,-0.9584230189714809,-0.40164984774083934,0.09146944101517607,-1.3673772511082771,-3.05425016613843,-0.6452730864119794,2.863451885672201,-0.3413551815863912,1
0.3471808987652636,3.16057012309091,-1.1656003700849218,-1.3516326354708188,-1.0182763578977532,0.5463158730417139,-0.46820796413783194,1.296492583709657,1.2819818043876616,0.7488693696655242,1.9522782649965804,-0.8889489694862629,-1.6844512220414463,-0.5265747020879843,2.7388473542857747,0.47571063978193295,0.3859342212988741,-2.48900837773625,1.927015527236346,-0.4618648263268189,-0.558588151112049,1.4603555976783158,1.383103232303737,-1.5306065087781584,1.4445929917640448,1
0.6537317998466802,-1.846224665166432,0.019725291994645455,-1.2309313107551663,2.3889640020652565,1.2915123975739782,-0.9779008403354958,0.8783720117502036,1.0597547321157652,0.8492676863009669,0.5697601033888141,1.257768093291468,-1.5245706854377343,-0.3143693661830548,0.8040079956461263,-0.5573823018223928,0.741110920191639,-0.9349496745442836,0.21603607966066785,0.07735885384489666,0.7938379369714486,1.8866180688010683,-0.6212501157891598,-1.4251090103418298,0.8656939220666071,0
1.004666033983758,1.6200835644900762,1.2476211950807259,0.5700157096813606,-0.4463365210300947,-1.4066584880016806,0.8604131060799574,0.6759671577557387,0.4029428503314414,-1.425471641206149,-0.29445897511393004,-2.227521527632185,0.3713326429344881,0.8264911381990284,0.22967356089698643,0.5110625228130271,-0.7388090456302889,1.710088464797409,0.3201252614199189,-0.5003941820882469,2.051374039918487,1.639599062540196,0.6767743148098856,-0.4090819925843311,1.2767625328293475,1
1.5913409963558571,-0.08081278324551455,1.6839913707234158,-1.3546610037179474,1.487306410920015,-0.5405318519739619,-0.8846938276256304,1.7329831045174762,2.0404664902046568,-2.3827317212421057,1.7243050872794465,-0.23990070012350284,-2.2808770821000395,-0.42300196754020325,2.069871630989249,-1.3449799303502243,-0.9714470355014921,0.4454283142321619,3.172712393145704,-1.5872570650570654,0.8922464777623889,2.2301805543704813,0.3954107142687695,-0.387110080727914,-0.7407861648056486,0
1.1157222883699054,1.022071514994534,-0.8827625384774975,-1.5329503571910816,1.2549459378949797,-1.030304066064144,0.541259987722984,-0.19983242076566526,0.9548058442781335,0.23554881015384677,0.5514442085494302,0.014102371419880688,-0.6893935301896027,2.588769436844319,-0.5494005748441761,2.861962399726625,-2.078980497706764,-1.2353982714784122,0.743060437017992,-1.0882213658371174,-2.7174699350347664,1.5098427665487288,0.3948804160306419,2.294752158100609,0.3011548103408953,1
1.362094124562324,1.4138845101790123,-0.32095364080238487,0.9447753778019288,0.6569373696076802,0.6944601158220555,1.8579743801330968,2.3045240410913372,3.3517443370037525,-0.2633950985550061,-2.051007662727591,-2.358655097344581,-0.5487627080142576,0.30950330042888874,0.9978662363958217,-1.0030197404455663,-2.730825615622737,-0.23552365862052077,1.3992728226864972,-1.108541426588318,-1.4249720931963883,-1.7959202227332587,0.7505505037435758,0.6242203584179735,0.6850505991188411,1
0.5047297729741349,1.4537306036079838,-0.032501559048069284,-3.7085717203451307,1.7611323903465044,-0.2863309815866497,-1.5319777739702747,1.2490649640409761,-1.3611233819457553,-1.4774524022410607,0.6509490437452411,0.6642339662470054,1.9599229152274695,-0.4697168511072452,0.6480641324918388,0.4977741118634206,-0.6018557795119713,-3.3989664744563717,1.9208386889307691,0.8276847005321342,1.4847692129111685,0.9083095672371281,0.9866526189747524,-0.751688929486221,0.9231045399176332,1
1.9999083393808812,1.6789002450388473,-0.9275054653686479,-0.13153225901621168,0.48904052856842695,0.005732963596265683,-0.41186394344229516,0.7697499791594904,-1.2944347182625222,0.2670707660907528,0.24853477665084595,-0.7766145647221445,-0.42201461462123596,-0.6069443738058627,1.439861012991027,2.26477964369411,-1.605148397294176,-1.1904788132112385,-0.013391555726046223,-0.647072829933093,0.8710675201033252,2.418602224541953,2.319402994432859,-1.721871498454797,-0.11383367219277463,0
-0.45659702895619103,2.0679618828825808,1.1607513077789233,-0.3319685278673259,-2.712153978587105,0.29503255618343255,0.907845031369867,0.40191995172445505,0.19020997632446074,-0.27199346789807954,0.05203155389334868,-0.943628749185718,1.2691245955144947,-0.9789213168302636,-0.5696475484393504,-0.3620525746957858,-0.9467949048667822,-2.2321004312971278,0.7261401939028616,1.1740444704571733,-1.73587482266169,1.1591936330379005,-2.4312070099517418,1.9813715551216724,0.17864800649932883,1
0.25862207728881337,-1.0404625821347604,2.988435170370702,-0.6879428543577999,-1.3785057663933404,0.5385012443974969,0.9521272294577285,-0.37556766795067176,1.4259828344000738,-2.1841065274254396,1.1551901391427437,-1.664605813467393,0.7422480416961829,0.7715411640449233,1.9643425104791883,1.8382521074582994,1.0536920537629129,-1.2163420489411594,-0.13600074459712225,-0.01237146239933462,0.5426722995843105,-0.12796470581857167,-0.46176275141015977,0.04969578204725433,1.1059318265995508,0
-0.8566648891716342,-0.8187463574044024,0.49882912733761076,0.6329615244734088,0.9404487254830287,0.19170926213708867,0.04088577710915786,-0.07084705681430548,-2.133851934842928,0.9154706367912433,0.23370832428875576,-0.3154176342463024,1.030586778234904,-1.6715177138665007,-0.3650587137049515,-0.4956979067720799,-1.8748356446767294,-0.19835679307263454,-1.9083183691627603,0.4867489362858684,0.26552951026170135,-2.3788595039103946,-1.718434622437974,-0.6108657209005608,0.3404183657420691,0
2.012273309653672,0.04747708153965399,-0.20713773483129852,-0.059340042472799115,1.438363744022524,1.8123768677464827,-1.7818985840742363,1.4706641344323648,1.0558693911063053,0.33606048480518447,-2.8235638200350746,-0.9564527004727108,0.4412720795142358,1.6467112836456836,1.9058205495275558,-2.0276865008628335,-1.2422780035839074,-0.2292332620180294,0.13308910364717796,-1.7039505433986286,-0.8492785538979335,0.40722574175610254,1.261189076834444,-0.205032251738352,-0.7147607771682852,1
0.31708939872197306,-1.634621576607882,2.0185576144438793,0.3720755236187645,0.20217470210941202,-0.4013209194970288,2.923156727119575,0.44035524062554543,1.2178679915889978,-0.5756076930726013,-0.22508725176135344,0.6274427212105593,-1.2137588176951404,0.7746901971400306,1.128505793121388,-1.5413919934776075,-0.7749820185986275,2.079997811272715,-0.3910465413615356,0.4940189142531524,-0.46300043639617505,-1.837955006765637,-1.5775597306845195,0.2858472421894063,0.24676452721813572,0
-0.2939090452862081,2.006564189096784,-0.7905684194654105,0.649914417215127,0.8152893590521085,0.9182841874730817,0.9526770659829287,0.9746678685718613,0.14164107401369552,-2.37694403965524,-0.15163215787828005,-0.06716442130225475,0.5167151893751561,1.9217380621636115,-1.2178402337792062,0.5929720072200256,0.008692167513322191,0.5157674441350302,2.6550055072646126,-2.397298933683822,0.5869168440431582,-0.10715413752484065,-0.026841599342064537,1.0292435132457811,2.316306857171823,1
-2.147121900311763,0.025767569943364016,0.4695547029189221,-0.4786084799668051,-0.6256801870197868,-1.7713581340647975,0.6833054139214801,-1.2659313414989448,0.7595385314919192,0.9716174238638158,-0.08175342494257065,0.5093168145418332,-0.8002276298210163,0.06351101790227953,-3.6585974631553286,0.7506761430020382,-0.9108404271662323,-0.4856432800405055,-0.5406956732551562,-0.6002643089706957,-1.2610686215736588,-0.9931612007237196,0.9385952479926455,-0.32346094885914634,-1.9047839561084061,0
1.6781400663284112,-2.137750393774189,-0.017061152617674713,0.7846315107315373,0.8122835774765252,0.9579719656607083,-0.977005466201365,-0.2525917513392636,1.2673315325358727,0.21597068709116096,-2.8719001409344362,-0.033269882287304986,-1.2256510414747974,0.8655212707205275,0.6654751271275097,-1.8494833061792528,-1.948999318555503,0.7033142348318817,-1.0027122906464339,-0.8726612657170345,-0.8075601024594621,0.45907271612136474,0.3705665022144271,-1.5369888327320058,-0.6966239827960248,0
2.903141331025128,-0.7928151406886299,-1.365904506775622,-0.7805028369382268,1.0736361079355252,-0.2304876370763238,-0.013364630794670429,1.8605779982378938,0.6997602696891332,-0.03439742680881874,-1.9221018412735766,-2.0671718236328256,0.2646983620755309,2.950157257202221,1.584320064973584,2.301706983223803,-0.9156768796902779,0.21615967902517508,-0.4081378358702126,-1.5503979122804874,0.06621080741895534,1.643411964910218,0.4733521974599365,0.7007070546677345,1.9595496380742903,1
-2.484286753637429,0.842610452655211,0.9793577429128997,0.8002790361466717,1.5828561642096166,-1.7889528462087767,0.23980774736751587,0.385619911502731,-0.3322487417902152,-0.5030740382420908,-0.38987022473726607,-0.6714502994273978,1.8160195091361195,0.32413491012899875,-1.9327938360320234,0.6843168429338579,-1.361660261094161,-0.7494164376062384,-0.639738804371081,0.18447738403247316,-0.4613096600093382,-0.185301519158873,-2.417643078046182,-1.6099409191635814,0.10052605938551606,0
-2.2175000143832033,1.6850216542766692,-0.7682984018334277,-0.395772137338828,0.15603933634114825,0.45614367247478915,-1.6445032555818575,-1.7718056252755217,-0.8890667931038432,1.7310838746787336,-0.7688984725664251,0.22433510160333262,0.4284963799766634,-0.4770163355138956,-0.37270837130089407,1.4148683024486928,-0.3970389161591944,0.8422726715289962,-0.8787408521218553,0.8991062664357996,2.1426907540456037,1.2934024990477995,-0.22455373918279053,-1.1117741959611023,0.8718491640071312,0
0.9935696305502436,-0.6970732056544572,-0.22699755581130865,-1.1610467080844822,1.1140190238086995,0.3100392456628843,-0.5234062860109937,-0.2735157737264828,0.052568399813279765,0.725874183928721,-0.14968213660401752,-0.9541463329500932,-0.6705857007780665,0.3355842956237376,0.07216490814782828,-0.2572436288929731,1.9315562938374347,2.770255741308862,-2.332366992654716,0.6188109852537775,-0.5924980009808789,1.399227647816029,-0.12253229440708882,-1.5954833378186475,0.9787146961842201,0
1.6408614122174803,-0.9705871818396437,-1.056669580413362,0.5642952508399743,0.17610656826513102,-0.5666925721669624,0.4446762831219258,2.1262011998343024,0.7086037104868999,-0.7700701417196159,1.9539827323097037,-0.6180510797726451,1.1207267631190871,0.9923579122252741,0.30750015777625045,-1.03086828404269,-2.502170050620755,-0.5865171475651876,0.5622067522990704,-2.061220975905641,-0.9827720040987606,-0.38082272164174225,-1.0199614653583207,-0.0014498097919316555,-1.1753711561187388,1
-1.0074554972238967,0.18839075019784168,1.121079240021451,-1.3025661850310115,-2.041647438579808,0.38725238798450334,1.2933316324130417,-1.334486209012454,1.642130807886025,-0.37407789485044307,1.4905779292590897,1.7806114123503145,-1.4279965131629908,0.20664046199912084,-0.49123448657156893,-1.639967811489426,2.062135604524438,0.3099830155265625,1.248684434924039,-1.8603068958480495,-0.9308936357308164,-0.027098142823422156,-0.8596781997431064,1.7727396918296883,-0.22143560542288354,0
-1.4976447894249847,1.5914899498408812,0.2854613371769908,-0.11284092136904658,0.03245175810796791,1.7137032853933731,0.6036147414850468,-2.975381801834054,1.314780250454579,-2.441179042264676,-0.2774145563157785,-0.7594403126353172,-0.2036068800148978,-1.1581304182257766,0.22423331599640528,1.5346200710657723,1.4222607677984924,-1.9319562278170963,-0.786239510105319,-2.3166882132716253,-1.1291557570232347,0.7776549631738188,1.5923090442866341,-0.6912040134209987,-0.0827640175408435,1
-1.715183779136411,-0.22458119011030198,-0.2838936780875443,-0.4813012951171975,0.9961907636582982,0.26730352467238505,1.6666143694012079,1.1611608804841704,-1.63644261985608,0.07619230292550494,-0.5336700904768392,-2.752632348718679,-1.3943823454180988,-0.4518005049798419,0.8081324202361424,1.5612131417155704,-1.4967714328240858,-1.0608489532979593,1.6148906009160937,0.21205696049767245,0.5262881395555585,-0.0616390452374902,-0.5319740360437009,0.7039728477877023,1.5364405303199435,1
2.0012898077935226,-1.1066648085845059,-0.47050294861408815,1.9927720825361455,-2.6198789894217174,-0.4075480213278375,2.794142026011995,0.985317993368962,1.087693143891042,-0.449767865287572,1.164215806600462,2.0721798180251607,0.9223306195991952,1.1074056057513297,0.95558183856399,0.013474827069862194,0.8909797807825206,1.045240530427628,1.126360104614198,0.03305779186872215,1.650144245199466,1.732595585178723,1.3378990685977543,1.516276402555413,-0.014070374658323281,1
0.4810765095886713,2.2128213984481726,-0.8011522187236673,-0.2953593043968423,0.4482440795136201,-1.9724272661606905,0.007774300965868286,0.29887306666023994,1.4561817239608825,-0.8392356889925982,2.4698628599275536,0.3364757026133304,0.6073593020673023,0.5973894441742271,0.035277221401139036,0.7474420959826362,0.010792296010295875,-1.469376384257422,2.05481287596177,-0.7363130766243857,-0.28447302268193797,-0.45806992568808563,1.0953232937433333,1.319369278412556,0.33289448661432675,1
-0.691388153160866,1.3820141826852004,-1.0846571949417305,0.3901304475401879,-2.325294556603446,1.5396933008350686,1.1066524631590866,-0.43044410020900303,-0.17056824322092462,-1.2640800820806082,1.0559900947381529,-0.46396652603657274,1.4009828318060116,0.2836145924000631,0.9946972267234256,1.5148741810734245,-1.1115714318139278,0.16457065960097095,-0.9517055504295991,-3.2391440571152974,0.049082644793693675,-0.019389515084785314,1.2590335226206606,-0.35084371611097,1.241177304027798,1
-1.452827602208792,-1.3484152030246224,2.255579448327401,-1.3412215896086577,1.3998789253600123,-0.6964564460363494,-0.5449132432688417,-0.7789188281080289,-0.57404644190105,-1.3839808608290736,-0.5961365677354566,-1.9747404152318833,-0.5455134039850793,0.018887699331625984,-1.6542047701208786,-1.0541792622531008,-1.5022768234522403,0.7723800346429354,-0.18186804255184863,1.88699959345495,-0.29986059290990297,-0.14561598497815115,0.16516955060579086,-0.5506530615437641,-0.5368511171414692,1
1.1870658056127068,0.44706717283742403,0.28345832202977805,-2.2796697390158394,0.7481946178594914,1.0939357987928473,0.339333560875927,1.718519037275612,0.926105359638135,-0.13461176633136496,0.9687347612872537,-1.7804574988491497,0.5970924040733316,0.5635064834995884,0.5272826560232698,0.8328507471756341,0.1562693192159395,-2.12230997364145,-0.054628136063415655,1.1271989556404316,-0.4432061893159315,1.85033699438615,1.4742909150535333,0.5151281844567481,0.055679240069835795,1
2.287206537317136,0.3660319290249021,1.8682435408745994,0.5071462794388755,0.8523702364181439,0.5592194135832242,-0.8250879604203953,1.4633382349415718,-0.2592036621994386,-1.9315920469249797,-0.8620083070553776,-2.3325538138472632,-1.5766285182751594,1.0093888561167614,1.3870002623115787,1.4638964231362743,-1.8427493529535601,-2.226938149808812,1.1508497496561465,-1.5071542916265097,0.22525873248973083,-1.5815044617856782,-0.6264062251210345,0.32938353638001316,-1.5939381951724656,0
0.08206790212758466,0.4256495626788854,-0.7455796193668782,0.9705282204488033,0.8500667269605522,0.4214270663406344,-0.21422486577814248,0.752891655803342,-0.8979494075965475,0.8138771647857665,-0.3403075145236345,0.7821180879536211,-0.6246548306539133,-0.7374523793335168,0.32362539569523985,-0.46446309962044285,-1.289735233108445,-1.392136273463309,-0.485961468407561,-0.29242397781228535,-2.7206378476008166,-2.184276587816864,-2.639155717777673,0.41784101849643607,0.8416174087122248,1
-1.080374313210278,0.9965952107518403,1.2987470696371937,-0.8824026528596524,-1.4846328746546347,0.3455754582234216,-1.4941926920425308,-2.571325051149928,0.003996989387444527,-0.30976730743367453,-0.6025303544684011,-0.3450499119407606,0.8435688414963408,-0.9489203614393975,-0.009939775535866668,0.2812557715818448,-1.1506849189160162,-1.914260358123666,1.6026910364652562,-0.407431691388711,0.2832667338994894,-2.2663712702808883,-1.5992261736758684,0.42026409092717476,-1.0694059375827167,1
-0.5589790460014749,0.15540291355615093,-1.189676294191658,2.589177262014815,-0.5984486526905196,-0.07590141720113897,0.4376925646425437,2.04224156063774,-1.1701694325436887,-0.37621157343779454,-0.2963551907991119,0.7014358102206402,1.3927729548652357,-1.6708717725722981,0.008876032519758964,-1.065671901399094,2.611391017725691,1.343433000543473,1.2237686298565105,0.6776384095194408,0.15426557839041255,1.195470696433873,-1.1372452475325505,-1.8739183352466307,-0.2900848070174461,0
-0.02879441734402538,1.4683738009350367,-1.5224119877910647,0.42615036915382254,-0.39006287967246805,-0.54870983501703,0.43208776047573066,0.6466116060521983,-1.41084620098516,0.8549305969925103,-0.9581725988899796,1.2640632492159285,-1.6676171034303091,0.615503378354257,-0.5893505561357119,0.3375443185594319,-1.276772538778272,-0.5148786947770307,0.9393060149192689,1.4242838090724668,2.056832246170115,0.7458317058349361,0.13698520465989822,0.268931868379698,-0.3324965828677311,1
0.7963734764182897,-0.2868931106361082,-1.2479695009870608,0.6720472625627154,-2.0004699338243905,-2.0412758332224565,-0.4122194367974441,-0.056946082469256955,0.754110586147956,0.6500254443274511,-0.09828180797984623,1.2085786895132866,1.2935158597679366,-0.16454105257851592,0.937021358939259,1.353220561275898,0.9097580621923416,-0.2540759758587727,-1.2730046391342547,1.7574135252638081,0.8325679216102724,1.4644884518458068,-0.6663229834960788,0.006184938269234053,-0.7891912412585708,0
-1.496303899969598,-0.43252655227660536,-2.6878551503127146,-0.6970623970461451,3.9618301478103466,1.002024494110417,1.2336030675904444,0.52857841838875,-1.07566957810547,-0.6160592844872239,0.8011338079522127,-1.672025499234227,2.793186004266363,-0.713613802359877,0.2439008634041483,2.1063891511929125,0.8408577039595981,0.4725723702917035,-1.5850453004965699,0.19284201656101801,0.5888411318281039,0.9917432200633592,2.213515220636092,-0.9346509435369775,-0.24221378725643744,1
0.9442483775605476,-2.6121364600412074,-1.9839430269856841,0.12840180907200016,-1.7324663991189564,-2.180405139640555,0.680906667270072,0.9436370073184207,-2.268745147076456,1.8438045455551861,-0.5660534330034376,0.26297069700093,2.014746139709326,-0.21641231225071478,-0.8143499065827886,0.2222136333334848,0.830277820163899,-0.7436228990408132,1.0308114913043165,1.1936554825410481,-1.5296181859590363,1.0736127857849926,-2.210880902477452,0.6773764891970606,-2.0550617122529937,0
3.1957447982025733,1.8337058544425882,1.4665718131984855,0.28347885728359035,-0.8601739315216049,-0.37453939974118955,1.3312446306316723,1.0446114619041211,1.3320480283095486,-1.5936523492994894,-0.8894496864478538,-1.1780821771972363,-0.2139114196880647,2.3353279536021407,2.931199412478845,-0.25429521330383476,-0.6185521102018423,-1.4293721525880394,-2.0331925994183395,-0.05283931377211293,-2.3410851117334586,-0.607845931049916,0.8733964663169506,0.8912464220128182,0.6715507414080777,1
0.46439712472819417,0.4702379443698307,-0.7863719735212467,-1.2721945869744655,0.6959913577052184,-0.19436168428086675,-0.19522420333191834,0.8504865330998299,-2.211340166275189,0.2043738264194031,1.6566374276911804,-0.35080775963128713,0.9021247428187291,-1.463095369642466,1.2288644095610224,0.5249290902916005,-0.2970342835472416,2.104258623363946,-2.6664822361217424,-0.06295269802158265,1.5028898304179275,-0.6890748940642243,-1.9085489588083582,-2.273960247151932,-1.5715715207865215,0
-0.34729470523222594,-1.486950994391825,0.646896502842944,1.4035775543458877,-0.14044803973176867,-1.325014644834689,0.8704390625476264,-2.01607512636538,-0.24397541060098957,0.5524256038165599,2.1385206332988664,1.9979823763927103,0.9729978040891811,1.481598887097191,-1.7913927632793707,-1.4030855673491793,0.05425541804341069,1.8306543804789657,-0.153023838083859,-0.024806396079073867,1.2630915475411604,-0.32192343997872996,-0.3280151329483851,-0.1542762473401122,1.3596581746516296,0
-1.6651804160060437,1.0623905742188091,0.2490810415976723,0.8088130802821883,0.40284955883136264,1.2521583110264103,-0.10241797487128967,-0.08090348956089788,-1.5529724268089495,0.537409416942849,0.4737104481201666,0.17518559583415494,0.5416019648078158,0.11837848734055889,-0.7277093897686481,0.07845363283878759,1.9301915216119303,1.6438793916987628,-0.07314830325239072,-1.6999592460507926,-2.2757819353443876,-0.5878136059564971,0.4307551710307541,-0.6130139272371119,1.4844549566526193,1
-1.475291816180932,1.3042849084320403,0.8455862341192555,0.6702192419173859,-0.7635640161036963,1.074698112505315,-0.12532205838780155,0.10202742099958167,-0.6462566908435269,-1.2832228984867238,1.1562849428098894,1.5312377706964202,1.7290808282505514,-1.0194416631820256,-0.7863346315336445,0.20859395789446988,2.5704982844136968,1.21935838070706,0.3033683939511269,0.25082062540711314,-0.4754668287057827,0.4271064642231385,-0.7940197012090465,1.2729426860826611,-2.592230826329482,0
-0.3353085156014324,1.1715966640251971,-0.06417951514032837,-0.5943222921836528,-1.4449768786477009,0.7887961397134724,-0.6557697511719733,-0.3235443895347252,0.7138824405072243,0.36240029175853977,-1.8075257282082406,0.46033468423742013,1.309127416217216,-1.2099118068353527,2.3137958976003423,-0.7505265178333802,2.885707762912196,-0.2921163858612065,2.7238890207201867,1.1594482800237844,0.359706409928111,-0.3486390073404505,-0.7697453460493142,-2.244512375725149,-1.6379536530721044,0
1.0704320137656218,-1.2154849873461884,2.109425084105303,0.7856975875160879,-0.3145197276420858,0.42780174490547695,-0.8811257755384634,0.412153238499232,-0.2068541476967076,-0.12685912866593174,1.2164151467270474,0.12975525483268668,-1.4749165782238038,-0.5880027838132885,0.29077144366121926,-1.320301929084886,0.13461712479667057,1.577675477166601,0.11221416498981551,1.6260933074909016,0.5980569097990598,-0.5808545471184057,-1.3955550718970118,-0.3168484334696026,-1.0953118368052213,0
-1.4107850561772253,0.21776064369171844,0.10819083698256876,-0.24413015208475092,0.10865149999218729,-1.5928937211347958,0.8644485886613444,-0.21329466052270046,1.4870364068716104,-0.4131650857447726,-0.9563031722392533,0.05529101108840251,0.7651606166578307,-0.8485440025388827,-0.4156732189007927,1.4718862649482969,1.5340467658463162,-0.8550710369570079,-0.15189634733559437,-0.701919567531314,2.3506237600683795,-0.5669433884380322,-0.21140188533491655,-1.0393417983137105,-1.4345825304614814,0
-1.2572893526129416,0.6776049373324983,-0.7058906247021439,-0.08578138251812828,1.2646758497173773,1.651205043696762,3.544405554911577,-1.899305681974334,2.3629668464203024,-0.3585342419053019,1.30830145359218,-0.6570525600813562,0.12470030106483818,1.260364292623574,0.6012896465073563,-0.5606354685003734,-1.1502899550025314,-1.6913496731961803,-0.10443651018264766,-2.124200616572274,-0.7544114293420534,1.4622478393714406,1.6930539355759682,0.5537945341080319,-0.041567564248526034,1
-1.94925993222313,-0.3031672400604174,-1.5989608463794704,1.5963737433297351,-0.6067835526562141,-0.7869647939632676,-1.4542055731529064,-1.760041895321586,1.2434024069538088,1.2590611185712413,0.07905155055536539,1.0616976608917277,0.2386856434677167,0.7121842687049899,-2.088309165035898,-0.640475143046608,-0.43944989248975935,1.1951257944728122,-1.522587683650729,-0.5479174771648265,-0.4051749443020807,-0.18025728905432992,-1.3744433908764142,0.5737429431970416,0.12236626067478626,0
-0.11957277664842958,0.7960893790813438,-0.33123226519558285,-1.2971325470406387,2.0117723141074184,1.1924776551850773,-0.9630214754258144,1.053939930816985,1.0665875803031752,-0.13341100446878051,0.007678591947270691,-1.8192566788746936,-2.257023389493121,0.9273807948329129,-1.1854935951669503,-0.9316222224102692,-2.8583511616004995,-0.9683726696483778,0.04770778313454683,-1.2073869836505815,-0.10078286508264855,-0.28830625649995184,1.1968992305480026,0.8011284977101654,1.6070987166126387,1
0.011845352627041672,1.1582266236990235,-0.4944294443785737,-0.7158277266357782,0.6600584414178505,-0.4552181098723842,0.45124526267366966,-0.8486772427666587,-1.2570885512352807,-2.4293830509824152,0.8208828358657472,-1.2308881557857485,0.5233719315199516,2.1710465395764196,1.4199714501067449,-1.5544417844484701,-1.0932744981276457,0.29314511833069967,0.9026482690756235,1.2380745498819046,2.741900149419726,0.12453113310572617,3.282937579224006,-0.0017288493844942743,-0.18520402327129784,1
1.2160624306059935,4.11837248320078,0.6542251551953273,2.3896546373403003,0.9372195933288258,0.7998055855126238,0.6032269278710762,-1.3470008264507347,0.29925170902167486,-1.5088767604496605,0.6736525788676682,-1.0726262220522251,-0.5942191033668655,-1.1429614637539236,-1.0647204909229422,-2.6721969567121415,-0.7547277001791303,-0.6623859864580377,-0.841859861451975,0.6145472542401861,0.6327264323235106,-2.71361622579622,-1.6141435845488625,0.8549893989998123,1.0545261656833107,0
0.7634658432927789,-0.03276083501416627,2.1664465452884034,0.6596047679417516,1.0876795649847195,0.7767596683179282,-2.0695947490085254,0.4893443188369276,1.458705371604204,-0.8568324534739183,1.0549537426929383,0.9660640367517245,-2.7979832243489327,0.7337154707393998,0.0780634426393283,1.0246139577647253,0.6490466857496356,1.409305240301186,-0.1305977671252166,0.9437764700005062,0.39682025574316493,-1.8207880968571502,-0.08843789829285639,-0.8772374639252619,-0.07282637254434982,0
0.7811015529916772,-1.1600603072537088,-0.5791334802391739,-0.5810783653292132,0.6728092094424276,-0.919328453199421,-1.0205971522921438,0.02885584723735196,-0.5325125586193113,-1.3925703760529666,-0.7736250183886815,0.6628914447332102,-1.9170607265225241,0.5930821055261046,-1.4909839734110684,-2.9763714036184985,0.4699986760592706,1.0182016052438132,-0.7855569524256721,-1.5616077896883627,-3.085387686468318,-1.1714277660619565,-1.342861664359587,-1.5905313290073797,-0.17420960758927267,0
0.4105642790385224,-1.603350901471934,0.5932445237892794,0.687003555907443,1.7854409586622957,-0.3795857284971503,-1.1428347860337014,-0.7097959131903508,3.1539523494348605,-0.5783830972633822,-1.1473679925283418,0.4773981549536308,-1.4440542020796339,0.7175781532108468,-1.6121686735561596,-0.7083887061603737,-0.4067327076725514,1.8436657136769625,0.4027885014361181,0.27408126264051674,-1.5924069936172591,-0.7383171463196466,-1.189826411172546,0.0565762655842284,-0.2936426279997966,0
-0.2530444620509308,-1.5325693490080958,0.9941873520774765,2.514243964409623,2.2069506048263023,0.23196773013288097,-0.599695577252314,-1.6210769072286482,1.321926828954289,1.7977703115813366,-2.5890806886230457,-1.3136432375209046,-2.0596612543400132,-0.1997193053687119,-0.6586203505680968,0.0790407155940781,0.2988987442591324,-1.0412796135267395,-1.4528302359335878,0.16013385863630697,-0.8552732770660789,0.7504768793841734,0.10352701509980511,0.9783138649185817,-2.9298003341475303,0
2.288618828040089,0.9445864905389418,-1.08471579566039,-0.9736430228590083,0.1682597401067768,0.6234453289046291,1.5359306925515004,0.7392812315033859,-0.9513728485109508,-0.36090862903096266,-0.003615828185222214,-1.4888138794390664,0.8155902295372321,0.449008212934904,1.5064565987954823,0.714807662384667,-0.8405273955356997,-0.21213977213219362,0.6518425963800466,2.145119061541597,1.0598997976834246,1.7420876093382878,0.5489505008188101,0.9247442950366922,0.1117708693730155,1
1.2352278773928738,0.496995897352263,-0.29168519532226106,-1.4082856568522004,1.4167115773696723,-1.2798539843965433,-0.7552167795964315,1.7359925339904505,-0.7044993042930542,-0.4519572947769501,-0.24324165064713923,-2.3663424368427117,-0.22281182313539982,2.1606575759903164,0.3912043175018209,1.3574177646672791,0.5125204649212309,-2.4849278322128594,1.7713330238970793,-1.1160931158140803,1.3479058297864546,0.2623414256373388,1.7753658055205355,4.013224744624658,-0.014543577007330999,1
-0.23487974880778661,0.6382253072875281,1.1978082196788642,1.264702957815143,2.268127990877648,0.5764901056937304,-0.6032492683815258,-0.805818223318075,-0.05783872843562121,-0.7034165476049398,0.9011041389205665,0.844304332456217,-1.7684232233620545,0.3197752601877909,0.9278317430036878,0.27079412255062624,-0.296659213778381,-2.2369463651910646,-0.9397241313221467,0.2933465845083899,0.8689808807974195,-0.6583770222157617,0.9254714066281952,1.1895659603245932,1.1111737463391151,1
-0.8257924843869899,-0.2982876428973311,-0.8328045219251312,0.13076193038497258,0.5494146684779762,-0.4177704626911869,-0.8352364623829276,0.008778031269529252,-0.8378446222164928,0.8674797710550386,-1.4885139093116337,0.9466200913746305,0.7682377064870729,1.0478373293088965,-0.7241119644204307,0.7001958803453794,-1.0542848371869298,0.9937922650228618,-0.7939789758872543,0.2660936453939562,0.7370918324292036,-0.09594125870603826,-0.41744170393243046,-0.6253945921924787,-0.7303448398150343,1
-0.7045298838883058,-0.11554652500339033,-1.6358178921556452,3.3588768621879392,0.47032897488775005,-0.16627952610536445,-0.4107188449823253,0.2882256806111474,-1.240359691921863,0.7852683114980356,0.1789377807266419,1.2056315648304827,2.6472849915390677,-1.3266294996045458,0.5888906789495969,0.5504843617545283,-0.11644457330106284,3.328996467479932,0.301533088376282,-1.0762884828014805,-0.08327335983450534,-1.2324614093269828,-1.7304775967134312,-0.9940686954663476,-0.42119115947455943,0
-0.43773999132261177,0.024200712036691607,0.05790611768353958,0.19003837361410236,1.7816582259307985,-1.0962199045628225,0.0883549492713282,1.2627145830552104,0.7973371608918035,-0.08512080677516587,-0.6687659712172428,0.2655374997246178,1.1062627035224777,0.4845216027065523,-0.1569424748007578,1.841978638054664,1.403592528939794,-0.2944785164017337,1.0166507581907276,-0.8702498509112657,0.2660347480364692,-1.7684081753948633,-0.47409821743799435,0.4107242350135173,-0.19334736448146073,0
-1.5398088999831097,1.1239579021569734,0.6624146327912959,0.2371473822343223,1.1695007740412924,1.4086485799115467,-1.3384308647929448,0.4846870950624702,-0.16093780365389265,-0.9748882801255262,0.3546120737110583,-1.7246136951604445,-0.9885770004058358,1.5208257555570923,0.002237112534641872,-0.3106270603091583,-0.6340796453646698,0.5684054615852275,0.2096595970639128,-2.4787811065495298,-1.1276052286412401,0.3927294094038938,-0.8616104891348163,-0.2991974030618606,-0.1239386385010236,1
1.3647292000604851,0.15721852281155402,-1.018747673910081,-0.7974673373296911,-1.381794648134506,-0.46291637701548005,-0.3465156688460234,-1.5987525554991067,-0.16726577585702013,1.9084951762858555,0.5174525307100926,0.4967092907608514,2.023779839984697,-0.48881987765803236,0.07113713371972527,1.1070224888485907,-0.6900214750831066,2.1692350829200358,0.1457020159600924,0.9201422524629249,1.2593102750686067,-0.8390283431598815,-1.6021508812580043,-0.1849747219193123,-0.4151544370121567,0
-2.256088820661466,-0.8366883826720297,-1.2063111690202486,-0.21169372961792673,-1.24904187632097,0.19843938760192537,0.03455161713323909,-1.2302291607910159,-0.17161971402292997,0.6996290481833811,-0.01650819236483006,-1.0379034859677332,-0.6477942353701679,-1.1950362791978493,-1.3296911384679873,-0.19777035990338737,1.4568165315835282,1.2752653058479493,-0.23194837328582513,0.5446450365226106,-1.4772677228357378,0.17953052695613309,-1.244795398650796,-1.0411484632689427,-0.3364093920910255,0
-2.3405359573856703,0.07183416549785926,-1.376462433277475,-1.2741606555034257,-1.2805462190995216,-1.9139586219615223,-0.2627305473911241,1.6883400744090176,1.109760286080302,0.3745702073316127,-0.1499820813871697,1.9969967926606214,1.678612660875146,-1.878957182227405,0.12239614626787532,0.5835685700326259,2.101650098983618,3.385343340567453,-0.3172411593722305,1.7140316489156684,0.5617454818797907,0.4025148270516438,-1.6673416892546036,-0.8821809990025772,-0.3866701750701378,0
-0.5173539994756606,1.255453517952852,-0.5008162836565013,-0.9910253254737406,2.3031942846720375,0.7301924599557241,1.4453805817275178,1.5713740590636387,-0.1862633201362484,-1.2781062984996407,1.3220283245496582,-0.16114810591804346,1.1742597843888274,0.391370738133632,-0.07600882201607703,0.3217495584767671,-1.2176213108866913,-2.131997096334325,2.1920045222580304,-0.3190152256230977,0.9600639155101106,-0.08523062822676597,0.14116154003442183,1.286488455718447,0.5273592981264886,0
1.9924608181296994,-2.4684284568792516,-0.11044536130171395,-0.5361473171465448,0.23738937867584609,0.722476620816071,-0.8398014967780967,0.9485211031728408,2.000900982546882,-1.5686540905027364,0.3084964071040677,-1.350342799350482,-1.504829659887554,0.5894898600377857,-1.8231912972247906,0.9912365652410243,-1.6684017585781383,-0.8346987340401617,-0.032572946376639655,1.2117296954274046,0.5486325314231385,1.2440104845923028,-1.1424936434515036,1.004834534853309,-1.2037504768714404,1
0.7726575286812717,-0.761812190441967,0.34831013790958465,1.0883494902439697,0.3474238892182694,-2.0648344953729567,0.3918228336266207,-0.6124179812319174,-0.23668162346432264,2.0005240967514073,0.6856102967194548,0.49268030843330923,0.4910171535267876,0.5971053398728234,-1.5769418437536427,-0.3408215418327062,1.421065912743713,-0.2628615068412647,2.000607530830369,0.06331970197360853,-1.6887678661430165,-0.4483367081105309,-2.1091074816437865,0.3368064037989449,-0.4933711307341803,1
-1.1648540770655087,-1.9587285406727941,-0.24369702329897863,-1.1655686651976036,1.6690334491189098,0.5270939639418084,-1.280334258477584,-0.08058984763298113,-1.2539533466935433,1.1474514015014172,0.5398070789618031,0.8211762826202674,-0.29589447061302154,-2.548331685959398,-2.6351322578896235,1.5150140195422992,1.362302175799056,0.7763528013043225,-0.12493307464559701,0.7781459589753513,-0.18396167358894655,0.8431253752618759,-1.671397486109071,-0.49936496156001453,-0.9861069977873752,0
0.3281433045649471,-0.3054986997259177,0.11873363496579661,-0.7717677723952089,0.422773473582006,0.4672599514089461,0.2049383644229445,0.17505399070054878,-1.6687973760804484,-0.6900001159180653,-2.0792062427217317,-0.25646195187017873,-0.2841024977193435,-0.31360360738628246,-0.2760940967734362,-0.21409400875851065,0.18583307181682185,0.07557352159656205,2.5033938540566267,0.04948486802531238,-1.0850251744506103,-0.6897980821357224,3.0473058967479196,2.0167143125817346,0.9116357100273993,1
1.2301327336702208,-2.307504242878341,2.624075416114631,1.044194275306177,0.6585609603898812,-0.14373813630235197,-2.5112515833185274,0.2846218577245919,2.51259830948554,0.5865814876686453,-1.473150919156327,0.00776508360727457,-0.2140104893606386,-1.424909855629196,0.7245382624352152,-1.390773626530545,1.4837006507508277,-0.8803852664127017,0.42893697221090266,-0.11560165765633001,-0.23398380458359067,-0.0061147265035189635,-0.831116042906679,-1.3872340876173614,0.6337326814288812,0
0.011331637193449429,1.9083315000626504,-2.333998407302324,-0.28090845772753886,-1.1046074700579673,0.641697647608415,-1.5781207088064886,-0.7106186684488647,-0.3828712798774472,-1.463567209238939,-2.4543370086430305,-0.5839991374323772,-1.1172581452258228,0.5080346041524917,0.8886426151983067,-1.3457004299625992,-0.7983500511305377,-0.4887019292290881,1.461542782480216,0.10622187206969524,-0.7232590353300765,0.41140774392814616,1.1454552066546644,0.596682216875124,-1.3494233985635513,1
-0.42563992595800626,0.05159743988650364,0.12262619353134319,-0.6881608934210591,-0.2566246405081757,0.12690678159405533,-0.5214717213195786,1.8649732713571008,1.6154709625366301,1.1087724923081188,-2.111165623129541,1.6129891853733198,-0.30988835375133683,-0.41266434973765453,0.23332368968724748,0.285212831964302,-1.5145251478359376,-1.137831166803904,-1.5945809888414635,-0.5756377073874615,0.3135355076684785,-0.6266103116466514,-0.1840395484061628,0.9573477058292541,0.3179849638677253,0
0.3719734094038031,0.29215405545973505,-2.978656342662552,-0.07091797220987911,-1.0616027483740123,0.8124523554043834,-0.5117379663986824,-1.3699219162281624,0.5060206461531812,-0.043668567353322696,0.26766003683428896,-0.9534412293139485,-0.22321496881202751,0.631492694833581,0.23733123337040962,2.0901844974169412,0.17453486314620698,-0.9606519975978682,-0.27775835418741124,-0.9959501629346785,1.0466507789253872,-0.6026522799712628,-0.6417813941112723,1.0926177788689788,0.005723443264736783,1
0.5415971450725232,-0.0659783326640756,-0.7256714144740679,-0.8988351334037423,0.009386776252852003,1.8914023114831708,0.633020674056966,-0.4202444778372458,-0.16996241961692737,-0.4747878579741185,-0.34525114488094005,0.6138875201401207,-1.9108582185801881,1.3662337418256816,-0.7713200847824327,0.4724654245747146,-0.6957462656325215,0.2230997807853764,0.22738711229596603,-0.1632330609045406,-0.2794625934360495,-0.04350724004590227,2.2496639531495357,1.7071493833870646,2.304226952220257,1
1.6948558164604908,0.22918630493412825,-0.6332493165752783,-0.9353362300155749,-0.43108273813658915,0.02082969628100062,-0.11265342519144673,0.6123640829337785,0.8393993099309689,-0.4700193887616961,1.2328999947816444,-1.1322067209582254,-2.4692195749259467,1.2987243290865949,1.4042543910530667,0.6491506789093933,1.8159047121777545,-2.2726351287826634,-0.3797403919142458,-0.34582872530084485,0.30066974410661274,0.9525100060928886,2.5352387279026347,-0.4903852857692397,1.6468799514180692,0
-0.507928173705475,1.8535732655823554,-1.4578455774698864,-0.058170927360767226,-0.8686532559779547,-1.6143723670901486,2.088913205201778,0.30020109599088307,0.36633962144505416,1.6512112367569323,0.7030564704802182,1.3785603262312078,2.2428923253016055,0.15603675538600004,1.0715192980654682,1.45586751946661,-0.9839261359059244,1.538276349048939,-2.1024832338173454,1.3942155912618994,2.420181492551566,-0.825956007173134,-1.596539574463839,0.8403631494663225,0.537401272263687,1
-0.21999510627490254,-2.243943511856548,2.5953392867325387,1.4770167775615666,-1.470683064499854,1.2310490259769233,-3.354580236007486,0.41861974121226847,-1.8017115719933519,1.6735833378858278,-0.12459381020343063,2.0375343817542766,0.2263568147234518,-0.734994199778505,-1.4249779813274266,-1.5840259995751413,1.3890556154316855,1.1759942731116164,0.03566159663596058,1.0518906084218307,-1.5308039892357388,-0.17351056993614228,-1.271242530843693,-2.892525873137627,0.4217922996769884,0
-0.26383450264280106,-0.2841873616124719,0.39177193464281224,-0.983207815488129,0.629199624293779,1.8055338331368747,0.13944392362269664,2.018180440723885,-3.0235790416304145,-0.12480795381185308,0.6110975415598665,-0.8725282077578359,1.6822042925440772,-1.103621463693114,1.3145835446388432,0.5584321066008946,-1.1949156952229956,-0.5234147066961278,0.5593340324205973,1.3947086591868145,0.5926362498880612,2.2300145863046277,-0.5440780990206988,-0.4356576570603867,-2.675059433192703,0
0.7685216452278886,-2.8615365818770986,1.9714484842740996,-0.05783237428574138,-0.15637985742122185,0.9140509488062565,-0.5545228951949099,-1.4941961301473556,1.1159235383121004,2.8002695605058543,-2.633553098471748,0.1446448740150539,1.2971607421779112,-0.4865871391411416,-1.582861411013198,0.1125330119251187,1.169392520472804,-0.6958602341014408,-2.550774440361861,-1.2864987320216739,-1.4898171404494676,1.3813306419402305,-1.1040915223554677,-1.219572122456286,-0.27257242548965044,0
-1.9150913260614941,-0.5711976936111292,0.49374820391245045,0.46887527489468916,0.06908116957058653,0.21281401788169707,-1.0879129352093515,-0.11557120565852422,0.04224855572520825,1.8855859279452072,0.6390214531718843,0.5717131237234877,-1.0803863445362,0.37135365619983685,1.256834303935043,-0.8002318352693018,-1.671419259139857,0.710548387155776,-0.15574842091647367,0.06830099423627206,-2.0625430658577275,-1.9394179263440674,-0.7947147042656993,-1.395522599808342,-1.0218311181357422,1
0.14917022237774247,-1.2815203730931848,0.14111053233276116,0.6692797654183054,-2.536540205766772,0.49243248636823533,-0.686771318142219,-1.6401156535288433,-0.5654550248921026,1.9317182764964667,-0.6054200847308285,2.2687281578494334,1.581492276897561,1.1041630436178993,0.1668184639628545,0.31086855001519065,-1.5130508660092392,0.46045239514756126,0.3643984818391832,1.2357670280040765,-2.6452572509645282,-0.7246715884550876,-1.5747411564670502,-0.4291793970794831,-1.2571576788584897,0
-0.13785709865830925,-0.08111537504911796,0.6333966830425144,0.92418288729337,-1.393461172950735,0.8524605392319927,0.15028241730459668,-1.5939969998127101,0.5886731727849733,1.386688012205421,-0.12726475270061133,0.46925757438084886,-1.9179444966084738,2.1120493053820857,-1.1404775208153375,-0.9474651393048599,-1.4145988564810397,0.08390607899410285,0.6963059853613501,0.29680872740099795,-0.39460608035206945,-0.12145650389501217,1.577589089756653,-2.7287890465849665,-1.1328132676587828,0
0.1801380237054026,-2.5516860751409967,1.7035077020485274,-0.4820785101548484,1.012905548240618,0.9902252693573781,-0.45086224472380265,1.281098545203986,-0.3549214210611069,-0.6635886421506167,-1.1469966560112157,-0.3998651237240064,-1.372974171448368,-1.1164529103433216,-1.056466384572004,-0.3642019791791118,2.259508340973699,1.5152286096585628,-0.11703975886744328,4.0534881400226865,-1.6991735879735257,-0.8345359075342684,-0.7187745881732505,-0.5054627245285954,1.5815648262313913,0
-0.3681189230499132,0.9483063823210505,2.5609222859476644,-2.3056424085608627,0.5076431604249565,0.3883785768715907,0.947370645445433,-1.9938267927694444,2.111615564074358,-1.2812460550144151,0.636162596855261,-0.12219970780460743,-1.145460771386173,1.9545701799211064,-1.623102975035667,-2.7506807726577653,-1.715170690886184,-1.6752160549900346,-1.0656245157548425,-0.31158611660282964,-0.8982089669693989,-0.24885922279912315,0.8220498982005634,1.5728949226424578,1.3210867967821356,1
-0.11326932289881952,-0.6526723600930385,-0.9344635740220104,0.7807255866398441,0.0752623908297575,-1.0469703303023135,-1.089527734795749,0.6966372089300665,-0.08297350822364613,0.0766982549913309,-1.0431183858988047,-0.24655598214104762,-2.408820230761678,2.2606799788181697,-3.116237504042755,0.3107121335475649,-2.5587867774879225,0.006054312040987803,-0.036165725240595026,-2.2544822455036346,-1.1617072900164713,-1.6702910784821072,0.23462640136488916,-0.32797043896026284,-1.5083396597030274,1
0.09624174729041829,1.6364778732734042,1.0852151524359384,1.3613294942903635,-0.01757468826164066,-1.0950951464006582,0.021559806674043724,1.2728626186606338,-1.6038572434115634,-1.6858112324227577,-0.5131608761302853,0.3531468483526198,1.1602706689880278,0.3332910258610112,-0.8905550296443059,0.6807254760788309,1.6524457321762462,0.06124668218095214,0.46299394401544064,0.09422613258944146,1.7657985514611205,-1.8208727826027546,0.2090705429887365,1.4766191762686776,-0.9610201313356552,0
0.12961667031928165,-1.4981772524230355,1.5512395784810278,0.389159015322858,0.6160301701908445,0.1771798694459389,0.029400786958037606,0.7824163731121696,-0.008132479847227148,-0.23188688017230674,-1.8106964509286674,-1.5499202667052105,-1.0629241269429985,-0.2617191323114324,-0.6584553072190854,0.8353827205661947,-0.5535262224268361,0.7067812821865436,0.1513958886868566,0.3920195736559912,0.3443327979011159,1.3312198660894738,-0.21711381317002787,-2.1206415998959325,0.12991010063016983,0
-0.8906735826493524,-0.8064886159812943,0.6838290348627158,0.443209531634182,-1.842485296184912,0.005683997957080744,0.9691834438763034,-1.7061611047042273,-0.15696138644253443,-0.54645437114569,0.7648795476581963,2.65067107596734,0.9878951919647078,-0.3133858368050874,-0.6838902840424089,0.1989775477706584,0.6953182859801015,-0.09817930415597077,0.774233093450345,1.1050659416110478,0.09005835209229196,-2.0336726979561743,-1.2348018307238697,0.7926749348606192,0.7564483459534006,1
-1.559282808050067,1.2410706175465849,-1.9473003795590316,-3.174253327302573,-0.3833863041617718,-0.46138595758971973,-0.8858397428072173,-1.4036654780835889,-1.2305117221556634,-1.2346352838368726,1.5684348621447093,0.48615200318113344,1.2015026313074422,-2.050374233316624,-1.524909388065704,-0.20796886450725804,2.5233026441437385,0.05285281989416146,0.3028741160574504,0.21648189894273592,-0.2205403446000268,0.5725205199064742,0.9854731687551046,0.3096940900396565,-1.0243382782261887,0
2.452430650068525,-0.29334173786645545,-1.0391685457252469,-2.043703766145546,2.626301161819243,0.42012204152382754,-1.2486251069754233,0.6805256718483357,0.43662119987682974,-0.4954907795826257,1.9189569937740265,0.521694781393003,-2.207677043609259,2.5681020650831625,1.1183736104574828,1.9553280425619501,0.6010424442196485,-1.5447653311547076,0.8806875996118577,0.7845502702913785,-0.23727520740772795,-0.31464099410568064,2.208394600837612,-0.0688802495628299,0.6821056563937867,1
0.1109701020932613,1.107295260877901,-1.0790778797804306,-0.05847375545262112,-0.8693703054887189,-0.7663891226300897,0.04276267604625239,-1.762226261304484,-1.158382045816971,-1.2938604218275531,0.6542669014141511,-0.8641097031777962,1.4303306395863646,-2.210163918420944,0.5917813818393179,0.5862752810853296,2.060450481326558,0.43001169080937607,-0.7159885242505387,1.0435869177424937,0.5807096620808214,1.6940779348051425,-2.1957475983173804,0.7711847970264691,0.01261321796386844,0
1.6654908187903046,-1.592424366934528,0.0540621528245403,0.9267325935732411,1.5577662746223073,1.0148705192687675,0.10420578649729306,-1.8120753966914516,0.1428140165992289,0.030334465759594975,-2.21692493042572,1.411153350862229,-0.9139317440724093,-0.7968775077419747,-0.7206158151560791,0.9655368357897416,1.5843409824002497,1.7576114201640882,1.7186836439152056,2.3625893191045977,1.6373085332895427,-2.4486210717222954,-0.36722225077624976,-3.573161586603637,-0.2908912913862458,0
-0.4120330541383074,-0.38208810859419007,1.4271987664571646,-2.264538558377538,0.24036852128673958,1.2595016642215904,0.330241213554509,-0.042066947813851646,-0.3380169554769461,1.95244838300093,-0.6877408809999309,0.26850113909235146,1.5013496075347206,-1.073119125728255,-0.4638522000195733,0.02135370222565669,-0.6795760994881047,-0.01252822446268892,0.3742099061657136,-1.6790508090561316,-1.295260020080663,-0.8200500332866817,-1.2764888356902133,0.11589514333154757,0.5819225382598554,1
-1.633779122882278,0.5824545055807853,-0.6812567312972475,-0.03032842570654648,0.7032410762839169,-0.16469297419018192,-1.3598992232804399,-0.9960404251384033,1.480974319757311,0.6667536187006254,-0.01188961956845802,-1.236935399558433,-2.7877804706879457,0.30367169105567327,-0.2942911655628644,0.5588307692035128,-1.3566333263540322,-2.071240014114489,0.4448207317020806,-1.759715568293753,-1.061998499042097,1.3102170465109866,1.9790498785676935,-0.4624291242340419,-0.9861378809998329,0
0.5105996029227247,0.3868262062565006,1.1553628885307334,-1.6525566393932376,2.106607764415172,0.12037025277839308,-0.9248227313650396,0.00416316434185815,0.17665655587331808,1.4900373180629822,0.6593377498288558,-1.378497057026942,-0.029563915648198824,-0.001607624688373499,-1.0731490723825328,0.3179155474996648,2.124038913464858,-0.9473522737601474,0.17026526396676384,-2.133137300263785,-1.8603911944790439,0.17357833854688384,0.5864451620571516,-0.42525273734505376,0.06986262203272975,1
-1.0383437923037409,-0.5680257039117123,1.1532180729220138,1.8555852165439453,-0.008259098243514007,-1.5337803799387082,-2.2255452405123513,0.6677161185194161,0.3200242975800589,1.4090942063032692,-1.362450202905793,1.7995487270166262,0.4260305061084504,-0.26544131697037165,-1.5074963143848035,-1.1298594198879486,0.25344795101067186,1.8172946650021922,0.8749932793081205,-0.020989836029678743,0.4310727459811791,-0.06314287657004003,0.883774518408989,-1.0983915341193382,0.787509696695772,0
0.7645077100724956,1.201416561146041,0.7191471506582238,1.163558914647819,0.056616134669062235,2.522660309423073,-1.2812133665436318,1.669387404773794,-0.3579926079254242,0.6383580449252793,-2.103365954639994,-0.9879093421212116,0.3252844099580322,1.2355793648440192,-1.258083298100737,-0.0682161598724082,0.6942383501793851,0.650241427422094,-0.7087854102497557,-0.4810244632296459,0.9313435672178169,1.2127260803662208,-1.4285041621675125,1.1885437803736993,-1.529748866578704,1
-1.5248842083249277,-0.6999503564124724,-0.26109683307820186,1.268298486351196,0.7650261028503808,-0.6865229408254881,-0.07353465113115087,-1.5994855254176579,1.407571807816184,1.0274373531007184,-0.6048963021216027,3.0966848182782734,-1.4096855027689212,-1.147134894571074,1.4275538560878647,-1.2427828249544777,-0.9113330684892815,-1.612917979221847,-0.8100224249508352,-0.013485381383971318,-2.6254752052888684,0.9273155687643666,-1.4730165922727418,-1.0892763345714822,0.04254399487384067,0
-0.5102191818292479,1.8587953275771005,-0.8307724447514389,0.9932407147838618,-0.16883023185256185,-0.2997728927559065,-2.6565584959448056,-0.6694632482060042,-0.9928464964826512,-0.205183432302545,0.5725565876848507,1.564442468437186,0.9465322358132287,-0.44410030567274106,-1.043292049572265,-1.2482325604765334,3.070963509411904,-0.25826450708739346,-0.38176435617658866,0.9831939936141931,-0.9620717477244587,-0.17176650260172027,-0.43188416292049925,-0.013656711155155654,-0.7828545128583163,0
0.5824450073395743,-0.8353238064086386,-0.020334628844647207,0.9990587740301722,-0.9247064757651724,-1.7822005970047183,-0.33586743449738343,-0.5668069947477327,-1.4303279933165476,0.7424953084254347,-0.6734644406973035,-0.17475622788699466,-0.9595430041971242,0.6534595544657669,0.5524172697185196,0.9647685936728505,0.9267395826907341,0.32226282698929337,0.07637349879299078,-0.13596496885020615,0.5775456088659778,0.06878828061036149,-0.022047224197456472,2.2472510342439374,-0.3202184596339175,1
0.5233207081781693,3.4576301297872956,-3.2976830812435436,0.8315294822136791,-1.563166220513978,0.5634293103395097,-1.6892524670581857,0.511905327206583,-1.9490867602210846,-1.0605440546473277,1.8718338358554294,0.7647511752419468,1.6778160982925496,0.14055259587039573,-1.2363510071609758,0.9005085510354232,0.0025024864196813157,0.7622393022410882,2.0479287199706424,-1.2255606286512173,1.5909896802105101,0.3553991885960103,0.9407332697194468,2.276504591176357,1.7105238983396507,1
-0.3871384916357492,1.1903064076756378,1.5570586356183316,0.6507059342794811,0.36335555703323935,1.8348881183298005,-0.7290206606858322,1.3002419063579191,0.5730664090074609,0.06473774079753558,-1.1018344441909655,0.14292616913338188,-0.5221881985058294,0.6061672084562327,-1.8389635939459026,0.12577170755438727,-1.982182780241711,-0.29368206720249357,-0.03133447607841244,-1.3414870927338596,-1.7033310311026417,0.05788108368458744,-1.3063015308017119,0.37331248841028275,0.6234481339712036,1
0.8078173338568649,-0.06770997333675666,-1.2620151561505555,-0.012738582529005171,1.9649371132913938,-0.9223734018841097,0.8611126330949443,1.3389785571307935,1.285817399475591,1.1697674567309848,0.5086688240796247,-0.6103696470663734,-0.4305962085684386,1.2172961195428726,1.0861990453617454,0.6832277102157417,-0.7816512565258463,-1.41604327410053,-1.094200000098502,-2.961593946743435,0.1718120609817147,0.11081795742912104,1.3380348156980455,0.7115612917226659,-0.503489196906053,1
-0.16744881133422498,0.15974051751114704,0.28471495960729254,-0.08772530288005964,-0.12257485931208453,0.5024582118604988,2.346777886197729,1.2253813144087793,-0.32659096006210886,-0.3449650235357201,0.44432987664264595,-0.11996009651670425,0.7199927623052083,-0.5970286275503638,-0.023998631277103805,1.1285332294683958,1.4212054748591518,-0.6230762357640652,1.7836227723618596,1.0431334542791761,-0.8095431945608411,0.9947450542837717,-0.03978438844227994,0.24309591807023917,-2.324812401199374,1
1.4483538233202973,-0.5761595902513584,0.9774768289445163,0.8682250698864924,1.1926124842281958,0.5483724859707887,-2.1561097063278067,-0.22810881687869983,-2.0631140137430553,-1.5647414828704327,-1.4023620715586813,0.9147667024697722,-1.828304224821474,-0.6275865225557421,0.5314464604450824,0.49405403239950196,0.6428376555870948,1.1350643493545154,-0.4762033288563732,-0.1350276052450226,0.1446533963490476,2.5810553919242,-1.2086731200262562,-0.11386480774259633,-0.04103628965911649,0
-2.3209893504687673,0.192516056031943,-2.1058490353072514,-0.18245010422711305,-1.289237339954839,0.23567762563448408,0.04200415416482017,0.2708925865926817,1.3167199550904232,1.646197884697329,-0.31929342692774754,-1.947787425028264,0.4563920054107158,1.5356131688064592,-0.6189602305309818,1.6002952984070014,-0.1815229950659893,-2.375970609623802,1.3177387741768418,-1.8812432323006656,-0.31732935632637316,1.1148021828199703,-0.2236316113465424,0.8965997883353742,0.0841440345022177,1
0.40251582530640606,0.13745815764350133,1.890432460651026,0.6297037344877382,0.798600326872698,0.2666261506427122,0.11844619563098477,0.383246836409238,-0.09847577960419202,0.2498258391250549,-0.3654545582172525,-1.0948412754106296,0.9415893618968003,-0.8885936214515394,-0.49087425640925103,-0.15712559622798872,0.8441030839058161,-0.9404316372552571,0.23535985527819558,1.6879387383650282,-1.8312875901787846,-0.961697195972963,0.7951771885169603,-0.32108955189918964,-0.3819670344135362,0
1.1475028773762577,-1.262530416365061,-0.03955907343657898,-0.5820442172232579,-0.2755184836878236,-0.9790703652712326,-0.5449491714629411,1.7893107841749591,1.1385105500269428,0.1178375174373868,0.0128037586546485,-0.8527634825896113,-1.4433538917964002,-0.8073025934749809,-0.8823123048489112,1.6850084847661935,0.21835612786757244,-1.8920102675213415,1.6015279939188947,0.47761969709334956,0.7122693299461824,2.313997158661791,1.5216819866791849,-1.3286003456892679,0.17639327779804076,0
1.5108193377861232,2.6210648510722785,-1.2115522964955563,0.28131029537695945,-2.050230424696989,0.49827425718202534,0.06495134751438114,-1.3854660108965942,0.506116069359467,-2.0492296546387876,2.9638285752203575,0.4668306759511684,1.3048408459932945,-0.7961713042586331,-0.4062147312397016,3.7397142830388876,-0.9984616902751209,0.26033441852239075,1.656100456926525,0.5847442224496616,1.5011088836128832,0.11973876467796273,0.29044061382268177,-0.15738463359529964,2.411177462926973,1
2.08293619371633,-0.03699651405490173,-1.3137105843478258,-0.9928687648949545,0.9449298435058178,-0.43740568282851583,1.100832167936176,0.19774469231255565,0.44491011106672834,-1.4999191281755597,-0.22523523649851546,-1.4309097603643017,1.2981829314354856,-1.3220626386185677,1.5136187657842326,1.4343991009872274,0.14575769762352037,-0.7124443194257938,1.6775496263836,1.34354322602696,2.458547162013108,-1.577542262861018,-0.26319513879497103,1.2005053214748935,0.6973237539081631,1
0.6319118089212397,0.6733532862755341,-0.17985636991152332,-1.731926044749196,1.253776306219749,0.03154452184844003,0.8521322764827286,-0.06732746151830016,0.9431526556025442,0.8941163926816198,-0.26684810119312935,0.9031777179938729,0.4582418720170749,0.7429055993463259,0.6170119096764402,1.415600972789307,-0.2577752125672447,-0.8939632534502693,0.6746423323244153,1.014387431320774,0.48847915140229203,-0.3146431855104427,-0.2698059527163329,0.9329652408491019,0.3574315104925613,1
-1.898473982566545,0.45736061348653784,-3.38318046937072,0.8559766169226677,1.4337589323242295,0.39573188399213,1.8863316340211296,-0.495902800309444,-2.6366663346945494,1.071504012315611,1.580102781948717,0.036756943164226785,-2.2813674227144634,-1.9538880386512578,-1.2538091045570354,0.6663424848985686,0.04975335297724526,-0.6418495445658484,-0.17052075877419676,0.7813454068600942,1.0251753948158089,-0.6383125770636999,-0.5023659648201643,0.5545546095084922,0.7990921094036147,1
-0.8519995573333177,2.866467812765459,0.039495287675260005,-0.39674133740172146,-0.7916932347914536,0.32377833582758875,0.9844151764443876,-0.29431890852836246,0.4787019218488259,-0.5643723614281235,-1.140336404468173,1.1886977534524181,1.1463253427287707,-1.8956231926018832,-1.0057031804880423,-0.5871815388707908,-0.1845271865124535,0.030867178193161426,-0.8572588565097126,-1.9701920472242704,-1.470083399265112,1.696719221715353,-2.813966811431805,-0.9556200699475629,0.8392647889957299,1
0.9688422751324449,2.627676663665246,1.8217947852090146,2.083086651085072,-1.9814657728815142,2.1543053616673666,1.4521333228349063,-1.9105339393940115,-0.8119293321551542,1.7786958361325542,0.1813470697006393,1.0365188762440698,-1.4926431684782204,-0.7726524573353545,0.17871651331619576,-0.6993198629680497,-2.1252126909300935,-0.8391477468160828,-1.062714577283361,-1.4521354431773714,-1.1208584303101867,-0.8150878866904762,-0.2510063216189903,1.9921092669820037,1.8852104573999826,1
1.5878235174211657,-1.3862681389928326,0.9293113643749915,-1.0433171544507458,2.928505057814833,-0.32392136048572284,-1.0849356065109605,1.592250350809231,0.4200127663060393,-1.2697321525802518,-1.4960107865089043,1.5357126839081354,-0.088726953508662,0.8211345024405634,1.9759460646444746,0.6995407243095113,-2.3396594861652056,0.201344586083194,-1.3582046880690042,1.9648861308263823,0.6659495170987422,-0.1201140724480313,-0.011375515186023283,-2.383777832263399,-2.1190777457541223,0
0.294362794726372,2.2197342004293086,-1.7776696166438033,0.4534772552648509,-0.4158031717660939,0.43873929050452154,1.5748535825271066,0.5868130552257445,0.5612118137110366,-0.5256551872165373,1.1760531696342633,-0.11760755350448027,0.960061089145522,0.9453314727907656,-1.8381514815567408,-0.5946994848836588,1.1208677786699868,-0.15501194343308833,0.02938417515861802,-1.796999531180089,-0.268300297047353,0.033926696497787345,0.2720832228566021,1.926712677868276,0.16647596576591017,1
0.47113253056312154,1.1588653017133779,-1.147387354543542,-0.8575990685467393,-0.6544235109700621,-0.3562626661415368,1.4523367593243088,2.5874335737123406,-0.7832325289139591,0.8735954463793343,1.053717724724321,2.096432965580397,1.428441777327076,-0.8243906372580604,0.05250669629146748,2.691745600502691,0.2511442221296585,-0.1772715570767208,2.274024805506746,-0.009108037017257455,-0.5458490744972175,-0.1940674635707752,-0.19747800965641957,0.5059880899035215,0.8415781289677399,1
-0.9834275657132001,-0.7334319065231707,-1.1286948409998987,-0.2512338908910005,1.1816335634170638,1.768508552866631,-2.9212754975522217,-1.1564710302426258,0.44535239652208475,0.09070966852431073,-1.8164788410871067,-0.6651631698141725,1.3722464250331756,-0.11267980976439718,0.2793885649404682,0.6388501272126887,2.943689370702859,0.48381399931042585,0.19225660859046648,1.2283053262887218,1.993898982010373,-0.17241268415194927,0.5473844459528912,0.13037241940401256,-1.0690341517902144,0
0.1929005911782125,-0.2707781612540256,0.20635795039199312,-0.375866378797686,-0.8985326909669896,0.4925857591071522,0.7254848127838837,-0.1892104650055192,-1.948700633227694,-0.5095113431202558,1.6437969574935631,-0.29533450238764397,0.10062111409371421,0.0031424556853451024,-0.43726461959627827,3.4717645431846074,-0.8390185917410262,0.2472823893018294,2.455918204733172,0.09428873162787096,-0.5906646364794477,0.45256528839871574,-1.0071726934540584,-0.2460250387919219,-0.02922021225177618,1
-0.5576707757908459,1.4787222990725981,2.0708416666418232,1.541824161216724,-0.35691877529667554,0.05794812157623097,-1.101760448468561,-0.616453145128224,1.4536034092226604,0.8685671542177527,1.2857982127693992,-1.8145528673140232,1.1414877064722184,2.1971916393437803,-0.2895112560839916,-0.6713346509212379,0.1406346591994283,0.7964933666493521,0.1452049221056647,1.4636205089302057,-1.0064658289845594,-0.6726715585180244,-2.6414196278568793,-0.19175256545153183,-0.4027957888347674,0
-2.7830585735414144,1.1249625725181551,1.4650213836450305,-1.4394417200755758,0.13673120382367654,1.1974396656772093,-2.875869504020452,-0.6390667440603133,0.4898659349464932,0.21308707944507344,-0.23727935038463566,-0.7537180349876665,2.5223761094312325,-0.9413823487488928,-0.7783087907025105,0.5563231259099037,1.7308842869280119,-1.0977692024841836,-0.5247742846342206,1.2780156427546787,1.3335792163779794,0.5100089778984471,0.5416427867857846,-2.726708323958756,-2.185319060491285,0
-1.7586883407089793,-0.45088980541366297,-0.7197401833221855,1.1311339559529086,-1.2160399886108726,-1.731625174950298,1.2039737812591198,0.9522523107272578,-0.3757465602836007,0.14170784120529123,-0.20324910894175752,0.8907720268995769,1.3863484475218493,-2.02636442784067,-1.1899797057971322,0.31569383708015786,1.052867998711746,0.3112759467955062,-0.07187571705391249,0.3699513904615308,-0.872268685586435,0.3614541155017034,0.025415014498772703,0.8939590583591339,0.6273060278725299,0
-0.27746296731078035,-1.381123256189377,0.41664655116232424,0.9671945280568005,-0.31634289164662127,0.6496864287691045,-1.591337914270642,0.4551258823326347,-0.08579460097823045,0.8002233218157631,-0.9141657454591261,-0.796289359839171,-0.3622610709091078,-0.6093095128486176,0.6528344254655978,-0.943956617035937,2.647387000569629,0.5189946500037723,-1.4789791111947688,-0.20453356510975595,-1.484458270310808,-0.27666709283791996,-1.160132811865133,0.1338054194420204,-0.4950502117956965,0
1.1815078451158427,0.6728880238117444,-0.5179952165104097,1.0412095235712953,1.1001938152020827,0.158568066781622,0.46524905659519017,-0.38215287799772935,1.5585289701343301,-2.8615511404848832,0.8527738065778716,-1.1239374782806382,1.2320114624464888,1.2610996419907616,1.5096446694289039,-1.092537603268328,-1.3200138752654003,-0.3696309671575796,0.31040786814302723,-0.6807816481257921,2.669236334587265,-0.7904606305269729,-0.04821597597528282,-0.10187364078890115,0.1935411052459613,1
-0.19282941741459564,-1.5091843711034056,0.3538942817238073,-0.6311516315252904,0.15033328066182328,1.0632352684018733,-1.1462612274609068,-0.71994655481647,0.9556925346997927,0.44991447378123295,-0.2422904621894693,0.04424469571293732,0.21222864413800457,-0.7684121942198692,0.17760713127943686,0.259086036394357,-0.37080537256346346,3.1595012634838153,-1.0009623698518602,1.7088831691196193,0.3633245493542934,-0.02417129997384726,-0.7922734181967613,0.07168445807149548,0.8149638271405457,0
-1.629262650575052,3.0423513709163137,-0.3020202046059485,-1.4491576741576362,1.4607701289415211,0.20137251014549318,0.0675880154612184,2.8643348842524117,-0.788753742611794,0.6041712131108841,0.4638942471425773,-1.0086733271639896,1.9372762211685792,0.31635808132507803,2.9045657729171452,2.8118084608618172,1.253333555577829,0.7106946744877034,2.32273101226459,0.8477628573987797,1.6701033167375936,-0.21184062723998964,-0.025045831771935867,-0.04465713418568468,0.5993064764875222,1
-1.300229224254943,-0.11911408645087718,0.5667973416434947,2.187752714602013,-1.505153811907288,-0.5911452754673538,1.6339970219928426,-0.5508680859797085,0.5212173370399555,0.8438374639617805,-0.49879604938852484,-0.8621266387909245,1.312674750601241,1.8250967015079362,-0.328827358632371,-1.352703286894874,-0.6781524228058758,0.26445788560807876,0.26846560643308315,-0.1439834309158583,1.5835944971776166,-0.09961652105131164,-1.2937824272246994,1.5702661886922362,-1.8643549585607135,1
-1.337896682798213,-2.306266142755148,-0.7368537137526197,3.669280664666872,0.2091883493198209,-1.2236743963695984,0.7494547796347172,-0.5061733084700598,0.794532207779959,1.8985318337008168,-1.6589251670902716,0.19736440550219042,-1.6802694775137317,0.15127341993410742,0.501233744784251,-1.108358788311959,-0.6608657491291368,0.4469881010550508,-1.5449968805490835,-0.6432050301330691,-1.1104645556168447,-1.3892054854424098,-0.8158769936757554,-0.9644026165624315,1.1118847105227592,0
1.1327854467303171,0.23668147365383996,0.3628356813403216,0.6353830787042456,-0.1471204652899865,0.5547553211768222,-0.4792095660382816,-1.667699549901208,-0.28085133004873664,0.07735997474267953,2.262809187288228,0.17464931232115533,-0.5267080296447654,-1.0736467138857724,0.5461924586204063,0.2916738945493058,0.35155096674091313,-0.5270716431092846,-0.053860910387307226,-2.8700797355737646,-1.6133055245568868,-0.12739803120475518,-0.3826107912395246,0.7083610122515304,1.065371570818996,1
1.0134727112134947,-1.0494373200475189,-0.32490429767512885,0.27025206851647166,1.53899842063689,-0.15523676778657877,-1.8331034309280676,-2.0785665397591373,1.707334683714464,-2.0882957836998335,0.6835221853877258,-0.5433393659831486,-1.1503448974375245,-0.4480236475896169,0.6915624517248501,-1.5582649176119636,1.6825302970080762,-1.8764791339333369,0.35342148849664545,-0.43504672265977806,-0.9869222058137715,-2.020580714709054,1.7705530971590937,0.8341394306494865,-0.22881346992485452,1
1.3865416434952094,-0.09068264506167611,-0.1977601437707842,-1.369164061303642,1.270626018625631,-0.943349576623288,3.049227121050824,-0.46060348084692876,-0.7693882946686965,-2.4599957990714207,1.0974591653192847,0.25084476701691794,0.8523544870343689,0.6437788547286716,-0.4251186362611037,-2.149892128634261,-0.6404140193558805,0.38262113773326933,1.8780486589544938,-0.024759134158661267,0.5908605896377324,-0.360778949405817,0.0846054550946434,-2.217369164236386,1.8001756597722816,1
0.38649008963698833,0.4800850690111944,-0.24437642681736083,1.636356782547014,-0.5205418529314767,-0.7514015016208169,0.12099193962779398,-0.9660665895529019,-0.2377971843539628,-1.9796744621746905,0.4922168420085643,0.13230851584733772,1.1823095592802113,2.403580463558712,-3.361258981130383,0.5947624536964639,-0.6755767671757125,-0.3706386571852913,-1.629613971684469,-0.24599599317590515,0.04169168889808017,1.9051616974725736,-0.9835628506268821,-0.6405387494630876,-1.6034119625211392,1
-1.0032914400526571,-0.6958040076752061,-1.9755503952512183,-1.332351737676342,0.4747262810998075,-0.9466329560435818,0.18754086224995614,0.3484401704903666,0.3220006903644852,-0.16350789726506587,-1.724149881508146,1.3869036561697359,-0.7822274960305562,-1.7330199462693223,0.2609469949979028,0.2468140521561508,1.4490162592404876,1.6430788058517631,1.0682168760382975,1.2519204420586985,-0.18208909767683612,-0.6008870707377886,1.538182541081768,-1.167985656070673,0.21718030405358824,0
0.568432348180988,-2.330131297769811,1.2768216956121212,0.043497271267213256,-1.674280395845352,-0.7061286942102398,-0.324558907597414,1.2578683298701643,0.6670598496484742,1.7230945186435376,-0.8331929854463773,0.23361398044938464,-1.4426803155070538,-1.4535406325587465,-0.7268743323195919,-1.0277507293727546,-2.3432817641068886,-0.0599187215210355,-2.125677772708888,1.9603383975396926,-0.8863293102617297,0.5785630284443126,-0.6743445566636052,-1.94414348519739,0.5056515866318405,0
-2.5943295090047034,1.294476274958662,-0.7878911628822426,0.8185995598146447,1.192317333182627,-2.3048885868624436,-0.5973701865116702,-1.726181455607967,-1.203165731752025,-1.3019167100213358,0.9605745612930492,0.9858859201480954,0.2571683745820299,-0.24842311259529934,-2.0447630018903453,1.901360632320411,0.447227426423671,-0.608377828924892,1.6508525785289787,-0.30979063043333793,1.787109042633158,0.6294731522348906,2.0905139514335627,-0.24570574815773494,0.9607035929142642,1
-0.6072367803268184,0.8305329030370368,-1.3528923485058746,-0.9914639633635038,-0.19926714316892236,0.47408020558283553,1.7377384458693466,2.0056626495787806,1.231517562237336,-1.5260372015993333,0.4851187328554421,-2.417907391605861,-0.15259555889525445,-1.4464409890401306,0.4462125924780788,1.0613331741019334,-0.3584834995458997,-0.3699951398111977,1.1181585742351419,-0.7093934564183801,-1.43367825275081,0.8212085269158541,1.310445115443756,-0.19853927772746316,1.318219556252785,1
-1.640495775014506,-0.02602286102415441,0.4633531984656107,-1.6869669719522193,1.5693194245756819,1.3643292918221006,1.7157141261216269,0.5105559756670839,0.18666630317645852,-1.2408992457687378,-0.8877331394922428,0.18690247693162526,0.33054110394231623,-3.5667306165273667,-1.6438864003178972,3.012445403548236,1.4032879856174203,0.1375475102321764,0.829147679551064,-0.1619223848399749,0.809626739938127,-1.0475855941248706,-1.2994100999113347,0.09329784320812806,-1.3043649547831846,0
2.3961449523169778,-1.799244929434124,0.3540755624655092,-1.4760669136410949,2.062197775113525,1.5056869553425098,0.8000310404359151,-1.4179791068180094,1.0432827921702907,-0.4203073822289718,-1.4675768146271286,0.5790580405878438,-1.6922546549329118,1.1784737654282105,1.5584278068145745,0.7540589348197012,-3.0650858077099095,-0.6818631563776424,-0.800122281454774,-0.44288048090153864,-0.4443954032767805,-0.5748539879600894,1.336050749007075,0.9138008588231816,-0.9154836994237823,1
-0.6060877578482544,1.4202112767445148,-2.050894501190471,-0.9720684437623888,-2.267238242773284,-0.4314535446678927,-1.302712666758251,-1.9428277876825129,0.18229497792429078,0.11150619534722339,-0.2812531380991163,2.0954716683605246,-1.2190369065465427,-0.9410510500821816,0.06369467149918406,-1.1895214232431477,1.824896595181647,-1.5200721063891187,0.1834900079876849,-0.7891448713217003,0.20061149739699186,0.732528714319877,0.4110911640983529,-0.255484410788866,0.15202792740734816,0
0.8711626524823939,-0.4923331979349582,1.49069777762723,-3.1275260317639444,0.16920357683725984,1.2149392129117786,-0.49846343233363866,0.6276575148497876,-0.1512315921995805,-1.099428294859704,0.29992544206444655,0.29947662010223475,1.7645174748556032,-0.6721302088902056,0.8051543700781874,1.405999862766687,-1.2791364221027732,0.5163026028369436,-3.3824539098302764,0.44384610514446177,-0.19279676816228358,-0.1792310160158706,0.8480906980546231,2.053810037340549,0.3235292628249864,1
-0.7989518955223495,-0.8635752364637259,-1.2333453126578189,-1.040345200764158,-1.165761521915175,0.6569266734635029,-0.23584212337032406,0.29201986092827414,-0.7241851202106396,-1.1430676463038374,0.016986618646862184,-0.487385784922727,-0.0734656999929511,1.5779427214945247,-0.16813885361076347,0.7643406934996451,-0.548098171367529,-0.10482196462362092,1.3605966684533706,0.9972213621010023,0.03406692269728101,0.8603452759598421,0.4351914858772488,-0.6335997318313493,0.7827734114255424,1
0.7921738057762758,1.9042642788957977,0.35715763523624344,0.6290386910780683,-1.50017071562571,2.2841926290874763,-0.5773683326973598,-0.6028103737291319,1.1100384373925272,-0.7308596272981893,0.8252463472910265,-1.9801662853018627,-0.5312184278017402,1.1986727856781039,-4.2080434885807,-2.7084598976505165,-0.22655823593075725,-2.193033041870287,-1.3672036991809262,0.35560867078459624,-2.779731563250335,0.31046678956901275,0.18930908345166142,0.4612873773143536,-1.7738764484041845,1
-0.03941263048544397,-1.4342164731278007,-1.3754215157559153,1.8349598780109204,-2.208560159049393,-1.8163094058219058,-1.0041422768355934,-2.4782536504734622,-1.2096435081556598,0.6262671770703852,0.515907820438974,0.030253922418448043,0.9194818064685473,0.27126387996455625,-2.0147563168057077,1.8510676065369205,-0.5971804519128555,-0.6406017180484544,1.109919787484815,0.2178732006542635,0.7953063722380864,-1.5350200264232932,0.28035884279530365,1.7396854793152743,-0.43413478780697484,1
0.3907118650324838,0.051512131766801944,-2.540377857160274,0.09196707146619337,-0.3517812353924325,-0.4066156938807032,0.8309040863371825,-0.7739229446744136,0.23842949592362406,1.0359944477615408,-0.18123072710940424,-0.30830946103550294,1.5555257068735853,-2.4413521940962846,-1.369783330487145,-0.04514043133886947,-0.27229676145263015,2.013718371767727,0.18359023829744275,-0.7125824674382543,-1.1757125158691302,-1.0048877750086815,0.1623911297866646,-0.16336820630089977,-0.513881295856744,1
-1.092525284205979,-1.9877558368909698,0.4424339779930509,1.4969568572519458,-0.10926957524485514,-1.5072950987296037,-0.2575051974495594,-0.42339475344889566,-0.02063788502611208,0.5811934152447937,0.9311744850678979,0.171819079507177,-0.28437720007488043,-1.4300735899254826,-0.6400592080151222,-2.1505490972259915,-1.1388524319181097,0.91617029803864,-1.3346937704750803,-3.627987912664304,-0.7257767835774807,-0.869813490814433,-0.11718178812162972,-0.44552015027951125,-0.09984053389106898,0
-0.7391621831586326,0.561178975958477,-1.0355180278485774,-1.7360816847442926,-1.1353665678895006,-1.5227115839434955,-1.3481851901223671,0.4198924901251983,-0.8982367236418412,-1.4716760719377298,1.4741380899976613,-0.2547028646944878,1.7386893685118623,-1.0172090591511116,1.2855386346356283,0.006667871569056794,1.5217113161206404,1.2062612556778467,0.5854868969128605,-0.5611777481652173,0.9831592548896201,0.5657639137354831,-1.112491063761461,1.4819009576872864,-1.682725829256652,1
0.3843678614401793,0.7561919442633749,1.6763281685869962,0.9432096285564301,1.1224875581000913,-0.6242843056509922,-1.5259579006589699,0.15417783559121306,0.8512399055314062,0.013522049727905619,-1.2557468613346645,-0.8430275502049291,0.3541278531544074,0.9953614800625676,1.9282731160232573,-1.7140258499963252,-0.4833174276011818,1.2083828103317433,-0.5965043804767092,-1.5308200957118925,-2.5206914369333173,-0.32968927225912603,-0.5027138180865456,-0.8390442229163299,0.9309445926825355,1
-1.7197634819068948,0.8105011627950852,-1.0752487757063953,0.7539605391888792,-0.4350356358175924,0.17440013436032398,2.2520154257414617,-2.0592566642806234,-2.4092114407103384,1.1070134688655742,0.23996242166387682,0.3403584008351481,-0.26194932518819325,0.1565491546689629,0.18988013814657445,1.138696974125795,0.9830362763209619,2.7502405938759757,-0.9370062153880505,1.9420169864737353,-1.2753575154891392,-0.8590931142787546,-1.2457315764124313,-2.414588787260076,1.5818124471276587,0
0.19906537364993332,-0.5870548739123783,0.48178018890666524,0.22506361217153908,2.3333140386577456,1.6657986847149358,-1.1185497947544207,0.596794587094824,0.06350235493396222,1.0785664964072559,-0.6787101020634798,0.2168241052346284,0.8122919551494613,0.7551127373097606,0.8615080042193265,-0.14807876942699988,0.2255989381179422,0.24617261241852728,0.81794737518914,0.9934151583300621,1.4967828205580425,0.26658069157324255,-1.2734600247564074,-0.0567660645812168,-2.599801585817317,0
1.4899837579696638,-0.4453192999451602,0.029071969401342046,-1.1246388408738794,-0.712896146117564,-1.2520574453612499,-1.3088597292844553,1.3733548137907565,-0.12481559116795993,0.8979104856239388,-1.9111388503277489,-0.26484850689879463,-1.0656677182299636,-0.2193785365666705,-0.38672287781259906,0.8931815557877438,-0.7641670384038375,-2.3431257740595925,-0.2928208374699093,-1.2418767112401594,-0.843212754376408,1.6059165686464079,1.1563072654019868,-0.10015247149266676,-0.4566926267448624,0
0.14717706503897687,0.7355054421847496,0.15867281468305205,-1.2900955131809386,-0.08653723290303955,0.22473342060137214,-0.8737310642465098,-0.16834035520597257,-1.5243946586407042,-0.44793509698496825,0.2168091723995862,-0.2578254470080463,0.19374818459908794,-0.8947731476266569,-0.051662456539533164,0.21330569980038605,0.9888636304278717,-1.9294822079022125,1.3354927532961567,0.4681047860971973,0.18195232483277668,-2.578383743873468,0.2512852666897458,-1.029088614866584,0.490790969369015,0
-0.6488068966169365,-2.6537366802000104,1.7813999495274664,0.10412715207883719,-1.915400788807181,2.703530042146414,-1.9626177224649888,-2.58126821308639,3.066480149949814,-0.8917857054725197,-2.5354116658678176,-0.5129011840591282,-0.788126096742358,-0.29718338812945133,1.3502812519870944,-0.5901032032962722,1.373213287136715,0.25461865479262047,-1.0204648245839625,0.8258977649407012,-0.6201834241137283,-0.26622385474741045,-0.32709484250585963,0.8208603008386925,0.9019906076137361,0
-0.15169349002409135,0.3460702413654467,-0.9658029746474164,-0.7503606935544052,-1.7407229583204704,-0.221959488577833,-0.12889734610667591,-0.9685833096259193,1.5550996733665938,-2.811785150332404,-0.7175626872821073,-0.021130976726462247,-0.5141903418774618,0.21194645318196328,-0.45080256946577724,-0.3519042261566005,-0.45186078758529225,2.382273215998486,-1.9445872599920038,-2.007603178946882,0.34844189452589,-0.9244199054912261,-1.1371639327910896,0.6337357542926974,0.5496400428739963,1
-1.6195324830421383,-1.1477922494981359,0.6139565401682137,-0.6224098517621545,2.305356079488858,-1.6245438272796293,-1.7178534767034708,1.3895083367162153,0.35944015527324114,-0.03270371081254331,0.5956311475308036,-0.8884043712471617,0.9383733165137707,-1.0471898077828778,-0.9502635323351201,-1.806504715534149,0.8315043617225897,-0.797234595618762,2.5861793168848775,1.7620450218732806,-0.11510104623931128,-0.40312869326893763,1.4074695320828838,0.5013127659388995,-0.41124184242556583,0
-0.4845092336957433,1.3822193215938297,-2.475526052252405,-1.3790607676712296,1.6472849690227591,-1.0286984925975946,-0.9801822814493785,-0.6534711170961736,-1.9511284868440493,-1.280612618780452,-0.23888406195518952,-0.04570790360497823,1.2338473356251858,-1.0673745357606184,0.8713484141782482,3.3030621451018156,-0.6459787318797208,-0.3672512484135799,1.4476390675089053,-1.0566778793510112,-1.1388250913565705,0.27531639848641687,-1.1878329152209304,1.0689359847898845,-0.307688634439126,1
1.1362883266832235,0.3980669481974215,-0.6077346106184821,-0.7018282735179742,-0.9447235699080022,-0.43283978809902934,-1.2120714346398618,0.5540693182175723,1.1921775004705912,0.31767439199201153,-0.9312419706942484,-0.8356045132797569,0.6937050064804422,0.4282008225232594,1.1213827575389523,1.0280267554342466,-0.34945358724349496,-1.2112469225323634,1.4110787034817327,-1.353696536296347,-0.6987125850454613,0.2593786250940752,0.9405391927747135,-0.032416096039123765,1.8880130486643014,1
-2.23126642167823,0.06128609124730855,1.8608888216400579,1.2141587215863838,1.344782466962266,0.6196178391864202,-1.6325375186171858,2.8136371460241194,2.506125225858816,0.6519542484470157,-1.0843981558155793,0.016277503264821386,-0.59002850475921,2.6033109158071532,1.017442862643319,-1.699362773475043,-0.8032664632920511,0.524019199136212,-1.8271244096824262,-0.2693931192990178,-0.48787418371317043,-1.1785436356135182,-2.4625449617527977,0.7099841324280421,-0.7531171052944816,0
0.6938596919224057,-0.8494162476010816,1.0805986640720715,0.5852575143765104,-1.1939548481360946,0.5308728086566694,-0.509886991046244,0.22677726814262866,1.746231187121096,-0.45584547141182385,-0.6493285490947727,1.4056675392199165,1.56112031696486,-0.5514191840724441,0.13089589501534893,0.5073181385474139,-1.2926862271970359,-0.9783117287673169,-0.14971636071657568,0.9980925896709522,-1.726387772213736,0.1456628854857418,-0.40059374213395926,1.0144307884231774,1.9589968150433483,0
-1.1646937533383142,-2.1944869165632976,-0.7472726002612907,0.2514577631541024,-0.13700814414014229,-1.172348154805229,-0.6707460167108353,-1.5138500519905749,0.8006338937434816,-0.5493647011520462,0.8359496878012704,-0.5569329987100642,3.270429960464847,-2.8199359882457635,-0.4393485965920365,-0.008484476210028069,-0.7033542701900803,0.11820967029743223,-0.8445921256871999,-0.1582245802029494,-0.8503631449746752,-1.0044742124830546,-3.150455659938192,1.0848505163360216,0.24597615692016106,1
2.1987661619848735,-1.0055288602194554,-0.14825010134329586,-0.7465841438636844,0.6925097321205504,1.7852219956122912,-0.16734646189923597,0.4470116874899252,0.6548149241014742,-0.05241543510622698,0.6082242783823936,-0.8855428590200618,-1.0524958503894002,0.5250185445229141,0.842966285942464,1.6564342831529852,0.150145820485157,-1.0650477379574954,-1.9022885705130674,2.5562835155366703,-1.2635247551170519,0.2390714595365162,0.3047977206449429,0.308568740009438,0.45116988637957406,0
0.06373475714429788,2.264047408402546,-0.9597982444140674,1.717550484179468,0.5407070131752799,1.8904314820626162,2.1789484724896417,0.06638803043280722,1.908450749146366,-1.1981421898047842,1.8429405624074993,-0.46904290934540355,0.6511464157831076,1.6228994259208298,0.4456236918021792,2.0329584815283583,0.13006815248093184,-2.637064611129995,-1.958023091870857,-1.7669470808645191,-1.8560991772056716,-2.3012465986629413,0.4154264750564566,0.9671835801429167,1.1296210245612617,1
0.8357247740824572,-0.9477192604566945,0.0782124671366678,-0.8609595580583318,0.20884947208908222,-0.19277565613979128,-0.9148691993817144,-0.4390781314069514,-1.0545889919429292,1.519798990909159,-1.0403424200815852,-0.4038802257491395,-0.7855015537467895,-2.5702058635371774,-0.8003730103281642,0.3932641811828288,0.4494924060408088,1.4166650412066073,1.351285616600203,-1.292613590089328,-0.7243523494163312,-0.1702085857947885,-0.22197009840996695,-0.8677135175156069,-0.25028455673735717,0
0.3561953283964162,0.06519095278026554,1.2632784738203666,0.7802141306223748,1.844791511465082,2.5945522059071937,-0.367252816656353,1.7757953969464109,0.27486768629624847,-1.1433861359036215,3.3183336950039375,-2.7511448424529976,-0.19821066796830233,1.2043737433764647,1.739098780628919,1.3683364161459557,-1.79013464109851,-0.3429160688393573,0.8424189884189628,1.4323974548928988,0.955921615801889,1.0939406461823111,0.7904357518630649,1.3408649352390989,-0.08150585285781808,1
0.9463376688361798,1.5801204246228204,-0.7397083208544771,-1.8925314477872415,0.17882373741549784,0.8936758671222014,-1.428132765782666,1.5066865151651074,1.3446075606435435,-0.2971080267260193,-0.8308946973353634,-1.6991419916918928,-0.39871066537970246,-0.09307006602257739,1.0968428635515568,-0.12007395986179573,-1.7057229018830933,-1.4439397865072559,4.489350890926338,1.4824548188990074,0.46574094337569477,-0.08282666970593988,1.0960537286455385,0.5831044010830285,0.3102641371351632,0
-1.359847981533909,-1.1138735266100321,1.3602706906093531,-0.05818611839911181,1.2331661370413096,-1.6713031636669626,-2.2559373450545266,0.5693500362056336,-0.44639935598742125,0.462408149377824,-2.8195098391432563,0.8926273982271202,0.36724999944612413,2.1428695074912683,-1.9416779923878185,-1.3182682154956769,2.2190080898321254,0.9645889505739481,-0.5597855377342493,1.2525716742437791,-0.9555661927139107,-0.4650498918718446,-0.8978665409439555,0.6840431419010186,-0.6581508907307188,0
1.092075115660187,-0.09512900187121887,0.4281819811598744,-1.014274823564044,1.0154487215717578,1.245987417114434,-0.3380795203572551,1.8219755630327217,0.6961216022137988,0.38453255444361956,-0.5630527901348509,-1.4808868297243787,0.8513153085547404,1.9674914921602584,-0.006755320444001067,-0.5334254869500886,-2.2257655697500844,-0.2094008031184605,-0.24208145958842894,0.6504457197292063,-2.174947591369271,-1.2976049317155973,-0.8533377722376978,-1.7400828050539148,-0.30425051825625243,0
0.3273908014744321,0.03545305053637915,-0.36065960745050535,0.23203732789344203,0.6727726175689407,-1.0708015006245835,0.39956485982578027,-1.0538109340030686,1.675835116841008,-0.8242953633469304,0.05595599908390381,-1.0746425381693787,-0.36252752254227016,-0.43836260198552784,-0.0632972345567126,0.7141793980416525,0.8164947615391832,1.9129348103968253,-0.8370887762767456,-1.2731467899107067,1.1968859840850778,0.2541306721006781,-0.43576523485523366,0.33012424772858695,-0.4863022201750421,0
-1.0648830115907417,1.1786732022417536,0.3637533033987028,-1.9559189751226769,0.15702614562668515,-1.7658655642121133,1.9567495100730674,2.2930743487544847,0.3205344175809326,0.22137034865615463,0.9171877589853716,-1.4165516943196679,1.1222927632291193,0.9412939245487053,0.8640545770885963,1.5808648134838965,0.5763638944684986,-1.815459603889607,1.113896147537885,3.548336768503474,-0.15585956049648886,0.0011085742325578352,-0.9620856097055003,-0.016169343658253177,1.2813342286087972,1
0.8165127541703865,1.9441107256918795,-0.489626923874421,-1.1830918321989388,2.8580103434185453,1.6145213166849837,-1.2959175497436393,2.040653030246644,-0.5068293384255237,-1.7659211508415007,0.5675573992214947,-2.0959588659204766,0.47349243085014825,1.5657313721947597,0.1499891827023716,1.7964396349482106,-1.134602677016745,-0.38677400372640036,1.3173323048976129,0.41111221318371816,0.4917686686593282,1.8017121196639487,1.2463668563917487,-0.8147584755905332,0.9039675957210302,0
0.8915671719107622,-0.9956411261452741,-3.083022187055037,1.36738213929211,0.4529490411655619,-1.920487451157742,2.888396487815257,-1.351280343561102,0.7170427493371572,1.6507400949950763,2.3044618309848937,0.9246196283263581,2.8816787899995027,-1.374475403991609,0.21148124228342258,1.2787089771304143,1.008167845251773,0.9483847137650471,-0.6457658466370343,1.771834881789272,-0.44625020955145966,0.31339980094525755,-3.043766093188687,1.5299781199118663,-0.5340382571303783,0
-0.07611960424022685,-1.1745332588789434,1.0171356309431063,0.18293586771533776,2.021190959491977,1.5034451366443868,-1.7368910544415814,-2.08352979746924,1.9462301332021625,1.0478576673583992,-1.309179543174324,0.9985485676381287,-2.6851625730549467,-0.7537517895399302,1.057860390053921,-1.3519246099148283,-1.4588314706155594,0.17186930433019015,-0.4240497085891113,0.6270508292264123,0.9478269677262844,0.4747326974656584,-0.9160870675242085,-0.44482016194067686,-0.21472589916248785,0
1.5916793998430854,1.646395048733043,2.2675554211543014,0.9503184413069055,-0.9103751704482093,-0.3226165732918762,-0.48784143738946173,-1.5535943221687363,-0.0022698211993206763,0.7328212004631705,-0.039869805964789395,-0.7081515591623185,1.0686711979799761,-0.8232534300057495,1.785441466341719,1.5587327329226146,0.374428233983218,-0.13887289019857882,-0.14768700133977797,-0.2259728812011771,-0.4838370920341907,-0.9123023086225475,-0.9063090682270717,2.3084633739301808,0.0103958715948268,1
-0.7974710174111497,1.800380426233629,-0.42288965807422674,-0.7288435189362632,0.2653747424274986,-2.002733779040272,0.3462108853648752,-0.014474743320293193,-1.6313945501412905,0.7527549807970888,0.30032126139542537,0.6298499878616777,0.41822672774963254,-1.1940603410678152,-1.4812658726806704,3.9072963030334438,4.077637434803614,0.40473823393428365,0.770395845286444,0.6755571685105175,-0.4997613076241456,0.07373693068205545,2.9320300406799027,-0.05222351790491231,-2.961356531226362,0
1.1199551755660626,0.6670340487551485,1.8654408946075607,-0.6465587441061853,-0.33783967097472345,-0.7026916568269264,-1.17154689333175,1.1284187877012808,-1.3898006553871316,-1.95442342224854,0.03270030428092848,0.5810487755208261,-0.04634275437826252,0.4902143411681797,0.7581771234136747,1.4096075100988064,-0.07732323005226865,0.2316790625831625,1.9189758650040463,-0.7131706259819844,-0.8246032857197777,0.5642975749944433,1.706020004704441,0.3631065086395059,-0.6640037253004428,1
0.783067533675919,0.21217444633396526,0.5470527543636903,0.3020992720708998,1.424686052216531,-0.45454142147113874,-1.9453216590770865,0.9241997399439926,0.9368547720767745,-1.2573767916506433,-1.3515870914149788,-1.2366984954553004,0.6252229524934528,0.47234724005122397,-0.056743214517816276,-2.307283101622542,-1.2222348652649542,0.04316963054812095,1.0709443937406453,-0.6069576338870706,-1.9222900440792074,-2.5734187792710626,0.2765689852022356,1.404271755408345,-0.3216036066751353,1
0.3508724411486747,-1.840115047030094,3.421786908776173,-0.09288222124225143,-1.2577917801763243,1.010380514077674,-2.0053303563029954,-1.6497615383987998,0.7186189646840582,1.8946981758736567,-1.2888204242265222,-0.4566141088599752,-2.782793379657028,1.271550898873188,-0.07616792967454623,-1.793668992964795,0.8364370819777037,-0.9554848291068176,0.7669665250412488,-1.1162370907573376,0.26820174413305264,-1.801682789972713,-1.4884271375209963,-0.002809962154981971,0.1072143253198638,1
1.4861899927808877,0.19994626005285332,-1.013882117848413,-0.38980414598921753,-1.3909992836944831,-0.7017135897443482,-0.13330493367278684,0.2799608638589528,-0.6563540343468246,-1.5346690200686663,0.6622847575007738,-2.759180733515454,-0.5432126874136151,-0.22311831622909256,0.4211314975436475,-0.08170871551687409,-1.0022125477850006,-2.8441417252973102,0.9136473509144047,-1.8500408128120176,1.3948647538510413,1.0024695354135436,-0.6649208749581178,0.40923798682113915,1.7239534278061397,1
-0.8455320673859648,0.13359810293445873,-0.8255305006431498,0.28253719165933583,-2.608471176993123,0.203606973672519,-2.560126344026704,-0.7565138746836177,-0.7150836005777259,1.5399633587773773,-1.1704636134125912,0.48318555106084715,-0.13015400246505865,1.4239417990925891,-1.6030936620050424,2.8496272110785523,0.5344478717015041,0.6393849151854529,0.3604741017928981,0.3683802755601775,0.48456942786817425,0.054860434880708686,0.7670325908564035,0.6515463500698796,-1.540690321450685,0
0.15664735623822534,1.1105201074247724,-1.0413995210116975,2.126320442969453,-0.6568557905084947,-1.3263927758986225,1.186459423680364,-2.754375320277545,-1.3164465197138524,1.8358296563674372,0.6589075479941566,0.7703034422610111,0.17620880394258526,-1.4426097958660329,-1.8254330386610262,2.7677759238609587,-0.11102677821630524,0.15193570892878713,-1.0704902674774717,-1.1198178822387521,-0.3360317601250602,0.4863389442720529,-2.494698037999546,-0.23350005430146636,1.5296838559755426,1
-1.8018779424911013,1.7511546861045004,-0.8935468424663603,-1.4441725638732872,-0.39020286082558087,-2.840290818603883,0.8143045411051583,-0.501436437008924,-0.3782711257267002,-0.29847329827929525,1.9761199522846127,-0.08438120109715941,2.0565939103704776,-1.4803121925591083,-1.0266517254393515,-0.9145351193462277,-0.8023113919074607,-0.5679782495264756,-2.3055963655774487,-0.3451761377798648,-1.6114010181381697,-0.14552662097873537,1.1729260827027024,0.2582397270968005,1.46462837737584,0
-0.9500723428684904,-0.9083379039454521,-0.07835203422706216,0.10043462516903695,2.9333351782733654,0.062399794752619975,-1.909884404728491,1.8514321816845754,2.511041973724843,0.6914570758980385,0.4968111039155978,0.5072581336471897,0.24180020620328835,-1.8843730911152314,2.469384904975386,2.578650216448604,-1.0156329850177865,-0.6291325308110661,0.2573240079589699,0.3759133452086727,0.046190207936092784,1.0056995694131856,-0.21986601555253454,0.3396547740621719,-1.607991287159485,0
-0.1629385342575732,0.07203716319275033,0.6050065466774595,1.3485115803879326,-0.015356632211607102,-1.1035520122887887,-0.47937039356766203,-1.9515125194164518,1.2529011513012838,-0.5550186283396145,0.4039972255178695,0.06310310897243565,1.1713700498166446,-1.34672639186708,2.040600698104443,0.5314585691144398,1.3238382367382309,0.41307230249881477,-1.2226707257892329,-0.2424570264499053,0.9864805193217941,-1.288372422638216,-0.44740746367440487,-1.1972624927160354,-0.6174230124687803,0
-1.0722537223140896,-0.6896388527476717,-0.3560603051101263,0.547652568246064,-0.365556327960112,-0.22212924105195664,-1.2848521124759005,0.3087281486755385,-0.9210650810120972,-0.01982849377096052,-4.217592663094984,1.8608166910853332,0.44054569619637163,0.8557596448680034,0.6016333279829549,-1.1190483597651082,0.8664863212417597,0.14941743504435107,-1.3308045367884414,-0.5931730111288953,0.36257461371033695,-0.5633311549601838,0.4448717829276636,-0.14622821625477256,2.2666744212717482,0
-2.550918594295876,-1.5151319260795675,-0.7866606162066179,0.9716740629048166,-0.11518758505386217,-0.5780037109984622,0.05171286825091696,-0.7404564865724798,-0.14181372337075648,1.3038922229125336,1.949782753106994,1.3080972701899145,1.22991059256556,-1.7272960848257797,-0.2929984341718397,-0.7754892436012389,1.7072301827699676,2.448215785737605,0.5319473732146853,1.3393144513253825,-0.34843544414849603,-0.19786576962065874,-0.0666285619246566,0.04001588138639223,-2.046706624991268,0
-0.07785005147141155,-1.924997653179469,0.7014615781818495,0.6390105088491128,-1.305532476676665,0.9184980434749165,-0.6309417027226907,-0.9264487250541097,2.068992424710647,0.1530794049580365,-1.3240207599586749,-0.9798655005512149,0.07508364673787415,2.0966444137786557,-0.37575318827464377,-0.3111376145988288,-0.39853523683454056,-0.9126195550482014,-1.0613865354620164,-1.006599607491335,-1.7875017229805419,1.3748776030345982,0.7408929363120589,-0.6930180902933234,-0.3064180786961235,1
0.3957414976758188,-0.26006895562240395,-0.621442343103688,-0.22601545637624662,0.8571971301211896,1.5243188177931473,0.08850450621874395,0.22667478464572305,-1.9265313330189506,0.14031633830889834,-0.8603479853706624,-0.6835788560605137,-0.08985791812830501,-0.12624254712017216,-0.9694625980971421,-2.9532329562043405,-1.2888533581128883,-0.5542446633303344,0.1285801843471437,1.0790033360027387,0.5376450471634734,-1.275821611101746,0.6322860488266084,-1.0666348539041375,-1.7433338964300324,0
0.8773219830765304,1.6177807010136376,1.0080062212191216,-0.8819129666784693,-2.086728919909737,1.0680795016170852,-0.311647138396305,-0.5961374691387941,1.6309057879693163,-1.048442389506943,0.2030637530315218,0.02562825125268009,0.7657781375367023,1.6251833129695055,-1.3314041613342393,-0.1629107632908694,0.4236401196747037,0.5702191550270239,0.013945389206481834,-1.0833735507206206,0.8172719809349447,-0.34065866335645206,-0.4680094063245222,0.4622189349225225,-0.1811472701072009,1
-1.8443606734157352,-0.2416968568174428,-0.41020043590491356,1.218391436366913,-2.1807107433678494,1.0904696036204935,-2.3037617551634093,-1.8073076704733477,-0.34418298857450674,1.1127242092256293,-0.7208170757038039,1.0937471325884385,3.0285139364405684,0.12160874768167754,-1.635025323917322,-0.5325162763062762,0.46767679124184147,-1.1193754489795127,-1.2351697268835786,-0.7121374921425911,-0.9347958030153525,-0.15544649717634557,0.4906426145147572,1.4142067098689748,2.495193563108029,1
0.39582295034193404,-0.686132743494219,-0.5437297346615947,-0.4484021626123929,0.06825065491513072,0.9309462231692698,1.7711640369984227,0.46836293352679226,1.1958359802089331,0.6142231265466143,-1.3516550018180291,1.0009164142015488,0.15782652088484134,-0.49848467005137714,0.11258239443480705,-0.961644519667934,0.5576976142690456,0.814276768097992,0.5548174348967704,-0.46859306642205334,-1.0149998765064137,3.664252890917205,-0.49816426798603974,-0.9849681051214996,0.36930421956629444,0
-0.3947597843864895,0.14061183559223034,-1.7972517511025652,0.3800398358105892,1.4560311646318946,0.6135743326428394,-1.971059032683184,1.1893294351161854,-0.43546457291187535,1.1625462253746472,0.40650341952461455,0.8496545050248638,1.6654189641000299,-0.14933576857291875,-1.4038767974329749,1.8598559086264403,1.1522542348201275,-1.733453755782406,0.8480362360041208,2.5605633674970227,0.8645467634002805,0.16536491971619938,-0.24369203857903426,-0.550446157811142,-1.0971603551794926,0
2.630195874393788,-0.9079483808266993,3.369032185666973,-1.3930729745946477,-0.3136355898778772,2.1355139011762057,-1.5897383663049296,2.4830153651078946,0.36377825096070515,0.2407987430793766,-1.208005039965397,1.5192946632326358,0.7143484725844014,0.8074352377096541,0.5047080018612982,-3.048366150545434,-0.09911613404813441,-0.9030751887800139,0.23314233707651713,2.015422157956502,1.2295951381240806,-0.38793578927165145,0.5997956331973998,-1.309243948701437,-1.2676573663106443,0
-1.7279690971640371,0.5477742920319617,-0.24660754426628845,1.3791439059002712,-0.08101505876937676,1.185016504468644,1.366315000781172,-1.5014733321684652,1.6609925883649292,-0.7844386048503441,-0.41194905814223126,0.16155946091283135,-0.31883525896622544,-0.9378101310610165,-0.18963816020102608,-0.3629051517241262,-0.7197483372719,3.9505634170111903,-0.10417591012634664,1.3983574996478016,-1.186003475216795,-0.9122826426015426,-0.695452810257349,-0.36388456120804397,0.908941788664564,0
0.10551965040549138,0.4924226499592895,-0.284847311174785,1.4928621703501386,-1.452868893532335,-1.1427927566409855,-0.8516615853518013,1.3452321353290113,0.5892332727961509,0.8118861460706842,1.019586366665755,1.2278862008396478,-0.5902308684112041,-2.2903416360699405,-0.8277341922409446,-1.2195538369207315,1.5359879784351735,3.1459999524060454,-0.6631656917780313,0.47760668445475285,-0.9103372366720085,1.160786367115929,-2.265892889371268,-0.8747610116076853,0.4673090322108274,0
0.7072711236097429,-1.476418880758524,1.2311632579576937,-0.34754119160992997,1.1007209485173417,0.6191030922324495,-1.3098545251873253,1.3975039108364775,0.11840228369010708,0.3604940267237549,-1.5771672092995161,-0.026581629856558986,-0.37527045495520206,0.7250747242778242,1.1249347463158874,-0.6199265408657862,-0.8104328079813576,-0.8581746449358327,0.05795258143489264,1.4123881135422696,-0.9155793863719731,-1.7822661137945361,1.6392453081248193,-2.008770304415435,0.7028453198956981,0
-2.871589246640619,0.39695304924187486,2.4388927259672073,1.0775399405129398,0.2492820531630464,-0.8243015588212095,0.9785167020168729,-0.923321824473754,0.4728133940525808,1.3869832824552832,0.974045970619511,0.2149995497163103,-0.6737712141688411,-0.4924191108106403,-0.41497457778440217,-1.2651620392978828,0.9511509397368664,-0.49093235929359635,-2.0624665361234267,-1.774617356916714,0.35506955046917904,0.9315475054732976,1.0530307164024881,-1.6676784620534435,0.7642594027809158,0
0.7838587580189442,-0.3151975280300311,1.5648175611951372,-0.27319242585086023,-0.2354269679351125,0.9931275671582168,-0.06824508690437048,-0.6895637230821708,0.44244564213357673,-0.13204939015794226,0.7457230363435109,-2.101640246057506,-1.3740739632841263,1.655896927397096,0.8226867546078673,-1.5787937580109175,-0.2505703930325005,-1.087636396816097,-0.17172743843868754,0.7653315370438317,-2.7295694904911922,-0.2758636543999902,0.9398013942539019,-1.1619666301553824,1.2306414152261453,1
0.007325757846903869,0.7293010308142622,-0.7491725331425261,-0.8144971681796442,-0.7573806831307892,-0.4619362673293947,2.2172192190398707,0.6525881371423484,0.4475009536037291,0.3599042410220775,1.459494145968047,0.7958791105480623,2.6433114639852078,-1.4723493103849803,-0.4116857167687482,1.8727548122743514,2.2477830494874507,1.1690337376769282,0.3181477405019899,0.10536977003411295,2.1351698471832563,1.8159913592198853,-0.023745826108265422,0.7785201187325874,1.1988618478677422,1
1.2999800414113254,1.4259150502915343,-0.28326047666784904,1.5891685061927188,0.39562803915264444,-1.8214806681639601,-0.24315074809176684,-1.2009899665494452,-1.0710990196937173,-1.9099757885382507,1.5228082958684572,-0.27828002066209684,0.432777957428067,0.3044030092868611,1.305740193940613,-0.381603466517842,-1.0226774632578686,-0.4964608429585048,-1.5820780824507763,-2.5321674488085137,-0.6065085719407003,1.2014366560208227,2.0204985119028063,1.2127620773510042,0.7351220179367554,1
-1.2028888584487618,0.48036517693974834,-0.32290038376138164,1.354353655384701,0.7077722520237673,-0.7612174259229536,0.24717370918388593,-1.5185176246560372,-2.025446884642914,0.06590078085326134,0.8952776314169455,0.23511513700340422,1.2880235486121405,-2.862029201600035,-1.149890821746728,0.6606667369308665,-0.46447547386373766,-1.696191834616258,0.02924432128828787,-0.24852720283206944,-0.15335360315601954,2.335738318556121,-1.8751183618439957,-0.8555124177593522,-0.8003878848106201,0
1.3758438153180201,-0.9320419229579745,-1.4841880457546544,-0.7715193471834294,0.30120611237572437,-1.368787166090084,1.1463402391186779,1.09646360502207,-0.9153878991980758,-2.576652498090648,0.9548810359464243,2.134831667988958,0.509449168216052,0.5097540184785196,0.0794985631929952,0.5641596407982468,1.933114383422174,-1.0116943496446598,-0.22009307107028359,-1.1481448228423,-0.08124529086935045,2.1141010480154137,0.4084568186049337,2.632630157557137,0.3410883966681881,1
1.2878342425639815,-0.5161015927994435,-1.8589171955996497,-2.1071923345091834,2.2424921828754267,-1.4546056713564546,-2.341498172830864,-0.37531072458398895,2.6969332672345825,0.4692361360077808,-1.256131321704276,0.9124794731678453,-0.5694805982451179,-0.9231912044895197,-1.8030612306810245,1.386709445598105,-0.9656297685666408,2.245288954500982,0.9952791073372586,-0.6819705340831754,1.4096057189362714,0.5482380525013806,0.5407036265874986,-0.1181914215605546,0.5400260790548166,1
-0.24588001481249022,-0.6676696160796671,-1.581486685274768,1.7348936358438314,0.194573258666615,-2.916602687377678,-1.1086376143322252,-1.430615776014653,-0.39702039604470035,1.647352911943722,0.2877364649096336,-0.09543959854696937,-0.22771573608440054,-0.5445939327106043,0.07144872808262337,1.0700205555023923,2.9145994436955895,1.6953892447734462,-0.7132872218384131,-0.6485181672924752,1.1638112551923547,-0.9091249079934731,0.29128462790972354,0.7324792144271948,-2.398007150039254,0
-1.4355353553173738,-0.6367695300998625,0.1410963299617118,0.5006907594450356,-0.017707323134665998,-2.6509202383869015,0.45667526513252865,-0.13841776818682405,-0.9985784306989114,0.7154644345109415,-1.3829695662552228,2.247897496348063,1.2948684621818143,-0.8991752825116629,-0.7123669742690859,2.330127727908495,1.8080468118767765,1.1347928398905704,-0.6426566312432003,0.7415010750005503,0.43889996932858394,-1.2090222242044115,-1.155821462138252,0.07731325550344958,-0.9424129459097909,0
-0.4132783202007723,-0.5818504614963514,-0.7111938341556068,1.4479305734477714,-0.48435437417216726,1.3104803730510262,-0.8590377484998857,0.48644079005761465,-0.8107335560637108,-0.0497496432948169,0.8363822469962718,0.1544196585965535,-1.0394782438528498,-0.6289873983845694,-0.15849771975689675,-0.2470069900706193,0.8607247371516928,0.17674746208603404,1.4904082555098492,1.8291864142931173,-1.7058486505586201,-0.9556778958892624,-2.1279256397748805,-1.6377838580182884,-1.685481327053778,0
1.7904531307993579,0.49320589764375883,2.6608535869645955,-0.07990766583255349,-1.846397385135527,0.8625075095989067,1.6473317370556717,-1.4237529467977925,-0.5475970744361871,0.7957081919453293,-0.6541727706471672,0.5303540365909144,-2.141053578853051,0.22382912943761835,0.6014425102556676,-0.23124324188123957,-0.19709297461588604,1.2075057234718711,-1.1257328942515872,-1.6917022518232003,-3.68121063753318,-1.655979680528965,0.03936259885100949,0.1945122025813254,0.6370698554659503,0
-0.542967217132754,-2.123262757047641,1.653873721515067,0.584703752652107,0.7078585982302187,-0.6187713826106216,-0.6154479873301949,1.8059845856702912,-1.2213143534245872,0.5626259280437675,-0.4358823520239409,-1.5716280633616178,-0.6392780985684711,-1.6968105217437932,0.5618191513210045,0.659344847875244,-1.3581997838494715,0.06970987292749557,-0.24671923490844966,0.9760034686663128,0.3788778854508179,2.2068219921052243,0.6544079869442919,-0.30022619911813786,-1.597296879389995,0
2.723625400788415,1.033020164196949,-0.26974222336725107,-0.5210203726106775,0.9775326935080424,1.0869965535208443,0.9025260228238063,1.612408460058433,1.784461697501266,-0.15657745934289077,-1.0672879034279383,-0.5949906989803556,0.047914610532749785,-0.7623075408015925,-1.3804402282455746,1.9390019805625287,1.5854723927600884,-1.6805106470871662,1.4990583769777885,0.09870975023640577,0.35050828329863065,3.395278549599535,2.7038864994050895,-0.11978674736214043,-0.8107454507623036,0
-0.43238387570589076,1.2203148188360033,-1.4679069138637195,1.0786911937415529,0.1496811531996053,-0.30588704961584207,1.0724855610364483,-2.7616447761815217,0.5617189364913919,-0.47905528885211535,-1.4716176204167226,-1.4414472943969718,0.22101624494178562,-0.1839709838796913,-1.2647519504414062,1.697507945820095,-0.18991741017846986,-1.219752011675705,-2.085411458447879,1.6586372863651369,-0.010421579157900528,-0.6438255212580888,0.1011590927875794,-0.3262335766731862,0.41733886504706297,0
-0.7064501401950463,-1.9304016648126008,-0.9801445334233092,1.216104708233141,0.3588752752321377,1.1004792963596604,-3.1181310645092815,0.6088773693622281,1.59516717461304,-0.0307600551118401,-1.69291683022661,-2.2925490421429777,-0.7981046332601497,-1.1496553612861868,1.2105422340686318,0.6124437206415603,1.0623553243850734,-0.7431964605169804,-0.01222922534347326,-0.39825345168742915,-0.5164390612148276,1.761096342144469,0.6091619702448245,-1.1352735043725963,-1.1225718324760514,1
-0.6222921104165126,-0.5406937974280001,1.70201989120869,-0.16938694209728944,-1.2459550878472272,1.9927888207327684,1.467174787419828,0.0837135799835198,1.082343397148937,-1.0605113424443344,-0.057350123751721716,-1.8648384279086812,0.5071398517208262,0.7393381731638635,-1.2793701698362996,-0.36058157762725945,0.5181006599182532,-0.004305282090398932,-0.1152960380176814,-1.9292442842371296,-1.7843744460178494,0.011327215002474356,-1.7054633593820676,1.4050936196742678,1.2198563813001033,0
1.6155352240502996,0.7705376114547619,0.4772634747428578,1.0867145388818678,1.3738110345418453,0.9904162423838924,-0.24583325133319045,-0.8341162433110553,0.7186639122025071,-2.4145607803562825,-0.006760594959415278,-1.5505267288058484,-1.121521610215994,1.399330164166916,1.457048689002086,-0.16781425405255673,0.0509972138475957,-0.09730278991152597,-0.08924958515147174,-0.9540094127231427,-1.4879310322144712,-1.335472840984787,0.05745362950243682,0.12998738475167249,0.6824629566285799,1
1.3067461507028515,2.3197659152665335,-1.4502487105224602,-2.332972157440593,1.5750886928508305,-0.6103074311807162,0.5412161188456277,0.13717367679140965,1.8283271168714004,0.9331085240122686,-0.7845318099439915,-1.9691284212212827,-1.0450909910200266,-1.155297390828872,0.4513328862022884,1.6031167581862,-1.950611578897806,-1.037272702876181,-2.7018521276907657,0.041541060049791245,-1.0586687086143374,0.5725757449785536,-0.6598533009238936,-1.8153234599784642,1.0007832181269793,1
-0.4088034895855903,0.48739436919375845,0.6893009414678515,0.2886923919968074,0.7394530627660839,-2.096431201362402,2.400600486560294,-1.5340596269685234,1.2164935563706898,-1.8892984506483965,0.5083309091599051,-2.57149884584284,0.5322436233107999,-2.119087216348219,-0.27171136291542797,0.9358799274860481,2.17683562832023,1.2173213140434602,0.819132758618058,0.08805817534616175,0.7857171386537116,1.9423165578242743,0.9546849835242791,-0.025057337524772794,1.152812061295281,1
0.33630578448330783,-0.4776581988871841,-0.4144320696998682,0.6654486824103506,-1.121017687212062,-0.3655515367866715,0.8295509476456202,-0.0588891068205778,0.3408715386832304,2.7751414388120224,1.1610520984552115,0.723379449317715,-1.166892266727394,-0.5595594188204305,1.1551817089319423,-0.6898127420136608,0.1672819746447305,2.01201898526704,-1.7067904055029235,-1.0022764638614747,-1.281835277799542,-1.5767391345843165,-1.6997718391099477,-0.24602034447650006,0.03845524102744924,1
-0.920087916607842,-1.4555559041057942,1.63802802216419,0.1254807390218436,-0.6810551622188441,0.3365817443150972,-0.6287551425234138,-1.0164654746267234,0.9619761385490442,0.9937243741485351,-0.30930197051066954,0.6075282317868201,1.8242508119374912,2.38181459621717,-0.22173485998204973,2.35415970220582,1.0100882891146963,0.3612642421121543,0.2107775789415245,2.603021951301597,-0.2955030167474616,1.6133758345738514,0.9148229507645661,-0.3330187487899254,-1.438958556082607,0
1.8981874947034743,-1.4031124785519709,1.3887133993268097,0.15526580005731058,-0.20475737435413865,1.6734308512594969,-1.1773185369128045,-1.0450000055575006,0.684901739215639,-0.7483470364094935,-1.3189935742985246,0.5515314424239072,-0.03703947569863761,-1.2468514886353645,1.6127333586967234,0.5211324601171162,-1.5005872394323456,-0.8649771733597059,2.2765812910867953,-0.08100879959510832,0.8855347363820824,0.36399407428835096,0.79601855985342,-2.061385147927952,-0.43767968284886055,0
0.5649432618243956,0.350010776529657,0.8809685681708235,-0.14289000560865828,0.1101280283277708,0.37405350765584816,-1.969859508883146,1.1493295235037504,1.3451054512756637,-1.074908834995143,-0.17095389068603317,1.1653254614273645,-2.3496632363272956,2.3817229960442874,-0.2928718532574959,1.910298996440891,-1.1077963562899062,-0.20777598955894983,2.7601729134623687,-1.1808126063547544,1.0827924296795657,0.2375539141849412,2.074708716827171,0.7096643328943866,0.2849032957741213,1
-2.410288848811455,-0.4102488671260067,1.0257139619887663,0.9839260718853384,0.5569771920168944,-0.2700750970420547,-1.5776929955433796,-1.2407696266504573,-1.0818369618581831,1.47567585471368,-0.8240297122397975,-1.7539121337167722,0.2760018602700854,-1.1088567651150556,0.8184854966581524,0.012432014407255998,1.3721482002792436,1.550617146023351,-0.7731369817046931,0.1209316016973101,-0.9219041427584049,1.6131308937126,-2.0374674380915696,-1.431511225622088,-0.05202270721413116,0
-2.0302648029454713,-1.6792152514487346,-1.1518630780908108,1.4221700042434642,-2.132483920813504,-1.655561578687496,0.9481195590659922,-3.0088568746759687,-0.7632105442415213,0.87004683836478,-0.9176410455153139,0.35491426634290396,0.6507957064809459,-1.5851565737894335,0.0010956464211091532,-0.26577626025141043,-0.6092953009584505,1.829809949187511,-1.7595373110295611,0.047996845354045886,-1.0196336816312925,-1.6433930176889815,-0.7623661528256596,-2.737487012202973,-1.0950930354112642,0
0.3887437811302564,1.5007245496976087,0.10517028109869037,-1.2042131811099988,2.0577189096590507,-1.224775785184332,0.17087706691145416,0.6269368208116921,-1.0701615909068791,-2.463162902639204,0.4529459741370023,-1.3999658025602284,0.7874684001299457,0.12225695212769716,0.053761250402199534,1.771643512811744,-1.8811185015812033,-0.9021382843467991,1.7562360513035462,-0.7320584416660738,-0.47286620252153555,1.4360180920507917,-0.8833556912383758,0.48577875125985226,-0.25087422075357013,1
-0.7708772568401958,-0.6480101201778699,-0.9423682070324427,1.6147538203971705,-0.8110622512090676,-0.27198253685893437,1.308287772053069,-2.735406437735426,-1.0906093932994614,0.3028003946707537,1.2752690086538014,-1.078099478364435,1.2019915301768263,0.47339126177235635,-1.5081371535377048,0.6386027903173356,0.4633947425562538,1.3900223772318996,0.48938126701016627,0.7867222109967962,2.1161384913749997,-1.2582352095850207,0.25602042758087706,2.5942374529554604,-0.5936939816090223,0
-0.5173085725541168,0.02793152495697704,-1.0960790741077786,-0.7704798522219818,1.3820654482508068,-0.7522384590032669,1.8943142629905307,0.24481510501171733,0.9229345217326168,-1.8078545164040827,-0.24053994049437089,1.0395558932475768,0.3587142149515173,0.18864800781967225,-1.0605907819204567,-1.6752513983980153,0.2519352075942185,-0.08652999999978034,-2.6243070709301377,-0.8157959022825574,-1.4194059144838709,0.7531524223694297,-1.9506858485764966,-0.3417304239035256,0.9872416720978461,1
-1.4579470506807786,2.271624142468462,-0.9649887719192075,-0.1126541189305028,-0.01969370127756409,1.808097802878149,1.2605718371435644,0.38640411611554965,-0.7236764824215732,-0.37785542174806785,2.8285925636055462,1.1601611382999917,0.7750457840169159,-1.7974977847901594,-0.26007542276134543,0.9606381042210146,-0.8175479922832299,-1.3493607538576529,-1.3944094413045107,1.0079940489248989,0.585236636455213,-1.0666851388207141,-1.010663363276203,0.8010093672969145,-1.4860659771786964,1
-0.9190498893330061,-0.8876829295439372,0.7119511652691193,-1.3770502338058779,-1.2346683760496882,1.4486574705801196,-1.0302827089757922,1.2136817862239662,0.24269701821050238,0.01536073201850896,-0.40231506711272635,-0.12603890401363993,-0.008540613200371638,1.0315433507625154,-0.09233858845655785,-0.34940851630364034,-0.7962201078977682,-0.5860081717542891,-2.7197573638502606,-1.495629707483662,0.6726083869242407,-0.9327846019700161,-1.0602477480041754,-0.472960474122526,-2.2417860881188916,0
2.2804340281498163,2.41130535239941,-2.5740592365983694,1.4871560389672265,0.32763901549243646,1.019036254280638,-0.9727325404299402,-0.95316116231303,0.2938589915053151,-0.6811801528181276,0.8774913529571153,0.20196304839974744,1.394625165608168,-1.5686199507872893,0.4457796265281936,0.7285344046572497,1.3368813487266957,-2.3500686149820904,-2.4378538781282213,-1.7077767693744441,0.48908000519992295,-1.3180334448593305,2.137628562564211,-0.41869219330861007,1.4148902104820018,1
0.8969712061689354,2.103829315058583,0.051017855396795375,-1.107624811632253,-2.7945210975393753,0.01987435207991725,2.7458541648498707,-0.6078851242674761,0.02610145143453238,0.09393626900761176,-0.6758741113662636,-0.23133367111214817,0.7987476936650193,-0.06097673306151152,0.7306857071764968,0.28353187492235654,-0.6097054350856532,0.3755086121057377,-2.4558212473207677,-1.0907518703788135,1.282042374194834,1.1009917098127482,0.9631249551651107,2.0072746282753524,2.4761845879631257,1
-0.7920017249724344,2.2664370399071156,-0.9201441779323392,0.5255608085450734,-1.2173235345033036,0.10387154173847868,-1.0599651562139825,-1.3613797954755948,-0.20747450674980428,1.8834105786109436,1.171028057390103,1.3755090911691672,1.0571740167168255,0.18794857789801034,0.13226853193699445,-0.42574087548219697,-2.4175096447310276,1.4623753326379743,-0.8731790335161506,0.9623152964145074,0.04836802466003842,-0.2978911597954624,-0.7481655776808257,-0.09533007497466617,-0.803887355338468,1
1.6856187259400195,1.3991982939903826,-1.3223238563041677,0.8728151092658356,0.290921478641903,0.39274973025703264,-1.2487020850737567,1.05266797388978,1.445702611979639,0.01915510464374537,-1.8469248796815692,0.14986524575667914,1.3682303995772949,0.7874434146514412,1.7724587013387907,-1.568843797466576,-1.1755043870631885,-0.5904701235639014,2.1977543141470024,-0.9539250329109602,-1.313177415487032,-1.4904245566474204,0.28770101314111296,1.1573222438626023,1.9338584164151593,1
0.24678574762084038,-0.9493151622366093,3.0052959688408745,0.828863152285354,0.09898775768027382,0.7695622006344858,0.7880228367946961,-0.9585405076298998,0.487721637556693,-0.9419842350911797,-1.9604322232994489,-1.8213253374528802,-1.1370407758654628,1.4182033607119902,-0.34291048503722815,-0.5205086048480662,-0.42198218822469713,0.7359357328140692,0.40235442700731794,-0.0059550841304893964,-0.3079479830126974,-0.4136917079938571,0.21610298986264387,-1.120991047790897,1.589061944205824,1
-0.5137414331806572,-0.8524642698684399,-0.4855940039084336,-0.8512109288750987,2.4598760379475166,-0.7236080952067463,1.193921095339602,1.576428000283677,-1.2717278457458854,0.5263622036131574,-0.6253867170243629,-0.8979193014774742,-0.20346228973201602,-0.03547100430896624,-1.4759052106377268,2.999119543223453,0.9694810645945674,-3.0415983916454903,1.592349372746862,1.789125337335798,0.6656474264131651,0.9464901724672762,0.4320291280874069,-0.7667039371281804,0.2685306498645907,0
-1.679225362721996,-0.24289319873553716,-0.7962257170281133,2.6058236647491992,-0.8826987553329398,-0.2893078024352205,-0.5093312876795616,-1.249338356172655,-1.2103318208770708,-1.3542506820410907,1.683222671791504,-0.17769993298317954,1.7052013788185285,0.09021375243457214,-2.6364925701481243,-1.36292809949597,-0.06438004691399685,-0.012543029092127955,-0.4291520290404225,-0.7869690327771252,1.4712078665157222,-0.8348852599833262,-0.6511544228744582,2.3362327050682694,2.5732302295212297,1
0.8854605618890192,-0.4013124039759036,2.1531978429871383,0.6576358479855204,-0.6495484330929313,1.3861382316473185,-0.29770061395803327,-0.009391015202117853,0.1176216910665786,-0.8064151542059206,0.20038646663803994,-2.178411127913325,-1.6526331150594453,-2.3908677401571903,1.0011537715775818,1.3251203852330489,0.12501293347528641,1.2198222719829488,-1.6803630713445221,2.7650230904821878,-0.45905306990199995,0.9937925566564764,2.0443104915553185,-2.3727305365502334,-1.9699092720936107,0
2.38099284922641,0.6460540774951007,-0.6103197806094659,-0.9663927895387369,0.06379539328263828,-1.8555054930689463,2.2909986660791315,-0.06888839956413773,-1.2053643862721024,-0.4642647061797004,0.9617982412092095,1.2591604654533808,0.360402999282602,0.4128991610906673,0.23087170159983506,1.2781375061798539,0.048372380214830674,-0.49415538887841337,-1.2519369509697413,-0.5893016411640744,-0.058865858460847464,0.6985670469328883,0.04906124063509226,-0.8317649727007886,-0.6566373002576871,1
-1.209271443866982,0.5780339515744038,-0.4268253162644004,-0.8215501662319797,-1.0148634441943578,-0.3697603751969887,1.1613984511955748,-0.9672746192443509,0.3313381223681925,-0.6496605689695595,-0.5268715527349678,-0.37817699903324536,1.1046765334862398,-2.0079718214169375,-0.39659916318960187,1.4934274238294516,1.1017148800460395,-2.7960279584329397,1.3706093694879764,-0.6293002349097826,1.047899218757908,0.9346840795230541,1.233039897250212,1.0969396529703723,0.7611435193384914,1
0.7856151445306321,-0.002542615102783339,-1.1134659906207829,0.6308486222817336,1.6138063317204434,-1.3498303521386348,1.5311544287440562,0.12219781559355891,-0.3350488053729439,-1.2105934181669713,0.40257094474090943,1.4617314360209224,1.2122429463040958,1.405265758868829,-0.9294188041194447,-0.6992862441694637,1.6441305449449555,-1.046923808496874,0.8325399052711632,0.7464898781069449,-0.06467420519861622,0.4915212558051296,-1.4755846776523984,1.9121958478672572,-1.8232700472895687,1
0.37776717330419196,-1.0153498012102846,0.0009189989553661793,-1.8743009054110724,0.5097088938004206,-0.2948221941733282,-0.12306448510478984,1.800192896751133,0.22420648749860228,-1.362124002049034,-2.005496474335641,-1.723695665190905,0.16598642137208441,0.3322446013238743,-0.1902198152221537,0.3088895946047937,-0.36392228063500054,0.069126014031484,0.2014588461468523,1.5193723152761736,0.24518081674572828,0.7221719535598141,-1.7269836965906729,-1.7545131253618325,-1.0129232529369516,0
-0.8306462840741368,0.6632905570580402,2.8994132022420147,-0.8486608752592164,1.190948012270286,1.5751516717351757,0.6786287730248541,2.4236838295793426,1.1523353034641115,-0.8043024506758595,-0.12188644731634815,-1.1677147172073874,-0.9848151276288152,2.859216654502319,1.3416184086169334,0.7623543132909242,-0.9785287577185982,0.6124922246977591,1.3027458381728323,-1.7895839997151122,1.8171376551452008,-0.6095534806177698,-1.0308889171932116,0.14279443310312262,0.2447806265142335,1
-0.25168996598084237,-0.7041408312205524,1.0015094651871348,1.6888573763497754,1.2278938626643154,2.2766697004580663,-1.83088827574905,-2.1302606886663518,1.9209807087101909,0.004963066659368187,1.4796873913213313,0.9442614133844293,-0.08638998879623076,-0.4439641149314456,-0.29493894824968714,-0.44245108355018054,-0.6682410085709221,1.6529112593074953,-2.0819207378462745,-1.227867195538092,-0.9846411736782098,-0.5270145796199162,1.5919340003695805,1.3915517642954307,-0.2977727663090834,0
-0.48539241642974784,0.13079973067558848,-2.132708680701676,-2.0640312679239208,-0.12379986650807248,0.03416437536549277,2.051783419556987,-0.7097033414661148,-1.7762763759351654,-1.576402369913252,1.2042638964119368,0.6457429767046567,-1.19454165520873,0.9688132004647534,0.4767908404218907,0.5159525301677322,1.8013385197790237,-0.4237514426440048,2.7916194351936356,0.9899264589734383,0.735023367754909,1.5170389163778417,1.0518461616525974,0.2802321818528952,-1.3509811567950174,1
0.3424664854576279,0.13753596314540467,-0.07760385029591765,2.046248432032362,-1.5531138331024754,0.5118480913533144,-0.33754097661935956,-0.6745762776462352,1.3517576483824305,0.616911857982996,-0.6587690490027345,-1.5465465514779715,-1.5720894541932138,1.119257774917373,2.0197727614466525,-3.5198819179229046,-0.9781985612435385,0.5693678899738946,-0.6307409158161481,-0.37774186003096527,-0.17335907480159918,-1.7981209723319824,-0.444001269142525,-0.8438784765830354,-0.5223500877865878,0
0.9102739647961422,0.612847095979093,0.3654669692911068,0.47912588968320147,0.3297166119960613,0.5325432011494757,-0.498490966652763,1.8719343517290452,0.4113958286635367,-0.5254897551365346,0.5254759629714956,1.2965579434869317,-0.08941842601038263,0.6833565648370261,0.5402650115473738,-0.2707075761717276,-0.14296976933113636,-0.03340201253053324,0.14043652580107857,0.3290330170685441,-0.1192795188785366,-3.2458119916301666,0.42220829587568076,-1.0566493660763254,0.08502294891495443,1
-0.9492222877233665,-0.7522156724959785,-0.39572445774240733,1.9240587246861391,0.1966602313605973,1.1306262095864454,-0.048260433122711,0.9817410295904242,-0.679763190473723,-0.1781899981582884,0.8966302416393871,-0.8329546424069931,1.0126598449593032,0.5441693322641421,-1.4697199610529088,1.2199906322232636,-0.3241691312279333,-0.9791384503088856,0.39585254856533053,-3.8794180168061754,0.26759960183076215,-1.4461419218209253,1.137804442263742,0.40706198683520267,1.830400694628847,1
-0.18914066057776757,1.6368876894406281,1.6188504531809154,-1.4072090331422045,0.8697128296495475,2.7400586282959707,0.05221064235876938,-1.5582358083116763,0.7743763624115911,0.6609704161067522,0.24778795272274912,-0.8906153399719077,-0.5175889002169524,1.3381681693598027,1.587608724301126,0.5484359642858587,-0.6643742798683091,0.9591601070609895,-1.3782493510204286,-1.0238530688969343,-0.7006385512723047,-1.8142068537406693,-1.222234281875426,-0.5897340486157225,1.1780408489695633,1
0.30457957035196936,1.7069655595520126,1.2402279295184755,-2.1842742796546486,0.5757930337019387,0.602986082301016,-2.225758049373879,1.1537182309581995,0.2607552986331035,-1.253439813476103,-0.15690037951830255,-1.774184384028441,-0.26492769491832996,1.6693358566252914,0.6135987767236409,-1.4283567823419498,-0.2201824468746832,1.6648818838304964,-1.500304715240114,-0.3076060717931546,-0.5372121696459046,0.26069105986581187,1.4231424319008426,-0.51319694923592,0.9651137019634857,1
1.1070052858801152,0.8359948595255814,-2.063137000891258,0.009830190664683713,1.4996553606966292,0.05427163576933086,0.15595036045220229,2.0805509373164592,-0.09456581279095233,0.24237574528814976,-2.970027361610374,0.16509581758797398,-0.6618290103797722,-0.5755303919274245,-0.6456788272640914,-0.5053280138601703,-2.556412623484173,0.6863363025119575,1.0944826483103685,-1.7391639211529792,-1.3324807645701304,1.3574265417961138,2.75019684531654,0.5762084933293443,-0.21396798318204302,1
1.1061928486677193,-0.3991385517096495,-1.0492142625603342,-0.9318510136163685,0.23425659585610917,-1.6092236079072535,1.1397535766716917,0.9164279966910103,-0.15620363016401695,1.7047151777130365,-0.3585927956789554,-0.8267205553271719,-0.6476665775026812,-2.0650285996382385,-0.7304310907053142,2.7485341061658017,3.9149270594270607,-2.3292752126329654,-0.7999927165868592,0.700838412784551,-0.15815199122104784,0.279977746527783,-0.5029598159169782,-1.397026555141941,-0.6749204304270647,0
-0.9645060642826332,-1.8250013170943613,0.434391044082196,1.0528145433851257,-0.4813079309183472,-0.7823540537809475,1.818281731294267,-0.4837098634899534,0.9141770834217059,0.9537324866848453,-0.9826976168050315,0.17782136949571636,-1.6607834998630038,-0.16315847658231059,1.1387658838252437,-3.054158381032943,-0.1390137904695314,1.4160038331097653,-2.030530135069675,0.6341971676159524,-1.0473820092610673,-1.5753131958061894,-1.0899879967690578,-0.4431511542847719,-0.6834532517563585,0
0.08271031272249385,-0.14815868359607745,-0.06589024590974141,-1.3384623160998634,0.18198363618918095,-1.6978896193631114,0.8735557544247914,1.9083547002598267,1.869816461052592,-0.15071731783685027,0.30798513408153044,-1.1141756473211801,-0.05913881148346699,0.543522108231725,-0.6781880303497959,2.113374457849306,-2.3558907979994563,0.39564579621930596,0.4065771466026361,1.4646081368305017,0.7446687833551073,0.9396656604289974,1.3403050649618615,0.004096470033960409,0.7433899037980045,1
0.4662934905174906,0.6826311478347169,-1.1644561228473145,0.5156670231700999,-2.405102420798208,0.27053744179186956,-0.6140496542645408,-0.033069717770856655,-1.626761710162295,-0.6458538038883462,-1.2767879464636818,-0.7893376860769924,3.418462937527051,-0.19902736391987597,-1.3025782332054892,0.608458569056136,1.952733316644684,1.165591259179942,0.09916606030199893,0.3388643235151052,-1.168341665076487,-0.6479931643261878,-0.7374196399015249,-0.09884031851614655,-2.354167438429731,0
-0.3960551418460586,1.2403612718799615,-0.9738667740291167,-0.7289067533498377,4.489357759967911,1.2247347651973668,-1.3611511651997525,0.49228118073998994,0.5517019974942715,-1.4171218047342562,-2.247381338831874,1.5440762461807824,-0.6926998953210305,-1.005698334516985,-0.34334158835961615,-0.9125640738329733,1.4938629348266672,0.8979947493728108,-0.9091388125016423,-0.012838033155072703,-1.0191997797785382,-0.248626437329439,-0.37391343540854294,-0.6403669816328598,1.186565721922912,0
1.7845161097506013,-2.0955895080772953,0.16863867406144717,-0.8922138231070819,-0.6677813783133107,0.1033338434677834,0.8637497691209065,1.0974657166912165,-0.6834090662271318,-0.5853510022131438,-1.7216316630308584,1.0798674268797042,-0.1761045723074813,-2.350498900997045,0.7749778519126134,-0.35419702340536846,-1.0845764741378718,2.3424348710093392,-0.1663945179467655,1.931745410720525,1.1323583870837963,2.4089508221789573,-0.5388206469381693,-0.7847955801794912,-3.203924688854173,0
-1.7611594007328728,-0.10092102934272593,1.2481893627739848,-0.37664967536852345,0.9798496306585243,1.3998852898758665,-2.141467904372929,1.0528744531099665,2.3207029094061498,-0.24441545134739756,0.8218895908906082,-0.38084157089901194,-0.4220859566078834,0.8424853891095806,-1.6458996533466888,0.0669976396723545,-1.600789082786076,0.7406381652125116,0.44578472380103457,-0.14444520113120402,-0.9205307071464671,-0.1343465952786544,2.0656157466226657,-0.15478639984252174,0.5549260852752986,1
-0.140911006296783,-0.5272538666025589,-0.5753210068611279,-0.10670688612865808,1.699459676899836,-0.8042482218801195,-1.1785094442575546,-0.2246904588931019,-0.8637649231975066,1.0290123124006219,0.44713973504925697,1.9245722961093845,0.3023336614288241,1.6085641936781836,-0.8606878112350611,-0.2752528290418066,-1.1743374749055,0.10329474487571799,0.6701276404111215,2.2879823893737443,-2.4684253396844733,0.691912886850249,-1.155382069323607,-0.6279222982294383,0.8105201841265438,0
0.0024525577184472125,-0.943810972887837,-2.8295510844515834,0.8519449937108471,-0.8459860938042051,-1.0140963634775813,0.017540663763166542,1.2275865721507178,1.1472484548793596,0.29374467383112146,-0.03999758949821408,-0.1771925848957756,0.3842114720888813,-0.878826567631207,0.9609745183342748,0.8268417299046833,0.6631607839058842,0.3161433745239104,-1.6704597378719734,-1.4225775341583082,-0.4167615560650873,0.43779440770937295,-2.120927776530223,-1.1634814244267129,0.6965319706689572,0
0.15813332058922835,0.6725006208260839,-0.11103223258938119,0.11996761147698931,1.9906515615161935,-6.501591793350858e-05,1.4288334137540573,-2.4734363843624214,0.2684937934073431,-0.9188930644062032,0.3810433192958036,-0.23946276164922178,0.6045494244316018,1.5578591418767644,0.5772763638257933,-0.7556719175625253,-0.2679289815565381,0.4628917279291489,0.3825977015163984,-0.672673153487463,0.029195203755499333,-0.3642523838694752,0.45653402738743587,-0.4230051731333514,-0.48470644996337786,1
-2.015065971670698,1.4135426292410072,-0.9637644838744023,-0.500215935275198,-0.36585046446387615,0.5004336174732451,0.22275272411494737,-0.41136341484235744,-1.380655463291115,-0.37304807234125104,1.6567899034603712,0.8413333821497339,0.5558724367450221,-0.038593661074060814,-0.13268661513135405,2.788097598769782,0.21358452787316873,-0.8084629967896935,0.04174316044627674,-0.4983990225809447,2.740042081948423,0.6774292134396803,0.13736492917280874,0.5358462125662412,-0.8866144824552016,0
-0.6099447859470168,-1.5812160310938534,1.5268588090704232,-0.285196000373351,-2.394233270123919,0.3453319219001757,0.13091032414621184,-3.103216701009822,-0.37758906170282264,-1.1129450380820125,-0.5175596992488565,-0.20918061668992216,0.6499341619329098,-0.1298342196605261,0.9416817258446968,-0.6085547020053408,0.6477943451998326,-0.0594778332980036,-0.30686189817339093,0.5394376919501254,0.4440791576491333,0.2633775314527314,-1.2903120200870366,-1.6258704150795902,0.21352900094901006,0
-1.1721120561734075,-1.4262685681218026,-0.8468145949946522,-0.7258998938023515,0.4534352387583689,-0.1307098555260745,-1.1947373022575904,-0.11831470268031241,0.795526181153715,1.1775881131053823,0.628361781289446,1.7495827079347332,-1.024781609157317,-0.9976913897057371,-0.012500972349446415,1.853109929831029,0.9355385269610337,1.2273763869008267,-1.999561208167039,-0.2400439708429083,-0.21103603306481644,-2.094356539917942,0.5028173855839707,0.3472384489778064,-1.9345043838337763,0
0.2877260222967762,1.036141114466188,-0.09021602591319756,-0.9661321462245678,-0.5091680093739099,0.8933416411888948,0.9330405525155425,-0.5461922070738597,-1.3319496162588085,-0.6450071325454974,0.8734546230417565,2.2515327418717352,0.37490318420828106,1.2432925635096546,-0.1326575486395805,-1.0732766814356591,-1.897136924459831,-1.8645450957404248,0.5449550768465359,-0.17304597506661434,-0.7501300678525789,-0.6089360006535507,1.0160579515289339,-0.10156255592417063,0.20010182178373503,1
1.201349532072781,1.2144261863245862,-1.0940332573374771,-0.11438256159681459,1.51009630390748,-0.4448238017815819,-2.333804791284966,2.9214682274074377,-0.04790312814700187,-1.1410555173053836,0.3137163721647249,1.546619211926937,-0.214947206330716,2.058717949596236,-0.0014155637980114433,2.496234706765203,-2.468381359044119,-0.8052031498888607,0.4925365948250144,-0.5314203615215117,0.35259662125320906,3.1970599552880046,0.6205124038542085,0.09420308869724178,-1.0277057016930407,1
1.286015330596121,-0.13204562849071422,0.3979662172132335,-2.304791359243014,1.2445465837338188,1.597525233093299,-2.4774641398245736,0.2047689253874998,-1.375250745643084,1.408837497389193,-0.10505507906555578,-1.3187403315808375,-2.7388722130713226,1.6997513576598164,0.9424109799140504,0.6614399950115831,-0.7732475711387565,-0.4100516424321074,-0.06524600390603012,-0.3120085448108326,-1.639259433878516,-0.9668525122071353,0.35866801983790686,0.19741047566545267,0.5519076971765121,0
0.8997886990350434,-0.7593207257874809,-1.4633963501248515,-0.22091449275318456,-0.8013224654193122,-0.546035552870428,2.1358809351009733,-0.3566722475216077,1.0257170929991795,-0.5338241172547544,0.5579683560332899,1.3352280835154342,0.8873382145165626,0.7317824043832895,-0.1695151184991987,2.0947729965412045,-1.6654843410593645,0.010332956442244634,0.39956448913254766,-1.2193736566828224,1.9379611715716694,0.20301031049026175,0.66468640733919,0.9587343156437594,1.3035646271362595,1
-0.25681900232603433,-0.3459741158468056,-0.24865892642254916,0.12831477141910896,-0.4910328083112726,-1.2305272457973249,0.27565864303813103,-0.15670928789215227,0.31733643323238225,-1.8728815235969556,-0.747229498832236,1.4113596104748438,0.938053002878195,-1.0551631170951477,-0.7628788034125744,1.578271221603202,1.1409126620401036,1.3519057005237303,0.5588573859356785,-0.2137621886227124,0.4557135322353161,0.7668185955846758,-0.9532821845321275,1.744194040683206,-0.13887431551994117,1
-2.5420358029881553,1.0015520483198386,0.07054588713118443,0.05579449973275197,-1.0560038117750385,-0.6942746541167802,0.713958233221021,-1.02190500190521,-0.5531333148639044,3.958229502533076,-0.07072304132061485,1.305696188037401,-0.8474050024400043,-0.13771173958084826,0.10617252348254813,-1.9138565291292235,0.3076441523891043,0.5175384483894574,-3.108968623735355,0.7258083769204666,-1.6437369641117927,-1.7221553017786766,1.3930777922528126,1.2175947622708283,0.1282838993399436,1
0.7731668252799695,-0.6979429502583613,-0.8295014966618837,-1.084742692510104,2.2745861363607602,0.6019392312474909,-1.6793697741978053,2.2348049356248723,-0.9608184234259648,0.07730593847276207,-1.998939547312847,-0.316746830233934,-1.9222194004315432,0.6356934467250785,0.9525963179180783,-0.933852349658064,-1.9789338439644297,1.1653756064074314,-1.9879052251647815,-0.6124332831454856,-0.8976728525466835,0.8459815799435102,1.466564693348791,-0.5458441256956049,-0.6283226110349968,1
-2.410365551610739,-1.066760519432854,1.0807643215546576,1.0218442913937176,0.009113761293486955,-0.7797843951643756,0.7775472478556441,0.4978869515060558,-1.3625977282361954,2.650377183868744,1.1461124293010945,1.0411339897387657,1.4073683328901252,-0.4558876151361304,0.3685447215718958,1.2460725948277023,0.3383504264107702,0.29580112444914,-0.768762862705032,-1.7281174576301657,1.0748949890212445,0.08857644079650362,-2.064588501210832,-2.026139694591874,0.7816109988816288,1
0.10888653679675919,1.7803566355662688,-2.7063247313930128,-0.8355839366819847,0.16857271684400138,-0.598297335992125,1.304343730372469,-0.3988605162375559,0.4198656211073035,-3.262752801068081,-0.38440493054340696,0.010354156944036907,-0.15688388668760336,-0.5622566724187819,1.192909656198659,2.46054447896659,0.6930568394247147,-1.0460363192503632,1.9830388288556813,-0.3340201212454824,-0.8142345618076614,0.27215434925605153,1.7588398015316258,1.129756185879658,-0.06297226420005864,1
0.01436129110089801,0.424833254920597,1.0837394887567944,1.2519202461523706,-0.5728738627719918,0.705317362005831,1.396852637925101,-0.8239260613709767,-1.8171999389952629,0.6598832376083343,0.16307656461672004,0.41041256604313797,1.4626152032614341,-1.3497916965006547,-1.1715935322519409,-0.6814657093347966,0.9288422161181634,0.6637990344041729,-2.1092304153083816,2.3626515863555406,-0.38034438007528876,-0.0379563469947448,-0.7372283337133323,0.44768883667196846,-1.7884280921632882,0
0.2869249439923545,2.271805514226819,-0.6970158852900905,-2.45242137047522,1.9383330898035491,-0.017692990741634947,0.4208583643990799,1.8113406284855587,-0.23187484788034252,-1.581945856494228,1.947245697508236,0.48510226086881236,-0.48031955272509247,0.6790401572574349,1.847571044820782,1.208216451348068,0.9642150045170617,0.5213014220031899,1.3587676411812832,0.6845989449997218,1.4623692905073984,1.2507082640831126,-0.08017898012068791,0.009706948349708089,-0.29488096409972586,0
-1.0009146271476785,1.394070944366776,-0.4644918414471713,-0.40135316302003987,-2.203529016494798,0.039348669122592494,-0.6005757860224935,-1.0023560929434094,-0.3471975894426816,-0.24317750846729932,0.11956449951461368,-2.1624996555517737,-0.7580177052033953,-1.4211024168087385,0.44190509944301337,1.5028819863692264,1.8690208233744292,-0.6141117419360042,-1.9486606700135178,-0.6368777140800164,-0.8034269859846234,-0.1825341441830976,2.6801584722951546,0.05187382456370304,1.9061045481956653,1
-1.1968690961137307,1.579986785401898,-0.9062511956756542,0.3209892986843938,0.019853104504369945,0.3876086767469852,0.8194417267755011,1.2753282065431133,-1.8686268961199821,0.9230947034735615,-1.2982496446102432,-0.6365483091122556,-0.5341329556507867,-2.421688234265366,-0.5422993722872281,0.3202619742730554,-0.7176894268314192,0.4279273859752574,-1.6731314321409265,1.4418683813023758,-0.3572206710824667,-0.028941654094574693,0.6105657392526189,0.20019240060463778,-1.469937808784081,1
-1.322786977867376,-0.3109893045528018,1.109022243980852,0.7488838227905775,-1.6306334078038107,-1.994769722787335,-0.7192317981538201,0.3017997217143973,2.345329584652863,1.101124548703334,0.6611458944335357,0.791151755024181,-1.1241557269613291,0.43826486741140297,-0.6101780301581725,-1.2063802810710258,0.7430861615972886,-0.932392995018144,1.154898010621575,-1.6258471543689343,-0.19614284309790092,0.6581481923536243,-0.8273724143585544,0.49988982698211604,-0.5784914735768125,1
0.8822964875593429,0.47528413081752274,2.1496610289436937,-1.7011142224593963,-1.1996397807312378,-0.8140609580807241,-2.9618449077618965,-0.4002776170418091,1.716807122851442,-0.8422533440146478,-0.17707519385696519,-1.661169814318346,-0.3841546198619267,0.9188919594944087,0.776410603847404,-0.36041540488260554,-1.2838111187513703,-1.5993117291804335,-1.871123339094067,-0.7610327160519866,-2.6742440905554252,-1.1632557707464641,2.275409986657464,1.8495543245778514,1.2942554812229292,1
-0.14358864586368936,-0.42431735823593575,0.08857807499594905,-1.4874876317079337,-0.1614724640300509,-0.13076426728716709,1.5267184746466786,-1.2757664869476548,-0.5851176876482003,-1.8384868145172466,2.3798311219158435,0.30448401606487435,0.873694604171305,0.9842886397194135,-0.14942089939766476,1.8952384929152841,0.7217917818682226,-0.49239333029842686,2.1007735818171827,-2.1564888879268476,0.5864885479453168,0.3183494182807379,0.9323608679706804,0.7085111800191214,2.2435617917499906,1
-1.9979676753027815,-0.38684353481784994,-0.3589628960446707,1.4661229559064903,-0.7303847604440645,-0.9924835963159502,0.6338907315727775,-1.7769579334212713,-0.008713522108253269,1.8441381807848725,0.7033815272743406,-1.0912667814047254,0.27700938429035776,-1.729980225788375,-1.4473400011973498,1.0591355010246168,0.21222814882619223,-1.302489400896942,0.9247905540350789,0.48648574337034917,0.08555092964740452,-0.8722051305590754,-4.909807964360827,-0.8934384065066432,-1.588095107692845,0
-0.007589755914415353,-0.8952140156278133,0.14741798492506925,0.19731673854366089,0.39816205254650483,-1.274253515960337,-0.839717247120242,-0.5478872344253256,0.1438311629854231,2.4363513033950337,1.3628750483771368,0.6303133522419846,1.5987785607075131,-1.5964063235846495,-0.643665617843565,-0.37480116455383056,0.28437058945938604,1.5479186146548793,-0.07860482425407428,1.7449458511911276,-1.7815524980029114,1.3950207766029532,0.12029621424252823,-2.5606826546649497,-1.565206462885472,0
-0.45409407083895387,0.7560824358142365,-1.8914099195512486,-1.1099172630491778,1.0184027988884887,-0.886328959092218,0.13175117718762536,-1.5648676347136887,1.7073053342567523,-1.245101986414193,0.7598959768142117,-1.206055039559713,0.01815183336867049,0.1620972475908649,-1.197721816261971,1.9869631766635678,-0.29541215830894957,0.40848220266264,0.6201561853127946,1.379687444329171,1.648233374048181,1.5570049795186582,0.4980517502494449,2.0552863575105706,1.4223134712932977,1
1.6353041069253085,-0.7814765572750597,1.9037581722268202,1.6220243027979913,1.8618017077302826,0.7746770162966652,-1.4975136453327738,-1.104872522515647,0.03814326110273447,-0.8203784216710226,-1.5873181974388983,0.6445208658667025,-0.12601933320399467,0.5311851087190732,0.06175243656213755,-1.7721136963643564,0.7486325586484878,-0.9887429331620383,-1.733110091538512,1.0360292066721928,-1.07484927727635,-0.5492973758251065,0.5751661809547941,-1.0615746909959964,0.7063052161814148,1
2.4397980526993464,-0.0521481404279156,-0.7275645345951973,-0.9827511214382955,0.027927168446856554,0.5168901102267307,0.8734739576403111,-0.13956187893811722,-1.582457549626331,-0.7030396545066775,0.6897016237997062,-1.5378012585155234,-1.585870147837416,-0.21101140394668727,0.21155801830539067,0.6163470880874949,-2.1024498834194363,-0.510819342628936,0.17904633014170848,-0.7817828898926631,1.0526822392579522,-1.5199176773223306,-0.13195732818392036,0.2385814960195234,0.4060131110450851,1
-1.3314754242628402,1.8439609749921504,2.3096869606421024,-0.7681077548980865,0.38274960990110446,0.6579755254498444,1.1564931984562326,0.8847257684519251,1.3001080516092838,1.1839077239883817,-0.3088346669152896,-0.8676545537080119,-2.411445992299294,-0.7974245511192406,0.20660670413120175,-1.5977069008532232,-0.5614664010410285,0.8595695027716987,-1.7606722679607636,0.35800198058422383,-2.279393454715867,-0.3975925225284622,0.5163978142313901,-0.655232018029366,1.8596579955453505,1
-1.3142298059483806,0.2600508661333998,1.4140614240178186,-0.3060454798560374,0.03778700417844333,0.12515959620760828,-0.8699625788112055,0.964099560662416,-1.3043647602329116,-0.4501397975115735,-0.22923543903669075,-1.5035257104910031,0.7161071043048876,-1.7004287070053659,-0.6619816070977192,-0.0012317710797076498,2.0486545655173347,2.5565619482150517,-0.42032492604052885,1.9932640495365699,-0.648060699124436,-1.0876029790450397,0.8027605604876441,-1.172580160864006,-0.009726153899264567,0
-0.5667486220454929,0.13787104253274146,-1.1161185191006053,1.5574989196215108,-2.905246620343652,0.7349336291216388,1.2691438449642791,0.3381033750287542,-1.6741668942290373,0.0692102253954402,1.2395331665398013,1.5027548966279172,-0.520628773773037,-2.7719213748739597,-0.14201740947038954,0.7583003205008528,2.075499578109833,1.489565540848583,-1.2577196307515224,0.7489732545657514,-1.763577837660899,0.9904327395886324,-2.537751648557958,-0.29680277513653847,-1.3314923115625206,0
0.8258515346274643,1.0388211293379048,-1.5767306018662461,0.1375796053301494,-1.3263340623681967,0.06408001503494232,1.310845954335461,0.07003428999545536,0.9963788544136776,-0.320348712236916,1.4182789489684577,-0.23854392571985933,-0.11992516637382022,0.5824414046825752,-1.2598363743966572,-1.416373567809967,-1.1944917617461939,0.9198139492008549,-0.3300234071754783,-2.969601762322896,1.133302752192888,0.47992152587989934,0.7133805160837076,-1.133518447170069,-0.7817343214219895,1
-0.7835627672507144,0.35538246281749036,0.11435505409065752,-0.2914438920071495,2.0175876891848112,0.801319320135373,0.986061168790496,1.8262318019155739,-0.12704408362858718,0.6751469581920764,0.47642574893924844,0.7940348587917897,-0.46985781879128036,-1.2782495507728087,2.5999215026166027,1.2859772710282638,-0.991432940153605,-2.1418785411953523,0.24197159114261418,1.2660061860698564,-0.5465538148574051,1.6303190184425123,0.21911814882110678,-1.4147658566003303,-1.6781631619966848,1
0.45186922272363345,-1.6693597257462613,-0.6928394241144041,-0.2947351811925394,0.3634948201823537,-2.0913272939855885,0.1262510523794037,0.9564162035304365,1.5758106449731413,-0.09332813789214145,-1.0080518135576462,-2.6947664866271155,-1.664554856614233,0.27925820618450814,-1.1320365616106274,-1.0045236062954737,0.9730454004484093,-0.06727632742627784,1.134076810048796,0.9098260184531017,0.7639404020265428,1.244065228548215,0.3553687789348349,-0.48530001638481135,-1.2757453241039798,0
-0.12026848032958026,1.8381389307461036,-0.05465562033837201,-0.6281019272862692,-1.1483098845343134,-0.5988132627129844,0.4045147009485778,-1.0451141481555886,-0.48161680519373484,-3.8365531551543484,0.23509150802782375,-2.8030497265522696,0.645191139665751,-0.6559302150836434,-1.3482250604155106,1.2979936231813616,1.1961854746449796,-2.4834199122467675,0.9758540395358333,-1.3603234921202743,-0.7762531065597531,-0.11125172370795311,-0.2986889237586703,1.926118098905256,0.8343030220008314,1
-2.0005345428854007,0.8007967734077126,-0.41965703172481367,-2.2131964600527296,-1.9873652482877031,1.037176743137752,-0.3868488807176018,-2.0647676065426483,-1.7951216112597008,-0.22705762826068257,1.5893821798576768,-1.1605494969635959,1.34293781070742,-1.6836850134864356,-0.7392958734127479,1.1059299479116196,-1.0629438620185434,-2.7782244715033984,-1.4475306618797934,-0.02027332619514599,-0.5768403385271055,1.5664978124573554,0.7988241370799324,2.408295375496415,1.5394496713683836,1
-1.1730908840426735,0.9656363875410497,-1.1403636279662885,1.3440771128394786,-0.5382361309591781,-1.62088872175904,0.6918674814007645,0.37586843245242874,-3.9868976330952766,0.5839554169792728,2.091168514097316,0.23319091421619964,2.5228675211985014,-0.05543824666611777,-1.4901227722223827,2.005557508857858,2.0030746676489417,0.6621833165823974,0.47754728140043506,-1.1343547187958576,-0.5377863304914718,-1.4490862100060762,1.6045946600599539,0.28248437888022415,1.8365068727952416,1
-0.22367679247916594,1.1817447385542117,2.496981252483535,0.5160932414331354,-1.3821632038609735,0.13274708828812204,-0.25567878472031147,-1.1221542478396223,1.34740665409989,1.029025199147782,-1.6353125683284755,0.2989144700907578,-2.1737524559886423,0.2397355351335611,-3.454534391420984,-0.17500006042368377,0.3168496492020851,0.7002382436226432,-2.266282133934977,-1.2518396528237372,1.9107267058697015,-2.49400661775214,-1.9681395490536653,-0.6145030812542451,0.18481394221436714,0
1.5623472753620344,2.173947455617723,0.0031129636361914015,0.4287965544854303,-0.7600435552964805,1.9154822506124662,1.4942697779956244,0.638498024548817,-0.20907654366688566,-1.3965186085608516,0.35888094926360575,-0.15258289526252072,0.7687306070596728,2.726831859736372,-0.06355887801663353,1.0184849566695515,-0.20553336201903227,0.718415936866498,1.6258788653933283,-1.3171295951404205,-1.0237152891224186,0.78534552951187,1.1049672570173763,0.9132841220817913,-0.5335453502869701,1
1.7584066670886773,1.6471261914279036,-1.051062002761581,-2.1353342252366927,2.4240871401483535,1.0614492459354086,1.4970789605420043,0.01177757786853928,-0.8296317588190156,-1.5849712750600435,2.7379244871560795,-1.7675076483599317,-1.0838126837611783,0.3134574601250844,2.1736467861127666,-1.4350021575429668,0.6375478531939973,-2.4429430033581934,0.7855282662025008,-0.21428512862850618,0.4783955311095928,-0.2133362097392243,-0.22335692366526805,-0.6303597889246768,1.0034853823352754,1
-0.005023295769505887,-1.6480482689806855,0.44871132636286515,1.118818105027239,-0.7465951516411207,-0.5443267112556089,0.7508077997046743,-0.48649259037278636,1.0375241348566653,-1.3050154344828626,-1.918241659203999,2.00857744354707,0.04742378896259325,0.045672072514641227,-1.3090818696295818,0.4670216906360157,1.1438958038464542,0.32679581842551675,3.0867296988452884,0.03010853566424121,-0.3606856262083773,1.169329224695302,0.05439331633591005,-0.3334856346587019,-0.8155248823175909,0
2.4176879406774217,3.4546140902627593,0.0678128412026194,-0.29692473644090017,1.1687202142818465,1.2146197639013776,0.06387436469870639,1.1139497977728474,1.1408268200834586,1.5288808173518804,0.07970762551063348,-1.569049555345971,-1.8059045718494136,-0.5041489758247363,0.4920888529541304,-1.0781475403830016,0.42969682920419316,0.5111317169158106,0.37409484205825533,-1.932828915208993,0.5381511924263754,0.6282006594009466,-1.5699826460250446,2.485198949067148,-0.45104900331652154,1
1.5370274812124527,0.0267398093015625,-0.9393637354044065,-1.6079639202019758,-0.9271841300713743,-0.5979996925197888,0.43979723732738063,1.459909110236718,0.5955701098455906,-0.3564820029461754,-1.0364957320359194,-1.8162383112012712,-0.8646612795718098,1.9196690151147657,0.6767409991456284,0.13075902278534296,-1.5160250063461227,-0.05007620990377637,-2.1624607933588362,-1.7331020896581615,0.11270138328611773,1.3050463623912985,0.7212345798574435,-0.16343822668284902,-1.5538167392019517,1
-0.369175171777253,0.005801320428180545,1.5306861648552352,-0.07147406404870993,-1.091346037359303,0.3524747888808131,0.28339809219128287,0.6983369092944588,0.02608709332081701,-0.28584239688731705,-1.6809712176430724,-1.4172617706089143,0.49212911503295637,0.21937139832201852,-1.7193791108473286,-1.6571959910349454,-0.6981787244232752,1.3485354199667379,-1.786137542419734,-1.285408566412647,-2.6087031435364256,-0.06976460854498101,-1.9117928074277253,0.5888659664601673,0.11949481192550337,1
2.7069511151981045,-0.804076249126493,-0.671149380328497,0.2908228776063685,1.0404203455548808,0.3159943775010913,0.9927964398841561,0.40556435272742863,0.6860296899283771,-1.507125792912789,1.2843018875842582,-1.2647448386509081,-0.3032056562025898,-0.3642852747257036,2.1008036125292433,1.207966752612918,-0.5384058849744557,-1.281540648711275,1.6118198225518159,-2.126566514755404,0.11048726594609415,0.1377044356864376,0.9092799448824544,0.994538198801705,2.410838046675193,1
-1.8151034474635848,-1.808721282791717,0.20941198296256797,-1.135672883118996,0.14957418016631283,-0.035619754118622726,-1.1070816239398993,1.398398699967801,0.28190724674403356,-1.1815275708760822,0.7742635843707681,-1.3613735401122553,-1.2310325954686636,1.8301345118459196,2.074705061752448,-0.34544333830848467,-1.5149199459255813,0.4119385685367337,-0.8935290387461974,0.3292365658523708,0.8437606383580102,-0.1168715219273182,1.2607656373464826,0.5149167942115499,-0.048534704540969975,1
-0.7366727042133896,-1.3543250901348995,0.3441546543896063,-1.4635925071046305,-1.1001647919492954,2.1952947593634224,-1.0667174761699896,2.4147542451729316,1.671474859518257,-0.4148967086075315,1.2784312571858476,-1.76033767637015,-0.6153607105529924,0.2552523670415902,-0.4013379812591634,-1.6019077823749217,-0.14623383161499223,-0.28460534120216086,1.358427895192077,-0.11983413686486366,2.4328756489150134,-1.279429634879046,0.3621799001351519,-0.06231705823725475,0.17758277978563464,0
-1.3745076118605635,-1.3162022309196975,-0.20530754097198078,1.5833164672358315,-1.4852422043199627,-0.7159252596182946,1.3454980280462219,-0.26451524037432805,0.13168764599701316,0.24633149397738874,-0.12386384228918917,2.236349293640436,0.21551052779333854,-1.1001123784177307,1.401627092843703,-0.864720441315599,1.1551590689684434,0.251430978262735,-2.4133590750717357,0.3208453185999792,-0.48088270351977275,-0.5573021337780977,-2.9386018009890567,-1.3420598002856434,-0.849030407762337,0
0.26071158021682894,-0.7296951166881396,-1.3043515868701676,-0.3355780501095409,-0.28007041752256306,-0.7478649320561067,-0.11343519834576055,0.8318788346074654,-0.6600885597650982,-0.43039506405514594,-2.5932526228293793,0.23659358679432796,-0.14415796900783823,-1.0977131317938276,0.9826455985323097,0.9827593045004399,1.326398430990599,0.7149452975685975,-1.617321642917613,0.8419165505727436,2.3721147691634816,0.917290258997508,-0.3001816415891142,-2.1641462039649824,0.6971875547417261,0
-0.5916851187407257,0.37293112142152174,-1.3098026051749851,0.5141731723003922,-1.6306939621989895,-1.471491569537846,-0.10516343042131826,-1.596595864360344,0.5058802244102552,-0.4782756752462048,2.587414431626888,0.6529241964739159,1.115769864923311,0.790714567710994,-0.5735965966802645,1.1063702542022722,-0.387310174325648,1.2399339245129122,-0.015246240267529187,-0.7802694195693215,3.2580540667779885,-0.9007156893966833,0.7584624045164032,1.340689342823455,0.5663562410636711,1
-1.3001474226525724,-1.5401816141543065,0.00919746066827376,-1.3967890633874953,-0.4514896957044262,-1.1024470297652276,-1.970665851824151,0.4819400437601892,-1.0870875240390698,1.4743740856190581,0.5542940147139888,-2.0327401824807594,2.5074522854592396,0.08697550986732216,1.7955549991176358,0.9551571392342564,0.20375052996582882,-0.4434877209864203,-0.9980161654531066,0.09989822731801379,1.8276134973143427,-0.015119499960669525,0.05728863076003621,-2.138397876618914,-1.5660028140553237,0
1.0057813517510545,1.358824939778915,1.7198044660339937,-0.9418443087226513,1.3766942423228377,-1.6929344930318113,0.28925758799745405,0.48059367004819215,0.32274233094022653,-2.240414225625459,-0.5683095259385963,-0.7876305545840965,-0.6172785533223151,0.8834980655559085,2.2897003458604717,-0.42500274025696794,0.007149785224017158,-0.1577857061393088,0.5584501430234293,0.8783703936442164,-1.1646565913712,0.4175079708875089,0.9906757441707229,-1.9772781665242658,0.521540826013356,0
0.7216376388582945,0.2079798327197559,-0.7930618890061738,-0.5628287946795476,0.38475003329589375,-0.6992379187871998,-0.38879718845437916,1.5441269382262564,1.250828824856241,-2.538925357261983,-0.29793909035963906,-0.3520478081113737,-0.7678236337668387,-0.25226190568783446,3.242494703538658,-1.3904771387904122,-1.8579651977824054,1.5039099561858449,0.32415886026747304,-0.9945936994535759,0.6476995197908335,-0.02975852178180477,0.9026342322357493,-0.1404346492537064,1.2212653292484728,1
-0.9907161610119093,0.33167082312075663,0.898946952396859,1.8063088427392047,-1.6802215388672268,-1.270976947536437,0.3810036472989414,-1.2097500600285107,0.6782940434825085,0.6911874492290095,1.2406017371907692,0.7392649532931627,0.7558362386484581,-0.5807127854014812,-2.6221461851834924,1.1220778512851375,0.044534765826443445,0.03228655638459421,-1.8934598795182498,-0.21911751388641626,-0.9394227945520676,-1.4782797595616717,0.04397127285547742,-0.6941725396410998,-0.47853391424128755,0
0.4437543650726673,1.7849815499265749,-0.04103839865954853,0.08164861028918313,-0.7922052103783936,-0.3726853272895602,-0.42424192750690987,1.1189427930405693,-0.49265513499606545,-2.184436040807688,0.4000602165077533,-1.1294487560273436,1.4538692487080698,2.425618714990666,1.438359289711144,0.7493430844591745,0.6104939138931245,-1.4642995804884118,0.2262825307318096,-0.5510606424741348,0.4272496657550429,1.00791253176233,1.3542395451293485,0.6556859809904426,-2.0315961626883494,1
-0.23896420544554203,1.0263190816167602,-0.769455913136664,-0.4517674974049667,-0.646871891570111,-0.9335362353065486,-1.3515729222861734,-1.8283804648821589,0.47479224516182134,0.1066592298055368,0.3940453319749783,-1.1895731158520397,-0.6565653169111204,-1.789342581995069,-0.3522049369686333,-1.790143779106486,-0.42729218499703336,1.9107680346965017,0.7450885427835768,-2.4090640034728605,-1.7817749817668718,-0.6505940105712866,-1.317681720528352,0.7357737845629343,0.5575840586835754,1
-0.27065454258675514,-1.0539826588631207,2.3624346997965717,1.971414423043328,-0.16423912131478288,0.1992306537928286,-1.6867339470209277,-0.9953634536360662,0.07237857139265527,0.9863048088956788,-1.9347127593533866,0.06811740645691655,-0.9063636002707796,-0.8509363309091535,-1.5596101644956843,1.1829296512990812,-2.070717211970059,1.45763723485531,0.6856107803242207,3.2097053487007323,-0.31598471298759356,-1.1800441075568404,-0.57578502219627,0.36495680827690236,-0.9817400030084571,0
-0.16852195367113762,0.6225455465761165,-1.663638287552777,1.6209369267325362,-0.5166645959706822,0.7413184260608637,1.4450667517749236,0.07630451297706006,-2.5569556198417493,-0.2706363500967944,-0.6514528654366605,0.46570204440723734,2.3555725147192095,0.494690163073795,-1.6085430667928762,2.873496514405022,-1.6399074236887192,-0.7794427852178554,0.03535349312594155,1.4070162313607977,-1.0889398576791365,1.3893500819902056,0.06141461574996352,1.7463668250702602,0.5573545453297357,1
0.5289984881199898,-0.1351538447728211,-0.7187035775035967,0.42354983131428636,-1.232362966710399,-0.8697133275925925,0.6486499802098591,2.896403021998736,-2.367199027052199,-0.3165495490645689,0.8143370363467446,1.3912636176364424,1.138538747417294,0.6562693592266764,0.39644673228576494,1.095386090429929,-0.7868042154931938,-0.062027711597146595,1.114724174041472,-2.103422384142191,0.15701487046201235,2.348326310455163,1.291448448769374,1.7292974663969634,1.5615675222297813,1
0.7222199997812626,-0.37400578573045234,-0.6178992719746291,-0.6151692193958935,1.0367241370377598,0.7959191584343093,0.9321271106240845,1.4268845528427105,1.510762437304041,-1.6648654583723832,1.8355388176728953,-0.7904370370018327,0.15393484889554912,1.0826220687335149,2.0938747731425464,1.020032976962939,0.17472790638622493,-0.8800294217538939,2.7172316867274082,0.005146122523330021,0.5402568499076572,-0.49111132909714106,0.4391662386314621,1.316047147295828,-0.4746299996648223,1
-0.3352618229333576,-0.6965733698849084,0.3828953689739254,1.2563809776556565,-1.8580793805790141,0.2648272156877122,2.288236729202942,-1.234812560065699,-0.5751601087167593,-1.3596415772943136,-2.5978638611822884,0.17014234561632446,0.753056997462723,-1.5154985619455208,-1.8024893304773992,-0.7098742967205902,1.8826996296627603,0.24114337919345696,-2.449789606559453,0.5767011924147649,-1.1441278703559177,0.23912524728274076,0.02288429821856175,-0.7810300318742331,1.412002949645064,0
3.0043405028716204,0.9049464151324984,-1.5084233672493603,-1.7451174216344145,0.9730167344183942,2.8193898732964553,-0.4323898696951538,0.03464811706997789,2.021562369544868,0.7577707372451341,0.41138328257421247,0.009857596976703298,-0.763543798282057,-0.7540144486198305,0.2936535661307618,0.6915806028578289,1.1193237089572872,-1.9025936451161751,-1.2652523850500441,0.15504238831198602,-0.5100096771273415,-1.2755849032720097,2.814677773995992,-0.8185532915884295,1.29749630739685,1
1.3356033969019654,2.2806130004066025,-1.2994990486709899,-0.9811063605336217,0.5599486415899579,-1.6166430192965484,0.20253739542458954,0.43952209482177373,1.281215583510109,-0.11135773496500734,0.13089397590236768,-1.1494104289621674,-0.14381814138667642,-1.0191903068543233,-0.14218958361286782,1.962774452426841,0.3571132752658105,-0.28738781395737734,-0.09121782362476605,0.20411418721583607,0.5284397662982266,0.452576408667275,1.2281146391288649,0.5300940970257958,-0.32360344178604084,1
2.2560551638584108,0.36166666358914396,0.10885427131851355,-2.161455006444159,1.2411172853931447,-0.6274137244825175,-0.8012978426955282,-1.6893242622941576,-0.6018340332927234,-0.2403676933048041,0.5444515344821463,-0.1628361603640825,0.2435659446564407,2.07436762688153,-0.332057829209376,-1.0707529797017563,-1.4790753684512663,0.8084513101243588,-0.5793555992154933,-0.5966107701891729,0.00513258260775274,-0.17305843680640545,0.8509594937874048,2.376129725282333,2.0885334130301794,1
-0.024649494172646502,-0.18845875974752674,1.3398898257730945,1.2456959544718025,-0.3829123930028645,-1.1023156094108015,0.4977584402083373,-1.0834953045913698,3.022177236556408,-0.12343273024446166,-0.5013221963965121,-1.5451185515734496,0.8056178744610933,-0.9055701177350239,-0.21644642988624452,-0.4133049970062221,1.2865532304514078,-1.3047594546321668,-0.5476592592722465,1.1936765524893929,-0.7025021602249455,-0.2616470706133953,-0.508399309464312,0.6708764427439324,-0.642359025009451,0
0.9679610004649614,-1.6958113201864413,-1.0513533945950684,0.29386167767857807,-0.50411753479653,2.9114192810195285,0.2517439379648136,0.16241404109523988,1.7232533851293474,-1.623085713243595,-0.5386161041595431,-0.4553501569508699,-1.432108118319968,-0.28839756962902685,0.8261972320327295,1.4976768114073358,-1.2305152519848117,-1.4528682111190712,0.14565151777383728,0.5292199298384231,0.44824530924339195,0.11810978903626562,2.1261327848650513,1.3552010346153225,-0.685195790192894,1
0.9643832747775094,0.9704875747424523,-2.082790348347167,-1.8745864569034034,2.4885903038882753,0.6271673717629105,1.3195944607823096,0.40089391605733127,0.8655332998943989,-0.998716780090468,1.0933456346768997,-0.6857075005826734,-0.18513006220838296,0.8429074890550083,0.850830725501526,-0.7744157509221721,-3.051602079864319,-0.31717427641593465,1.1456846901834934,-1.5134842066459742,-1.1433150837614703,0.23364377053195742,-0.9204787444304007,1.4847724595544007,2.886144426001877,1
-1.2514980046569075,-0.07268312550379841,-0.18675480139335596,0.027955748620864362,-2.2614581861268954,-2.424280655029837,0.6771086119303202,0.828964687620444,1.243693672322806,0.4081511649695546,-1.636993782321594,-1.9039768678472768,0.8471480260156773,-1.0174173149129415,-1.2093284429339974,0.21552156057947303,1.1156592709157966,-0.5521111141865714,0.3698116649562435,-2.4687537312742798,0.13314105680692206,-0.13500920430368024,-0.15158528491061313,1.240292935890277,-0.3596267309979414,1
0.4880410056376643,-0.7532612430730302,-0.46799529253177985,-1.0646150720275536,0.25142201225413474,0.374409633341424,-0.20061699912819167,-2.010998481928391,0.870762188014004,0.8666560280099269,0.08788834691150166,1.2929819977398296,-0.6498233925929894,-0.18531189221955985,-0.2586913526138843,0.281666240292325,-0.8395413632639089,-2.5879227126375053,-0.26166883278380765,-0.7588028012232161,-0.7944007943502214,0.35775206315010344,-0.3531365016970757,-0.5816568737629136,-0.5713243831656294,0
0.23512994630180617,2.2087581696381533,-0.8111547398101062,-2.1968173053459967,0.3146939951785225,-1.6669472154973644,0.6911983404459456,-2.2245589858954173,-0.9456922394753299,-1.4275227514690025,2.9300795206658847,-1.2363093142000736,1.318026057594548,-0.3894654303100485,-0.7085541744100717,0.6409824929476022,1.1985663612540614,0.6951330809351065,1.9574793339065075,1.4880700044674242,0.17383112092232955,0.48722710971082483,0.7401550393139712,-0.8708149252947448,-1.059641085199385,0
0.1375249237982077,0.8512175707451991,1.1136344715332456,-1.701029482947026,-0.9863774812666288,0.9309595960665062,-2.3638518086812983,0.028734081557604707,-1.9084302696020121,0.6769144645611517,-2.4396628866829695,0.830465052902897,-1.081882845846032,-0.34475932021658057,2.539558236434905,1.350920180324584,-0.5207161228104222,1.182716116132776,0.9080020924392231,0.8732399701054036,-1.1464956022058876,-0.22726579714811612,0.3830233171667816,-0.16801038961279768,-0.8231811079366055,0
1.4468111369288659,2.103344162657411,-3.2490494809855863,-0.003053649317165341,0.7425599263180933,-1.6766036622192666,2.227900068922072,1.4599963525068829,1.0155583322246597,-0.8005028770921715,-0.5489336884923254,-0.046680186501142806,-0.7095450838843811,-0.6836871871902109,1.8070349055714723,0.7283831319577009,-2.534015908872864,-0.065624166808541,0.43553412073988007,-2.672726822399614,-0.5419116769262808,0.7692328423732899,1.5290456224093665,2.8306415557257263,0.6786560300011304,1
-0.6735936523827839,-0.7242072917457391,-1.1684088811178768,-0.74207570794694,-1.5830216921079054,0.5571891876032807,-0.5427059349099277,0.3810742370950849,-0.5925623987429832,-2.081385657722273,-0.7748516788403726,-0.7128632772933389,-0.7418184570463926,0.9124264551961353,0.5590215662753579,1.2327787925940317,-1.9461451388362692,-2.4674358164034675,1.5302087516616643,-1.137380848360802,2.102079819692031,0.10875294712475247,0.18203209888182226,-0.3778020471236512,0.9834434775890042,1
-1.2428183646247895,-2.67289423498163,-1.1623719650050552,1.2532043314565526,2.703042168781345,0.22183262701579132,-2.324407249567605,-0.33345022706296357,0.46106085840542715,1.1877296788028076,-0.10785487222057577,-0.18078541545894133,-0.16770743533248977,0.4319229536656572,0.9563441805992086,-1.6952755039289533,0.32461071390022483,1.214793150974612,1.2636851484441083,2.012605174526307,0.18790749154387765,1.9218059591509775,-1.35053996767798,-2.035316434002275,0.22446215248081647,0
0.0026145666233571285,-0.049098262377188284,0.8722517433681716,1.1314605300238727,0.23403443181955785,-1.0172132718613565,-0.14452015634706294,-2.058467534067812,1.3112038306392781,0.6234061862826655,0.551836192605387,1.1452229495340316,0.476537788264768,-0.2563109458086336,-0.8511633776846838,-0.9086137089212171,0.4841870980368079,3.032739792731504,0.07431699873562991,-0.6082831340314876,-1.2989395655899743,-1.4370695986513895,0.24934792380878257,0.006081853964541459,-1.6964820063796962,0
0.6956502328195344,-1.2361900514764228,1.0794501435473227,-0.9328567578452382,-1.1177336586039464,-2.5471091632783183,2.0152824037012995,2.4610274136585346,-0.9796011014338315,-0.41765696201117103,1.2546525659307692,-1.2503947781515499,1.1418791738854608,1.7483954165384539,-0.06224604708982587,1.5786353067097219,-0.30471321042626853,-2.47538325101996,-0.8094176872038382,0.806164386594024,3.2284424327015757,1.108821468082387,-0.8391082051033731,-0.0860592195961074,0.21462575728368852,1
0.5777388154391117,-0.9829008017150412,1.066947534176699,0.17440623715587708,-0.38720886857707637,1.2875057066941085,-1.4761678170528567,0.695795213422375,0.30967470286199483,0.9631009748238503,-2.3178011211663785,-1.228477823747935,-1.6031650251160858,0.10967589402860894,-0.5767915289034048,1.1040170513232064,0.528333088828298,0.6888527794953341,0.23619010657413264,3.0132530289994226,0.2672675589733423,-0.7303901005128755,-0.566347994261377,-2.7914852394182637,-0.736952689063922,1
1.3565159680605403,0.9334619325684942,-0.8284342352239913,1.3721897018309386,-0.09428894929571352,0.4836875695492122,-1.4428916631443922,1.104665689098069,3.2955906309740026,1.725512940426388,1.0223828713999672,-0.5186889418971165,0.2568304164798412,0.15567588841683871,-1.0661875130202025,-0.24566636492988506,-0.33796118729227154,-3.4552921800209395,0.13532698131625748,0.5680215882997476,-3.0665643764656467,-0.261068561482505,-0.4935399404636404,0.34203373665907266,-2.6757233787353814,0
0.09726820952043835,-0.8391099184684847,0.9192829547954826,0.7144160271341546,-1.3542104824899381,-2.8250110853319086,-3.2600087197598073,0.5318610001086534,-2.913417656174092,1.3450676312994312,1.0543664401327542,0.19414826214274344,2.3484995349720665,-0.907658132097264,3.1119455311398396,0.3725243478132262,-1.2398389913291965,-0.3688122943355935,-2.2990648373996003,0.12052112754894839,2.984599809032189,-1.4929862838401227,-0.4754830402327046,-1.1991534938804735,-0.11613551285620738,0
-0.031134631587497408,0.9358869120139979,0.4991031367219323,-1.4024911932017692,0.5731197511245161,-0.6445831251658458,0.3609162122611982,-0.16438432739543687,1.8202790213741116,-0.013526410052828508,0.13465868438204653,-1.2969411773876411,-0.40247384750717585,1.4302000876902004,-1.3459000969274433,-1.0350465179222563,-0.8040221963283861,-0.4615980967468782,0.7889346012834371,-0.8658316081093886,-0.5284133772282399,-0.7029156394904501,1.3928467293205742,-0.47110506056878854,1.0718339142305517,1
0.5944732794913258,-0.41032685271611513,-0.9882998114529921,3.1307640989319894,0.8394116759403709,0.6534148303751606,2.5986371839236666,-0.853219794527728,1.485640657223921,-0.5933948986084403,1.437183356641282,-0.02150369734461538,-1.0160520238066746,0.010762045967590034,0.23736603490074393,-0.5296863320357815,0.5236215417121276,-3.091516846727654,-0.8624166711670882,-0.9148216885890018,-1.6160481329163496,0.88834398845994,0.9058564380698948,1.4422734873721432,-0.27080212665135994,1
2.8816902049144115,-1.0829909741382338,-0.11307218744407511,0.5198158563980797,0.29086555857932384,0.6304962212723569,0.6253289867405964,0.19502627746266887,-1.9666395306903492,-0.06644062467916029,-0.06673135654988738,0.9721529985838951,-0.11909588334418038,-0.09865080842714374,1.5540163761979429,2.6671981833749316,1.984108956248408,0.17975636471676043,2.5792641372407137,0.9590024702673867,-0.8107231422474453,-0.0575011866688413,1.1453708341984432,-0.8059113165411846,-1.3403529091738968,0
-0.9369446877794333,0.07545482063713015,-2.071925811913461,1.586775728971703,-1.0141657707779708,-1.7382484120466322,-0.5365729937957072,-0.5216802526627398,-1.058518668838743,0.25326975694821835,2.8514551533353925,1.723407936381835,-1.9457934788714668,-0.859748249597329,-1.8803978834973292,-0.8577401002108728,0.2908046276882802,0.7502318900146607,-0.9886536802549011,1.583465547673982,0.5200207301483238,1.7425028221096288,0.1523243929448843,-1.6885539026050584,-0.13293106819898162,0
-0.9882805186311057,-0.4898724203483043,-0.9914229057231355,0.9435496009581538,-1.7002320742794237,-2.9652465252631743,-0.5591700150061345,-1.1254489806628947,-0.4602741354405443,1.1783029838200196,1.5261100368600768,0.37507042920331607,1.0698240857516883,-1.569513489093854,-1.5153186344245975,1.3075077931940724,-0.645393658628579,2.3956092871832264,-0.3642026914822814,-0.3773394577409326,-1.2717478143873404,-0.11737621376157614,-0.7024660899755621,0.5519876458453347,0.462736688858286,1
-0.3836388170062869,0.814355642530624,-1.5448159874631844,0.47082844895661036,-1.2879155961499593,-1.993129157653717,0.17666321460162102,0.4894589504162385,0.8393164121071262,-2.6798848060112355,-1.4079664885510441,1.7945288402063406,0.7218233257263306,0.14865330737986182,-0.9412210653093385,1.4732262241618783,2.4039283691385003,-2.2820789082051482,-1.3072773572390992,0.24588384500864102,1.6248126332647805,1.0059547797958417,0.6724063550577388,-0.5528671307271309,-1.146495305937096,0
0.2202163571488499,-0.46630049961108966,-0.7656849330137239,-1.1865668239190406,1.039526523855006,-0.8410237014102983,0.8047750102327346,1.6261398324803764,-1.1504754557484234,-0.9555310889383989,2.062093242515542,-2.096724826650889,0.3498220640485581,0.5211061191055439,0.9813101199172557,1.9860219389612088,-2.206266463233077,-1.4707086581906714,-0.4449083466806758,1.7720295028659527,0.43931327139216547,-0.36754747833745594,-1.024369696892723,-0.15561302553651674,-0.7185696666811068,0
-0.2846056862584878,1.2305102691329632,-1.432236874182088,-0.1768718023865184,0.05000274715030717,-1.1799100051917777,-0.5716516442433679,-1.4134909281270591,-1.853300852418648,0.5643518786320627,-0.8726385082783055,-1.9768589868169752,3.984303754588864,-1.4358847919206914,-0.6132431194176887,1.7245765014713896,0.29829689764889666,-0.40101036998265793,0.8229077952721023,0.1302346401221669,1.900838720963007,1.4285115412357647,-1.2594327012506565,-0.9020748974284811,-2.732795993989491,0
-0.6755430399430825,1.7855096675570534,-0.8608088653347388,0.5344995361266512,0.7836823387618063,-0.12209395465843731,1.4070023927947475,-0.12606460186947174,1.932651270079906,-1.4861688397551556,-0.2713266099271319,-0.8061861546429485,-0.6072529873843626,0.013058390612251447,0.6531878930884499,0.47609271118836005,0.14067284999348662,0.12974975228848995,-0.25119760865747087,-2.112129468028088,0.22288182412793883,-0.7501891280708312,-0.3681039021491803,0.1210704728188009,1.2259732503309595,1
1.7337996817472578,0.20050622662221795,1.0303943894400827,-0.987357049020112,1.4566552384868618,0.3518198727869465,0.13773030778124473,0.6126765094956267,0.7349393907445525,-0.06066490737892378,-3.0024834250570933,2.0630188067470057,-0.6579310618404604,1.5099677218669347,-0.5707955246394941,0.030733600469877387,-0.7397554983244405,-0.014224925834313909,2.355612316046349,2.307428878033324,-0.15447358685335055,-0.26868491729962224,-0.7243035918045118,0.9811717251161454,0.3773172340820351,0
-0.4601176125849007,1.1589672602938212,-1.4775567448990468,-0.49157136658658324,0.9172150536765251,0.4196854081688526,1.486901982212193,0.90365241885331,1.077236937013693,-1.2426204938670893,-0.7718630101657176,-3.2438858912468618,0.7691445420020868,-0.9345612580697437,1.7262126538255815,1.3277147087527115,2.6287337521526664,-0.7368838893913207,1.858517148313532,0.98769489276235,0.4880640494010555,2.461356948191959,0.5780086342969873,-0.8573320604685706,-0.33290685498694106,1
-1.7811504755352272,0.007290799419400695,3.162151882155082,0.008238561155068769,0.7135559539362841,2.48244714655605,-1.116707168895915,0.14615914591765503,1.5471033252973712,-0.0249069718737151,-2.9871532725265153,0.4371031390344238,-1.8997172099665525,2.1075134901219204,-1.2459931699562843,-2.6286791033083987,-1.0969423898451236,-0.7179504631030866,-1.466031905112167,-0.9557426624111804,-3.1627843368259536,-2.160393973960362,1.2793374651167977,0.3284160427542042,0.7818958618750944,1
-0.8016350571616666,-0.5372854101128928,0.47744549922245483,-1.1241774361774988,1.1381857538952778,-2.031972656529875,1.307574622368626,-0.5304100340177408,0.2493922036542473,-0.29272372349604414,-1.5974074642750864,1.6172733665828503,-0.7742706829422431,-0.27054551926829185,-0.3855084647712146,0.8687148062957049,0.045382791488111585,-1.3179321384254274,2.443613566587122,0.6564740347459885,2.148813274494136,0.17460193156085901,0.0898089549015828,0.9093777832636909,1.0573532576439708,1
-1.1330614779922583,-2.1545027791397895,-2.6892029673178435,-1.7075725117935185,-0.02537613166376168,-3.2596556057344643,-0.1927466484702965,1.2020303985687426,-0.5548546497406526,1.8909751734824816,0.6749267897551586,0.19482989759570732,1.4456829097854293,-0.4383253839621264,-0.10097484621914413,2.0516568582294767,0.7204562304777421,-0.281153762629275,2.288149613562727,0.8909743417867076,2.5487970638575908,1.1907010901465456,1.0529000888521516,0.32779584312752474,-2.076069467253077,1
0.723765020499361,1.4361432294508698,-2.798519874179121,-1.1167466621417041,1.1615247934868536,0.7177633838401102,0.9266745607021574,-0.36667973148039046,-1.5153675685807282,-1.5233944827661374,-0.3374597662485468,-0.35697648103859225,0.7702183156350062,-1.1254044696744305,-0.2585558961440489,0.09773030840504149,-0.49679296449966415,-0.6191195610696186,0.5348008172737637,-1.199973764517119,0.2961504264699769,0.24893782843770906,0.9483646125839327,-0.8167644521567066,0.6019779837299821,1
0.13094453830375496,1.0388523045975695,2.0943851291975095,0.8037185776194271,0.35433121782433197,-0.2647085340792983,1.7617509274868617,0.974648048453734,-0.5620813334298148,1.100533768764873,-1.4018046237722928,1.8949593372400693,-2.562572339715379,0.5322053799885291,-0.5909261461983223,-0.48880909122341837,-1.9546885878457654,1.89196350532273,-1.1919097388675852,0.1876689854027921,0.8713178952626017,0.39365007220992454,1.0171066937744724,-0.30691934922043046,0.05351450743542052,1
0.039256570009574165,1.8456056761923068,0.5696246487847654,0.06058991731340124,-1.1856591189809915,1.3030526116717844,-1.532590644149589,-2.070248549303736,0.44647765982222143,0.29063024506873675,0.4113529778575107,1.4904467291020482,-0.6715116483706081,0.7403077817874244,-1.6356222059487324,-0.03143502871344522,0.2974898558971609,-0.5604796851909739,1.8655213379682072,2.1384736022066297,-0.5995920946256089,0.42586371673533907,1.1028674655899575,-0.48311778855926635,-2.3820750006029012,0
-0.1571782987755501,-1.3686038349574896,-1.8203205038540806,-0.1691970484269294,0.4505997166581196,-2.108864112481183,-0.7828511827970015,-0.6301624063203388,-0.5650539921153395,-0.9311254419511322,1.1785326775157237,0.36877075520989605,1.169485263348398,-0.9881191713887825,1.3651402709940592,2.596568193636799,1.975687580325596,1.1271351304045365,0.24779677263321326,0.8856184489355914,2.3478668455503944,0.374005442519344,-0.54186580395542,-1.4944760764275267,0.6025695009243776,0
2.422905530864768,-1.2615832883269569,1.3843822590803692,2.284404696617229,0.505374022032191,0.5770627646088642,0.7059238345910182,-0.506877796758858,-0.20638641684811054,-0.7386837898877137,-0.7644370953579115,-0.6209558765078879,0.013628706584173866,0.29803329395935824,1.1542340396817758,-2.7108285280379083,0.3771335492758719,2.762548225444182,0.67296839493799,-0.42584995055229163,-1.1662421138352639,-1.0610590173679126,-0.34391119312962026,-0.6934076973874649,0.665154142678402,0
-0.1087132910379041,-1.7750272145459922,1.8925709619293607,-0.7944656523455501,-0.45636690846496075,0.3462512097088799,1.46737981428026,-0.5824675724875812,0.14458338771682244,1.337795116094375,-0.9843271117160612,-0.753197229657588,-0.9622991504646893,1.694398058346573,-1.4712227711328543,-1.2718161925360427,-1.1564496746783475,-0.411468443807425,-0.5514796946561802,1.0154475411549986,-0.06855318831168622,-0.9902163587199592,-1.187610565068433,0.8816106073216741,0.9639744868025575,1
0.3008077524767282,-0.546780690872707,0.5644378572422839,0.4167338824259945,2.3416294008750893,-1.4249719156194647,0.7530991667580668,-2.2765547411871454,0.2831153877766175,1.40782951555023,-0.8217302255244818,1.3967077134239367,0.0945394277234205,-1.571899331238767,0.21358619654427613,-0.4506506866450741,2.140471815701019,1.1219085673971052,0.12024161434179181,-0.3290020206065797,0.6017967880601218,1.2142105549259994,-0.6978403360797929,-1.5511143548401873,-0.0842855220337323,0
-1.035617361289951,-0.24994368904972503,-0.035258641904052146,0.34135748796943777,-0.8148380202067487,-0.45047804160973315,1.067642793831649,-1.7603839318071437,0.3443883202207118,0.08583677985739674,0.6660472114731826,1.3838063094143016,1.1549459644213593,1.574765165300878,-1.354621495853935,-2.4628974520132583,1.877878152596672,1.4610178963627232,-2.2667976965771843,-0.3153888095821209,-1.3704476028717614,0.5029082535746299,-0.7420361740015613,1.303336196505465,0.8701318547566954,0
-1.381484412257163,0.37223956885064213,1.279595841369084,1.3498355524380965,-2.1392310530754397,1.5754448938234789,1.168226282369612,-2.4958632273345263,0.6373292424385787,-0.7325944198524055,-1.0222282740393875,0.3830622103031538,-0.32149473185230204,1.5363859100828985,-0.6495056167855882,-0.05151812512251086,-0.19951167257034624,-0.16403339040653564,1.6536896441144044,-0.28746793339732984,1.4593757122209299,-1.992536667311517,-0.7597752430332432,-0.9690760283128028,-1.086083155572965,0
-0.7318011604781584,3.1152458267561824,0.8726572039286267,0.6116840157745569,0.9075425510853486,0.2534099544463191,1.6307442207541363,-0.4995030166593469,1.8173618250329224,-1.6461767331074864,0.015649216593910942,0.7403072525506875,0.8104037235509285,-1.8568055899686122,-3.282667992620737,0.8887174423363997,1.5218679284542986,-0.433171692608627,-0.9916925604469203,-2.268716261195993,-0.9915926245464133,-1.138303230784784,-0.6075450050925495,-0.3538402745964205,0.4114376507286135,0
0.21710240818033932,-1.3385701237121304,0.6015794676273032,-1.3644609496340758,-0.8511553693139815,0.9787261121936127,-1.7808099472660412,-0.6518653699673139,-0.5495866645441387,0.6225211493416617,-0.7162500815105003,-0.9713228493762869,0.8617832422152096,0.6814470137643021,-0.3738708872953944,-0.15092623424367824,0.3449480738732551,1.341277443836043,-0.7991433792062475,3.1101201119357222,0.9471624801157579,-0.8561239488597219,-2.281838730257679,0.5164687015812648,-1.3068700566750548,0
-1.2604192481289647,0.797483487899874,-1.0558336556609498,-0.9974949837668197,-0.2996688737614861,0.4930351086203453,-0.5405437619050633,0.5805848895179818,-0.3405820809201223,0.27798947352542686,0.022968781190516818,0.6833474803141528,-0.4510771109233813,-1.7196030298635339,1.6063268569595655,0.4295851884641654,-0.28045622747682225,-1.1306875945772812,-0.15815093009376646,1.49646721627845,0.3089031549777109,-0.03239281790118803,-1.1607540993386467,0.40877001185616724,-1.4872172901925014,0
1.1553228098359134,-0.44710153810528225,-1.1722878783724684,0.10620501108655744,0.2522492000404012,-0.9468466021612378,0.8666935185137683,0.20895382468964074,-2.8039421216478644,0.5898859455976366,0.435056207076414,-1.4868334768349816,-0.8414006051466316,-1.790776414744112,0.18587534565676656,1.2230856734075082,2.116188223246299,0.5841651200661441,3.512075481960615,-0.3722798132703945,1.5021290036808677,2.1750583306666527,-0.5319209767322606,0.0032203900004838665,-0.01777053651808136,1
0.7721820535376218,-1.9562956191692975,0.303955152124606,-1.9075215153784224,-0.819004140410624,0.8042963109912933,-0.18748676677316672,1.0262550516526683,0.06015529041065859,0.5471563878914794,0.13634298372784556,-0.04934277002205137,-0.8931973280671093,2.423903633270076,0.35216908323741886,1.8644351201987448,0.8609685710698135,0.3956094461915459,1.505622255929632,-2.352300994912494,-0.8908387676029044,-1.6023995826661779,0.8011848016588241,0.695668740560619,-0.3538680829227253,1
0.35061271874707545,1.0592709817769212,0.47036294153286995,-0.7646887915342093,-1.6671644695200114,-0.3676519924402645,2.214929300657106,0.9345933316484831,0.994431047636515,0.020293504653392636,1.5264128377124968,2.823822892044809,1.2989148782040862,-1.0816029354183043,-0.23643841167850632,1.1307520514734326,-0.9043406962762853,1.538789785937388,0.3013753730470306,-1.700249657188512,-0.19903930540571618,-1.1286100320861854,0.6947517097105107,3.857756525165667,0.3877554660775642,1
1.3600811693172083,-2.447414089721346,-0.8729771525760923,-0.16261462761500006,1.4646766542176162,0.24042876555997134,-0.6358203884314941,0.6268544993739644,0.7052147257321145,2.8876127254299546,0.4968884888836977,0.2687372663755893,0.4964059196934356,-1.8177728767399999,0.2333795460918454,2.935105113047343,-1.6535279975954909,1.2904035614082785,0.6990124480234703,0.5499753273406057,2.62967033486391,0.34943704231179934,-0.5125954124315001,0.10832174648823423,0.4846942405744724,0
0.46322242339549513,1.2162918799696185,-1.153102110860799,0.27868796292146436,-0.8351716294218269,-0.75590549125483,0.31142805256755146,-2.013717928392579,-0.9783452472963469,0.6014404594036996,1.7409505524604345,1.2478363562092438,2.7082909646003035,-0.3532142611966855,-0.32850861190109854,0.29020183087234486,1.0146523176766329,-0.0937994340786176,-3.2436280657199594,0.120655581777274,1.6256767352277008,-0.8143890193080513,-0.7875873320254384,0.030389519100811557,1.6548357185701335,1
-0.3168211855775039,-0.6733805236685382,-0.4868592181492852,-0.8534394308530655,0.6759375484148904,1.746559580406922,-0.25166153565515764,-0.8250998456667562,0.6534473208251855,0.6754016871447965,-0.17574483145480652,2.0346337134584918,-1.2450316256711085,-0.39609917930697963,0.5859019228674104,-0.7601821802091415,-0.48179500004601644,-0.9203525344154002,1.1538567068569765,-0.29099005928733446,1.1404774880386341,0.08186846399297865,-0.4635883450136735,-3.101814342870238,-0.5875503204680673,1
-0.1998982546248358,-0.3625426741784833,0.6137579394850746,-1.7356460958107416,-0.7133798426836035,-2.0577783284927094,-0.5246903488711249,0.011982934526047512,-3.5044504326502564,-3.1152644828673943,0.8330397197280927,-0.8776945941081877,1.5447021036087638,-0.9870717302502676,0.8566473787439209,2.521273927480013,0.5286645631172198,0.7279134600235478,0.9784980824834286,-1.1597126051769255,-0.06226146292147916,2.289228816085568,2.2803221841946746,1.811915681101849,1.3992294771827511,1
2.1574955725594256,1.1181696340409903,0.6451297495364328,1.3028040747791174,1.7687343424745503,1.7063990988534457,-0.11233065686417475,0.7571059879151527,0.43880993160115606,-0.7081965198588414,-1.0979845403063238,2.560334099098477,-0.2635434752654967,-0.7548488975612453,1.8674471219409214,-1.1323540932448177,-2.4605051146431434,-2.253048151843373,1.4320123818979305,-3.6499565965377267,-0.7032910775783668,-2.7117293225730177,0.8078583709167574,3.0619853816543525,1.5360508410068214,1
0.89001417039047,-0.32980850931981487,0.762216816556299,-0.9699192887520757,-0.6331436066516039,2.2099364269528268,-1.7627547064056792,1.1717620645196485,-0.12811404974187224,0.9778821435236182,-0.05444409723607202,-1.1143405448735542,-2.8547254046762744,0.49204748285349087,0.9346533736025113,-1.071711965715287,-1.128161040013043,0.5652523008158468,-1.4966897597608433,-0.3522065245475639,1.2711575226551,1.0306323322936868,0.3149665572451273,-2.9138301446110777,1.2705714496422678,0
0.9786307252019034,-0.14173728434027644,-0.9886163679911084,-0.6232042366302701,-0.2431614422050258,-0.29541618365876765,1.3759905310388862,-0.7727904076829921,-1.274260200046167,-0.8683857184847216,0.6937580429599535,-0.7030732398384865,2.2102301938456406,-1.0125450585726377,1.9429064162301437,0.7371983311493274,0.35054082394533664,-0.41885587376506633,2.376112500095059,-1.11439095992896,-0.7101661378405549,1.6577675036221078,1.0468586254643242,3.036442699845696,1.1252849810703727,1
0.4160371428975406,-0.924847980210507,0.9887911271358577,1.900588273489798,-0.045264797115879885,0.40551591443404567,-1.359538544373923,0.883255794852557,-0.17985049937982678,-1.526284960556368,-0.10232129905200038,0.7239981700429845,-1.41147989037843,0.8207231703278206,1.5659913057085686,-0.839884778522442,-0.9709139241830631,-0.5989406203036429,-0.1846464716238969,-0.38494287153047574,-1.6876222036184263,0.6538925269925725,2.241029134440101,-1.8996422575137246,0.0671657768035715,1
0.04274734952565662,-0.10986724295641032,-0.32168374025508745,1.6796836928122192,-2.923870652374818,-0.8112358101812187,1.084169000911232,-0.6479196497354425,-2.8126227032941897,0.13417901635517734,0.7850210622768189,1.8505238652704836,-1.187236110923774,-1.5389742201710932,1.8310419168623198,2.107153641824411,-0.09848169470503776,2.0527059034870403,-0.9126896185141904,1.452579079560648,-0.7743558005644532,-0.8095553209553705,0.36485416548062677,-0.42895676211815525,-1.2941256540611445,1
-0.6240904434525258,-1.2640213495400894,0.03624608712963795,0.2140325446802592,1.2064074213760234,0.08994905788876778,-0.20635247580252092,-0.8256587741589341,1.9312048648112616,1.8522727136317114,-0.6591983401100875,-0.04086184077376753,-2.480918983876354,0.22849586681106335,0.8500814747486598,0.45470734569524474,2.1228232331309336,-1.283343145209986,-0.8756136932088586,0.18006697531305405,-1.3499659109905484,0.7932447375395153,-0.7949036086375187,-0.11979698540950079,-1.7422576860576435,0
-0.7096511896770712,0.8893499061977498,2.508225402753622,0.850807671441582,0.5574719783622832,0.5289786830041888,-0.36775271337397125,-0.05800853523418431,0.5549876222958895,1.0291337138138024,-0.9681342718965174,1.4377894385927685,-1.2587742152030754,-0.6694693125640552,0.8082743015857883,-1.468519886765189,0.3771506402264612,0.1411518086107092,-0.05363410753184111,0.2156825332106402,-1.3324634383918634,0.3921162445173086,-2.355574664552213,-0.7696284668721112,-0.4249525440783551,0
0.9102548859057966,0.4059133741195545,0.48603235945586365,-0.06379740384675009,-1.6726633833871998,-0.6391912026353617,-0.11388063315372676,1.1867510198415978,-1.0518871618900167,-1.8384766696507824,2.0392506385886273,0.11821202382415273,1.296910512569727,-1.8124307538889235,1.8184942612961814,1.0911841062618275,2.2192956317677357,-1.379746996002054,-0.19270961216975768,-1.587233100328233,2.608094215276313,1.4515540749669351,0.9202528274362709,-0.8341416582283937,2.3588339195909214,1
1.189906121791442,-1.1834752186992117,-0.29232278045647586,-1.8661306472401147,1.5932356137951271,0.4659856932998506,2.2843408906995206,-0.319369807847511,0.9286365454739309,-0.28954032846315925,0.6440369363373897,-0.2943368069008139,-0.3953772584611129,1.6356129874667866,2.1243189894102357,-0.3450709246699483,1.059477121605322,-1.1382489784381864,-0.8904412689551414,-0.7808266812157363,-1.8845513172678818,0.8073298211943135,-0.36328519922098435,0.8674388683093478,0.23468310952691188,0
-0.9018597981541412,-0.5486475142873977,2.721962981275676,0.021428952208720153,1.0594818066520768,0.35541410270274676,-1.7723921923811958,-0.4087635856053133,-2.6714069035766466,2.6507759013925236,-1.7886083266501438,1.4682198516660636,1.5722635702583834,-0.6435342910604306,1.268824513473382,0.8634158773889891,1.8339989615309134,-1.1382834250469858,-0.7937264102625184,-0.16671041860698343,0.009655695271671871,0.4754855946935416,-1.1975673785116538,-0.2078540297763143,-1.3048783130795998,0
-1.4006083674971221,0.66696740403604,-1.264784660732014,1.1151505535742081,0.2309678462619038,-1.772091970487247,-0.11169038236510442,-1.3288114642105218,0.27421520678710726,2.706479694193613,-0.18519745718108754,0.35452371981683495,-0.5166751622101848,1.7091209114437367,0.27161704740619874,1.1538036862747427,0.058301915620110445,0.8144250320484584,-0.4199692748974294,0.0822866535911232,-0.30707365051727065,1.6369753846213306,0.5441048808565787,-1.7476154686224583,-1.5822704582077733,0
1.0289151078583307,0.1549123220297649,-0.5339093815041867,1.0312867623981563,-1.1481735563660171,3.6467856496616875,-1.1422362160230541,0.2807282875397812,2.4573163613591227,-0.8025655326152693,-1.4498107992419442,-0.5252517330658228,-0.3599979758823711,-1.3088802374212058,0.4476637619550438,-0.16144578220947492,-1.487512624953204,1.5864874508732947,-0.9665405525322686,-0.5088668032913182,-0.5843691936960491,-1.292108577785973,-2.94742492646969,0.4348335370233337,-0.28290373790033446,0
-0.6262083393169658,-1.1652842066400941,0.07347594046817862,1.6637312210805058,0.7822307173558674,-0.7861754103086847,-0.008502346722487342,0.2479930460695412,-0.6542596516179868,1.9188618959082073,-1.4238140067274176,2.060769165056202,-0.4623098099370696,-0.5560651373051344,-0.6638825773874921,-0.9869728527707733,-0.400206239008264,-0.5683368633527964,1.3800600591437004,0.4178894739161175,-0.8858414028447343,-2.346657816004575,-2.355888354983169,-1.4329859339218398,0.9163437105415881,0
-0.32141418882308853,1.3337090145913426,0.26559452573055986,2.402292010955994,0.5095983597512143,-0.09729707359409151,0.37402675320966167,-2.3800705453253155,1.5012087983284323,-0.6186296449237706,-1.6706743018585253,-0.2718625963100276,-2.278285774847038,0.15136324982173466,0.07018432865727454,-0.2615179384066064,-1.552288399952514,0.3513647404724261,0.22301132321530698,-1.0458126581483962,0.9596322205456729,-0.0350555626865281,0.6816518401314537,1.516651001138229,4.042200107173496,1
1.6797466600339614,0.07804747418595684,-2.439787623422954,0.498133241220575,0.20093509156882375,0.8263362494451998,-2.2457258269855367,0.6618000418988208,-1.175092779993968,-1.5689942341663885,2.3395831551395383,-1.1425949687400743,1.1360774872698167,0.1519238827666801,0.33553685966327607,0.6553109428470328,-0.3273328819003521,-2.053026476179643,-0.16155379547892335,1.220072701278941,2.277653920763705,0.689217203087471,0.017220944628022483,-0.15418675027938433,-0.4592911746534205,0
-1.0516059374694837,-0.3566738499776537,1.1050155510572075,3.0198394563369906,-1.8051703175715872,0.05860412015781469,1.8158819288804111,-1.0566682668686593,-2.6011265800601047,0.2914404713120132,-1.184396335905013,0.816823282071493,-0.625709765871781,-1.7790646188704136,-1.0566502439417063,-1.0628041436909237,-0.037793786833318244,2.311729019192814,-1.4838548346197356,0.02298674997911898,-1.6582710041963078,-2.077207990289457,-1.704685889827641,-0.9047059309056141,-0.9505020988584234,0
-0.16257775790316342,0.5720562842046214,-0.35424779221807934,-0.026177340050081738,0.41145568520546216,-0.48551365137992464,0.23663040695349524,1.0443223171351548,-0.6848926866062055,-1.221033203431052,0.13291410445551322,1.5892175550905745,-1.2273993308505156,1.9621458178314841,0.40514782623723156,-2.6303849678019215,1.1046406688380754,0.19640221392065246,-1.2869109115276802,-1.219669942441283,-0.5787225410160793,-0.40616767919275404,0.6236374628571973,1.862424454731702,0.8585003600817702,1
-1.6007030172266652,0.8131241311667289,-1.155434029505538,-0.0015829945971384957,-0.9513664998429281,0.38730107297436234,0.5892066803778356,-1.3075375836026084,0.3116687957920079,-1.2182222619225735,-1.7129551508090017,-0.33299455188040394,0.7631334330252143,0.3424232456053167,0.9355543265525094,1.8954195049013731,0.7589016108231437,-0.906842684184478,-1.3290183914697453,-1.2777689874999558,-1.2036241013926678,-1.9608046027657744,0.4398116081373501,0.9394458603450037,-0.42204585087928914,1
-1.2051725556231236,-0.701921441226168,1.7975336490644367,-0.6533110441178414,-1.1072109703193866,0.7250664254883711,-1.1882766568578544,-0.8615254685084617,-0.07469065327777957,-1.3614401466896282,-0.17231840028357076,0.22880785368336182,-0.409497368092402,-0.5718346797037378,-1.2386164477366643,-0.5005361023504005,-0.4484115057530057,0.406630931870028,-0.33516703248409696,-1.380453429703998,-1.6483478988268088,-0.7172383711792119,0.1232389231923792,0.6199659396138604,3.345315914572793,1
-0.002927866459280448,-0.35005583796524076,-0.08117475560069387,0.7745444710380889,0.70685529414947,1.6434687718563776,-0.5848315930326156,0.4668740831559146,2.4117799861131557,0.6218263576173246,-1.5813534712989874,-0.28632648522329757,0.6042287563491954,-0.7687089516261568,2.0678236149547957,0.07616773584310488,-1.7967248263409081,-1.6435686438149215,-0.37032561096895417,-0.1991585602596127,-1.4357983692167604,0.7406216223480191,0.9370346497182904,-0.7243068789894905,0.5080201505886702,1
-1.5582880529282956,-1.0231689216441506,1.7722058155034037,2.9496488811874784,-1.033207849093251,0.8041317358286076,0.3524540101637892,0.09951916898527402,1.5083830815529307,1.032114603595141,0.7866908076206971,1.063888708944005,-0.20247182809257816,-1.2622117826462456,-0.6427895345249969,-1.1393952357671189,1.392106270659535,0.33698556575976435,-0.25310004762514304,-0.6042763474272219,-0.2803919171106665,0.4143699641354356,-0.6362963095247538,-0.6174865329706267,-0.4829295142327842,0
0.35136720139026856,0.8337382436234815,0.2455446635081408,1.318066218426258,-0.37915764319999223,0.30267797166145105,2.206161885744312,-1.4092272239023833,-0.14685425911610087,-0.9472634194109888,-2.1824222192650886,-0.2672595257946681,1.1186970641703224,-0.9051540395514104,-2.249479873613394,-1.0204977886386748,1.0623924160791685,-0.2581716864423567,1.2319192025080552,0.21436489957905935,0.8927489074493884,-0.049882954572857297,-0.8783464170612945,1.4779564538773444,0.2299096594895773,1
-0.0029408116936122664,-0.5399121309831171,-0.9259333424311897,0.5782678648564057,1.054718542538886,-0.8192480926668138,-1.3743570730112147,0.8639688306099087,-1.164488952714201,1.2492685420106984,-0.6090363345041736,-0.7880223265275472,-0.16047702999422253,-1.0704321384347948,-1.4618323779057079,-1.7529824198961101,-1.2685907376339136,-0.3732270722200749,0.1738653827386355,1.0697356956687651,3.0418251426643717,0.9316301159458497,-0.03361591471298234,-2.085246008025519,-0.640247127248788,0
-0.850408914730526,1.4279324906283515,0.5545433232616761,0.08567119217004615,-0.07511477125731472,-0.0392020728342366,-0.0073973087669792215,1.4363024302682104,0.4759221439249324,1.1980821126206433,-0.25335602025489623,-0.8526917216673342,-0.17048682256633668,2.2788443671323892,-0.7851914390840491,0.595026274065968,0.024040514278961922,-1.3824530502032915,-0.5817632025508128,-0.23358340044075077,-0.7005266494693596,0.3567298329578291,0.5674474773268667,1.374247570843842,0.6296878226366842,1
0.558220541840958,0.24541996386176457,-1.0872180376957368,-0.44625597426213803,-0.5550282261420886,-1.1326072005573136,0.5627862849086392,-1.6209877753469324,-1.3568826299614922,-0.40907764612876385,-0.02260799992766549,-0.8880294413110263,-0.48148484590644547,0.7061162362722794,-1.0409925557614481,-1.5664334779585944,-0.34823516067757915,0.9333135541790633,1.9609200292200326,-1.078311199304779,0.20368883344100963,-0.17749901895026018,1.8540002807119709,0.0011550675416984735,0.6938050162293444,1
-2.024412402714961,-1.8745683936913893,-2.006400631336268,-1.2937707072223548,-1.0610487654929777,-0.9598662182690383,-2.003727904304268,0.11589887253238385,-0.20718518888350684,2.1473533848680555,-0.08280322680202376,-0.18089079326490276,0.7956820038461289,-1.2491838547853111,-1.1163049743442877,0.4258247752194251,2.063054949945018,0.7398809297773746,-1.8614440939685537,1.0823569861920408,1.0586869698675896,1.3695442984604835,-1.8291672176532314,-0.2502725833543814,-2.412924194458988,0
0.9932446247391188,-1.6532581791143546,-1.9664416784184762,-0.09019710915288087,0.4936761916860508,-2.3919452441013096,-0.3210259697328205,-0.3112393845057472,-1.3356907830581608,-2.0497317771569215,1.85706859659813,2.54276394960276,2.755615869564248,-0.37741358523372687,0.9646510084076317,-0.02016729223166569,0.1983670897387857,2.368071006976426,0.7668935133850171,1.3022265912760898,2.4329342375952208,0.19790018335592738,-0.43143114895831697,1.6164796782332547,0.5451753255277871,1
0.7766236762246654,0.5058054439001408,-1.5940653930758095,-0.3413202414291894,0.46151745830384516,0.5766464309869128,-0.03940025754237822,0.1853376276066082,-0.13056408530389454,0.4833275871996454,-0.1701943348900781,0.2339901405158359,-2.218836872184013,0.7106940510472046,1.3891312267410858,0.5935456495415522,-1.34325156171013,0.4050552321180333,-0.01572335657464763,2.2086076725159307,3.680497370116642,1.2382032015013273,0.9432814570003265,0.06278985450885421,-1.465351438237179,0
-0.2538124949244153,-1.5332807770603765,-2.5165158540933428,0.9877859711357981,1.0729179728209979,-2.109101279100008,-0.4220081977094703,-0.30106488132293296,-2.4521082931044136,0.6785506821968876,-2.4081478735211443,-1.2463850478999716,1.3782228738943698,-1.4885968519678103,0.9079576292613768,-0.16104551927990363,0.21939153267833544,1.5199097657397875,-0.03789923870597767,0.6837891321205042,-1.874907730942022,1.8238887848951637,0.7956238838203114,0.7972335105474924,-0.5592880897702751,0
2.334221346337415,0.054799818459294825,-0.7629874296254328,0.492565284215468,0.8307494904595112,-2.560025815095572,-0.4628521539723517,-3.5236615933123954,-0.19286794725782652,-0.5912795120993578,1.2393285248895822,0.13782417147189827,2.599779656606157,0.31087238107508497,-0.6972406438331346,1.7015493286173924,-0.6515097370510127,-0.7943582842368748,-0.2411915769363448,1.7203565673799361,-1.1197758001176223,0.9664064499146996,-0.771604265129273,0.3399887525653269,0.5854338745059678,0
1.1114668064278272,0.546414373406285,-0.7976643485082389,-2.382891218010802,0.2426696993658668,0.6745641506056828,-0.6027352332016099,1.6944453922045983,-0.717866908569766,-1.8860950127541027,-0.20769313971867778,-0.9527382996364564,0.3018344146656428,0.6427036090533129,1.691109747758932,2.321434465694121,2.130920269857378,-2.298329883816399,2.333112707253558,1.9698146451367018,1.2283728431154972,1.4500235199378826,-1.0602975712390368,-0.28019889910733076,-2.572696960200988,1
1.217916019309089,-0.5169308229413319,1.7515708044751612,1.4021536917209472,1.0978725244890444,1.5807028523701803,-1.8427665876027814,-1.794020710888328,2.036783327247268,0.822754266212395,-0.9247593750015941,0.5724237265727955,0.33614708226504075,-0.10502328904288982,-0.3299203654308892,-1.6823778550257331,0.8605773878768344,0.6620489450822288,-1.2626839275545398,2.0413181683071993,0.19723552769501196,-0.5942492327033955,-2.385732834697224,-2.3698662170768703,0.26515443876567735,0
1.2393791383565569,-0.541230804426998,-1.3778148078905226,0.24879375095022913,-2.3122784852501597,-0.09894208785514758,0.9660024954323745,1.1204701424627943,0.6147297130794278,-0.7716112167684016,0.6867959311633135,1.242154115594562,1.3340873087713048,0.062052035730606026,-0.7574729594102515,1.315579376951985,0.09673924776404064,1.197794736407147,-1.4258638309009974,-0.413055117540315,-0.38054662304531767,-1.4957290017593756,1.2640104483379475,-0.9993822305749384,1.2768494430656163,1
-2.2279809794771914,-0.7188369632951549,0.32100220136227015,-0.6453556344256284,-0.9642153747293527,-0.4444880108678433,-0.4454383998549235,-0.7219556828987582,-0.1745196961064902,-0.7459419989883539,-1.066331492255276,3.5209230519157506,2.160013551149888,0.4280462844652221,-0.32629589197793385,-1.3651137745415698,0.5270617141609735,-0.2843594837138773,-0.4364227065842635,-0.09435255669492607,-1.2968649338673564,0.5473111211276596,-0.1191070328883459,1.042101708732805,0.7698502560740478,0
-0.27660192382227805,-0.10804629529950421,-0.5011533295639082,1.195368379592611,-0.42805466743929116,2.087467869489183,-0.024446619499387978,-0.36544177207011985,-0.22364571981356068,2.6611565798889076,0.026585734901806213,0.5924397427165167,0.6456957528261869,-0.24318216340006862,0.33215180377767156,-0.9340803310739679,-1.6724939585060223,0.6686158799198659,-1.8034144204112228,-0.3785923787340554,1.8600104217570763,-1.3141876891148188,-1.1834114659807078,0.45802802433267126,0.8696656852474971,0
0.7898364084735935,0.47086599208696467,0.673066556199877,-0.9072296387328523,-0.79262506158184,0.6589705522626872,1.9016285232708894,-2.321846439683743,0.609234112739924,-0.5355774030786846,0.3522135421208359,-0.7305684906361022,1.2343661314033927,2.192016158374207,0.9311453377739889,-1.7944612154696502,-0.7606798104890845,0.12107264167643772,1.7503267754060552,-1.4038367412412633,-0.3832681666746535,-1.7596995181874893,-0.8449114991506177,1.088420503084506,1.9294371678508333,0
0.4300871669916574,-0.4630111174523484,-1.5637794132360332,1.0434708315999686,-0.3609798898978168,-1.5407631159293376,2.866215380270749,-0.38645059584685587,-1.3591827683464008,-1.023128825368462,1.1766697936225765,0.8185538025548562,2.2011541765476643,-1.093313971585208,-2.2704297856131457,-0.481389722312455,0.7144025550039936,1.3200401834476985,-0.7616759005561518,2.194482124031604,3.1169493076349837,-0.38965491832331983,-0.2960549066420274,0.3549858413495366,0.9688502202862699,0
-0.38912969676998876,-0.3820731698220968,0.5300909464525522,-0.7932230205123403,0.7906594926375653,2.3293685669214694,1.6611023252406805,-3.18690137422291,-1.418084720206552,1.162247831643945,0.31908568392574904,2.1337765228324943,0.010743037183631437,-0.04344368833388318,0.2306994228707533,0.5184689031541283,-2.071728788008425,-0.29207916825511837,0.2480520558207404,-1.7063549266035842,-1.6679504657623503,-0.3657693914279216,-1.532969209727581,1.9337620083970588,0.05571907298850609,1
-1.2400904867751235,0.04803917265210711,-0.3892625212378031,0.22598829811469667,0.3386018060838131,-1.5284634613692891,-2.574371233258178,0.9886114531023413,-0.9660349287494159,-1.0834909039307754,1.606717833340007,-0.5459470956083708,-0.29706952526376634,0.23469728548517432,1.0673186337633251,1.6245852631404758,0.11130327258809816,0.7974898690099232,0.994609005884568,0.031694898362301514,1.1077601130542458,1.261202550509846,-1.9590476395150933,2.293681937920928,-0.8854526379654089,1
-0.891690630329062,-0.7970480809206179,1.219059978560695,0.6922864187233955,0.18430497798265252,0.22087102536320158,-0.03371521397126148,-0.062220963812570244,-0.9742052449718979,-0.3572144877231598,-0.4622259604916942,0.0219100505824234,0.3883239292534999,-0.7359280513935695,-0.5494957427116642,0.8009724019124553,-0.16998904255741487,1.1048022636963375,1.3083647034562507,-0.012447715106000734,1.5127471304067437,1.088847865834593,-1.3194191722154816,-2.8226383440654046,1.1727135005422706,0
0.12801900164660313,-0.15964723377590595,0.2700896422932254,2.0921080855507177,1.7397685090297579,0.7371713366229237,-1.12177966321301,-0.29621440947312977,-0.13047211670615466,-1.2301249419721332,-0.5895771654694002,-0.5971265008015372,-2.755030184872295,0.20890077708557475,-0.7460700232271469,-2.1491773132824417,1.1918456446210184,-1.4302252313041648,-1.8711987177169345,-0.5424190421181424,-1.4142950102847784,-3.133384229564725,-0.9773535549632328,-0.1891730753455203,1.106278449074531,0
0.17864092092204503,0.2083340257603367,1.709289007359841,-0.42432118219543,2.1029003081520257,0.9403711328701514,-0.3530103577361036,1.1401306635778519,-1.1068167553758668,-1.308152544662164,-2.3866485048114456,0.4531182638063428,0.057503458202220026,1.1729112621838067,1.5672226720291929,-0.33999874206816405,1.2042724963606646,-0.7949026344678399,1.8923692196169957,-0.21408878748549826,0.8144917542122244,0.688793587633677,1.4717689123765039,0.7055022796965594,1.5194775684250494,1
0.5504588093301651,1.540620067741842,2.071470334648157,0.20689654567123023,-2.092795761233455,0.5813334830178292,0.6995513304975092,0.1608228877338584,1.6121391780109922,-0.38042348184179225,0.4164711753057401,-0.7743432082194049,-1.5726494324481342,-0.023482277978981725,-1.1322417854475744,1.31393397289865,-1.1311672632725318,-1.978067974410056,2.9614368258186587,0.42435783880522293,-2.057838952975877,-1.680143897275399,1.1188219928306151,0.9475021532053052,1.6154118703578857,1
0.30133840617370644,0.9148191191142425,3.312393831383737,0.32204423204002086,2.953172949709279,0.09363101261344076,-1.961263787095842,-0.32400846229842095,1.488552040290529,1.7936301282487397,-0.9044409218291002,0.7131412752968223,2.2100997782950524,0.5957247700903858,0.525065258277474,-1.4078645307113482,-0.8228931261206639,2.518367862679941,-0.08918492059179073,-0.3787707488640627,-2.7028913451846726,-2.549609653936732,-0.5087948734838392,-2.7595160184989247,2.141693504353067,0
1.1115004171941538,2.4740978443864234,1.0651651853715134,1.7630450149508288,-1.1714234723652235,-1.9496826303947299,1.2351519365964256,-2.506919869387639,0.811461857599959,0.17254403510200111,0.6021319519052851,1.3920677972787705,-0.5225679916998868,-0.4803789958304245,-1.0215840217533603,-2.123343323765381,1.83893331547434,1.069772101281284,-2.4373945935475683,-1.9924549748171132,0.4681901816368647,-0.23456445515835445,0.4149138076014608,2.4450457121574365,0.6535234063181196,1
-0.3545026356536565,0.36219969559067355,-0.7454366573277957,0.06833962082984368,0.7346664467255759,-1.5687390843938067,0.6893434771030678,0.6365521120541465,0.3503475887655444,2.1647661037079198,0.8214080794287956,-0.5198182161369977,0.4169652839171647,0.4922561745608869,-0.41494847918512995,-0.4555952580233255,-1.1985371453683153,1.727752758086814,2.2851534511746108,-1.9045147020104616,0.9254716295506233,-0.3458130613403789,-0.20843720307467312,0.34671779563309935,-0.8898518764992673,1
0.7564967432049627,1.3291024992539413,-0.15986167689937786,0.7845354269945068,1.329997491638247,0.6998548662882154,1.4165057549778952,1.098055918810541,-0.39464391837332397,-1.2226588003174776,0.4580260863907901,-0.26474767445746744,-0.5607818282407009,-0.020069204398686535,-0.9245634549351794,-1.7909075173161169,-0.2501012884811012,0.07680186944047035,1.7841202157268596,0.5224051761025645,-0.23938166091744878,0.9058902081262121,1.9076987304444892,1.4592603377812123,1.3998140150757132,1
1.4053287092099918,-0.2771204768910801,-1.24447038766764,1.235012081223302,-1.4288500693300246,1.0125238306685014,-1.8694692837021947,-0.5743413631655432,1.086515514155156,-0.9582033946017696,-0.052848820939352836,-1.0220330729481968,-1.3381196007970737,-0.6291000518561468,1.7225260895876604,0.9659015586905456,0.29554193732020495,1.3432039308342076,-0.5414871541419286,-0.0925855337395812,-3.404432425301885,-0.18258741222717156,0.027264650447437436,-1.4775183657241517,2.0917334871277444,0
-1.2804698031673343,-1.1824076125274945,-0.1764659679606705,0.5634680030209902,-0.6527203575916646,-1.2084014558540384,-1.3230399274075753,1.694541534576223,-3.7244476314061266,0.3360064215786138,-1.2980233203831082,1.196952895041067,2.1172404561410785,-1.6777162277921076,-1.031340964351764,0.5877798435884044,0.6927637369509161,1.2383970192293117,0.18288401693375392,0.415527192408247,-0.45475854251058645,1.4984261673003465,-0.2167214114638733,0.6454376224546102,-0.6070255556190485,0
-0.8396157814311455,-1.1053585475133874,2.4007736762813328,0.5293716189508308,0.04400847327169434,0.4529476908711658,-1.1738642089663167,1.7673871875324563,-2.170859571009145,1.6043639147197852,-0.27596529072469045,0.17388156882619304,-1.2193073118788804,0.637096645551753,0.12028596490544652,-0.7860287965416746,0.38548104395509913,2.4759466318561367,-1.1333281600696705,0.21403352633386197,0.44268277769474534,-1.047509908247567,-1.9583072805209358,-0.41058562679873595,-1.5989270320689344,0
-0.8293193902594125,-0.1967938543592525,-0.4182532299719795,0.03457132695061606,-0.24284380896145175,-0.9159565332438682,1.4250757357106394,3.458000006890111,-2.0003386794188343,1.412180527060925,0.04424119680795506,0.7075915786344034,-0.8556066933628323,-0.09070445269627858,-0.4511382345229254,1.428210244175378,1.5969367642941168,1.9067649798653286,1.1225297358509685,2.11198748485196,-0.24421952406220615,0.5658641355339802,-1.7497939002696585,0.6686693324492441,-0.7251509019245166,0
-0.8375219938723516,-2.4043708597994935,-0.9034022079486734,-1.1431756695523054,0.3240669628843968,-0.3677402444022332,-0.9579756483694504,-1.7269914165595748,0.030271778898204926,1.3576934325576815,1.2753675389807668,-0.7866279995114837,0.29260089317137117,0.2834952301675313,-0.9826812358226925,0.41068021740772565,-0.5391253099223197,2.8915031995186182,0.1066328349945943,1.026432346591976,0.9153452030499366,-0.3724236342579805,-3.288542828212404,-0.9581726281044632,-0.7773840653652184,0
1.629866904154017,0.3709475495293463,-1.1172461073039757,-2.3994239910503365,0.4737948034546514,-0.6667880675862683,-1.41459886934016,0.6903306203666248,1.4477278036343515,0.9776669717203313,0.06081898198431887,-0.4768313714188369,1.9360708925441086,-0.10882497508760758,2.0425735223592025,0.5705897246391675,0.3916404038613459,-1.298380477699547,-0.050881130722701284,0.1663250783856656,-1.2612265043359314,1.5058009186403547,0.9531392189288065,0.12961744599762456,-1.910419807842958,1
1.3876881654062678,-0.4540341237779229,0.37547151561336434,0.24250045879126436,1.6064848194119579,0.29405952284021775,1.8085213784381042,-0.013285708843997907,-0.9455885601927267,0.521482155781618,-0.9920270710608843,-0.8938716955209344,-3.0210212169341433,-0.2637236739395566,0.037824505752073245,0.9417571169125988,-0.10584206729084494,1.3438965400302392,-0.6145874161024788,2.329598716772316,-1.2142276024202812,0.23570795161308877,-0.34870436950318384,-1.08390249771484,-0.355634677511511,0
0.6488791639876712,-1.83800684462283,0.6955174626809469,1.654621664137844,1.817086430726516,-0.8527982558038316,0.24892257583779676,-0.4341650377289085,0.8136036803517268,-0.22201728061691262,1.40004909262706,-1.1280504814663654,-0.6364389970243175,-0.5359885445156263,0.9234171314788332,-0.4269459619166119,-0.11661380016457995,1.1606971469575038,-1.8215663260078014,1.9913924297527958,0.7911948462746179,-0.1185197118157989,-0.2885132826853337,-0.9393686469340665,-1.3732958502840575,0
0.9800627721555963,1.1266518258149716,0.4168176439314212,-0.35547827052085557,-0.531825581216127,-0.8570105155931291,0.12971725989588578,-0.6573308833597593,1.1388907316829058,-1.616021760410179,-0.03855373670565426,1.2105430866254467,-2.3426539642963395,1.2664443145997144,0.4721851007234827,-0.6288122745931524,0.565821826395018,0.5757488193167831,-1.3124340864992916,0.2587940191198713,-1.5486014266810748,-0.1508610750672994,-1.4162306814717662,0.6640094511319334,1.052229524274656,1
1.3834214403905427,0.08996451247404968,0.6077729885955414,-0.6552242593359291,0.8124195190951586,1.2632491700235797,0.5958895508574039,-0.05173113883065639,-0.05883890149619131,0.41193983597208195,-1.6590878379532596,-2.3377135701385843,-1.0772607308183635,0.16741253870289585,2.512467133401789,0.05049238460085221,0.7331422275628663,0.09174906605327193,-0.5516523104485913,1.4347074220461142,-1.016605148118982,1.791474300810713,0.14481044198745682,-0.8803880569115038,0.8897016695954738,1
0.1919402517553469,0.707902441965605,0.16734362165163258,-1.9018657009478925,-0.40119864510248127,0.09701712435234411,-0.2326592969437014,0.47988727144908705,0.15964369993913752,-1.5960242054607154,-0.5499132472661815,-0.904963273576917,-0.43500458759158345,-2.089964059617473,0.6813008293901808,-0.04217727636883983,-0.01156667647827253,-2.0156040092895773,0.16710729481836406,0.5871272840451657,0.7914659438941865,-0.9660776029356887,-0.11151519774370755,0.7381339767776087,1.2505546058536954,0
1.8006749674821312,-1.3416392014939857,0.9283774240378737,-0.25370677992708934,1.0342278046501026,-0.21626441354468445,0.742474304860688,-0.46894000902842153,-2.20284252090686,1.9364031278167175,-1.0736903754316842,0.28089205446037574,-1.6356054766945038,-1.5485944546110273,0.8617813135003002,-0.6912851700119627,0.442857857589352,-0.6338208581928358,-0.44549138234257757,1.0671835596027117,-0.18482133859698907,-0.36013418915108103,-2.327551664857535,0.049302521282085565,-0.9180076366559018,0
0.12831888866119512,0.12809638099319287,1.5542126111926793,-1.1449758181431968,1.6693466770916034,-0.5431567858983786,-1.667455552246902,0.4002002710201261,1.4092726398598714,-2.9795555506076825,-1.975498644198041,1.2151363135676134,-1.209442338151292,1.390558123564898,1.5331702732736776,-1.9408705859998492,-0.5617659800728222,-0.6235848696681134,0.04012527337530564,-2.096262240100681,1.0576334395621687,0.8332825798541711,-0.3296803779381537,-1.0557877933664503,0.8957307846332614,0
-0.994896768190179,-0.869796232139542,0.18632097125750235,0.4857305429472394,0.4670845079427569,-0.9111413301969624,0.27402277364268723,0.137710543320961,-1.1666865757677274,1.4672138066254905,0.782319729271098,0.9487173036665735,0.4837325234277874,-2.995955806364421,0.7321194109580272,1.6912870027872295,-0.7289994403658893,1.3470171504101718,0.5762136234627638,1.1880479265380504,1.4920349684522485,1.687705368709505,-0.22586695698191167,-1.044674828002432,1.3478687682735075,0
0.0010403591302964033,-0.06373650826103627,-0.6269211066769625,1.186168081551458,-0.44509139955957344,-0.4165349018568292,1.1375662499028876,0.4118746947087259,-1.1916936343094724,0.680060356419163,-0.4262673456590822,-0.5060464762850192,0.9836854403029104,1.415795044389135,-0.2678509636140389,3.2707894268053037,-0.8589822058838489,1.6727306524753107,0.81930563336772,-1.5269896702230434,-1.843859862941541,0.16163878311106764,-1.0195675205661787,-0.4632355183806075,1.0244410251288303,1
-0.04345593233535627,1.201699671106964,-1.4232381685078803,1.020025949562691,1.8662144499025568,0.11149531813310054,-1.5307622430552683,-0.5999004351624277,0.9334114763574866,1.4628815469270076,-0.5833036744990069,1.2205578035831826,-0.14346678624485548,1.5468503471875026,-0.8595669534566913,-2.6467509259240845,-0.8192870049190463,1.0035288801072113,-1.5389721939312802,-1.902100472515072,-1.4365980599695243,-1.021292563589915,-0.7338176878628456,-0.16858298260143434,-0.21706090993797567,1
-0.47573211486975675,-0.3846436814082221,0.999398008049843,3.4485302754208793,-2.3177850935232334,-0.2478965909838882,-1.182414802810964,-0.07505719614032647,-0.04495594574645162,2.3624452657056167,1.103231058691466,1.7157434257579798,1.4732631590766307,-0.9114434058353138,-2.014032845018162,1.1795692356251546,-0.52341499757586,2.9056672620108,-0.61701355396666,-0.1632561145528174,-0.3989155231411612,-0.8550146803993447,-1.6188171359089747,-0.2804362099587008,-0.470874994804765,0
1.19587074578411,0.9464192799835512,-1.8898350626001195,-0.5337398961837274,-1.7397853529462446,0.49148929076737025,1.677814441110094,-1.5342363567907014,-1.3022848843404518,-1.078448743832839,0.18951330586106097,2.447455931738887,0.06469887893054838,-1.0715309155431916,-1.9533147639728459,-1.1962350289634593,0.647897352062913,-2.971107722263836,0.6063997795526905,-1.6908553295572624,3.197575317577309,0.057294198548792266,-0.20802318340198483,0.682497021607583,-1.1977804351503656,1
-0.30409381017001136,-1.1506553523541576,0.15890629875633558,1.8192105119547426,0.13177680924279378,0.00033132730895635287,1.238631116120378,-1.2006628478954857,0.35279127315207937,-0.08602812694354456,-1.8505748394945694,-0.021362350090012194,0.6020911029329576,1.1069863199635208,-0.11725294883586179,-0.4645771007140648,-0.8442182685639652,0.9313769545175067,0.8411809822999556,-0.8757470400903922,-1.7533419612843626,0.8204699198269398,-1.4064628773632792,-0.9848487196021063,-0.3569144621536787,0
-0.756949860135309,-0.4326135124529318,-1.0263179986575066,0.17152792375094772,-1.3256889719701292,-0.7310006333894975,3.546848340267246,-1.7969569086132633,-0.08806528016789561,-1.3741057642121197,1.2431725867342687,-0.40530351269801335,0.8478725390450865,-0.7492303848300208,-1.7371344845087617,1.9465412826831452,2.374232369376111,-1.5129578047741405,-0.10600821362170149,0.017794959594851834,-0.6758120105629807,-0.17574062709504815,1.2821923806307436,1.3859994323210758,-0.4291223745979315,1
0.10250911410964542,-0.26062829636827006,0.13630389740965898,0.872682375424992,1.4150913109352479,-0.5855376370086829,0.42603945910594554,-0.08601987846840808,0.8638620533049096,0.9263857901046018,-0.8230964248821268,0.5142464567427394,-0.1854742899707825,0.6652954570277081,0.4743139903653831,0.22192417855190105,0.5755354468747459,-0.03603117593963612,-2.4157614371389644,-0.744214901142972,-1.8069932926310255,-1.2214514090337274,0.5905060823629361,1.7178901135867872,0.2724863718172197,1
-0.27310339188374255,0.6760234845992719,1.399298584311843,1.5445318819318368,-1.1188268112417594,-1.0968009947156327,-3.25225460843928,-0.3993165630064721,0.11048607564218146,1.4984491156871989,1.4513894327148387,-0.19553037949666763,1.1283476153180672,-0.4746225060849764,0.38351386473248994,-0.7142190356149698,-1.1963038691444727,0.1385566867001925,2.6985895158700672,0.28789248000503287,1.7237196866371276,0.50341308894321,-2.74831612204698,-0.3000481611725856,-1.8195483962754242,0
-0.5485501518580719,0.8124019653560295,0.14679478116372882,-1.5364700413974106,-0.11414272492888122,1.4785337830045258,-1.5087641989624392,0.5098486400768116,2.3178807271289954,0.03269834108855975,-1.0217276343124455,-0.9391527431343523,-1.8907072654014403,0.36596616119779124,0.3922612080213552,0.49068829373610795,-1.5879452378381254,-0.09495971000259851,-1.9734565510799444,-0.6617075189507926,1.3933979258933529,-0.16624538268186806,1.2307991926161892,-1.828446045569182,-2.3772881066941265,0
-0.09705988463733939,0.07251577085976946,-0.1402293591241315,-1.3728894206213857,0.9200813407274393,0.5670155427135061,-1.6833729642288586,2.104837993635904,2.166472046231581,-0.43357887226020986,-1.128361684972395,-1.1266060360620467,-1.3852101810481776,0.040516177687826116,1.7264775757037847,-0.1864403944291906,-0.6423259480507826,-0.045704370807762906,0.29307082468860063,-0.2625583458256973,1.1619010956621127,0.3231411962270661,1.998478472120524,1.2492263920184683,2.912110804582837,1
-0.5558019126131496,-0.5260097349937813,-1.0696790788466897,0.4747586014040832,1.14103725079469,1.149489182342382,-0.03607056457051888,0.3622976118629166,1.283454135608252,1.9986935739438076,-1.8170210784968825,0.6979476687303952,-0.15980835038327157,-0.4543614100610715,0.7837705397792589,-2.194735761870488,-2.0209911337767172,-2.2970266558494723,-1.3608022635999153,0.10759716437426894,-0.06015331239255994,-2.1484707506121614,1.4716557889714343,-2.1111137027977898,3.3434382243877994,0
-0.3330232461594121,-1.7435136526914465,0.1711891042933631,-1.9936057566452083,2.638081551396427,-1.0094099122085696,-0.8410872043738378,-1.718931455145207,-0.05349216188077044,-0.49136456050373506,-2.1808361110637375,0.1749602729103572,-2.644674951575208,-1.0838348418943737,-0.23567224623064728,1.432154655293307,1.0375997583396783,0.6045587883564538,1.5200996762463252,2.7115854822152716,0.49075266648699156,0.6514690921062818,0.8789153354812885,0.5813473308623693,0.884929268559224,1
1.4094416425350174,1.1060461359651432,-0.46770241437623017,-1.6925345657370405,0.8216791167128302,1.932737147169119,-0.3460598033336825,2.0142291811389157,1.35818216931707,-2.811967420981146,0.08268607338078066,-2.2532767441904427,1.7921340863893385,2.0035597359378254,3.0503472458973504,1.5446845890919219,0.7494825829094209,0.024087999044023367,-0.05038058075491747,-0.6348605559949287,0.7136759222999884,0.2436394926566003,-1.5855637646867855,0.6738620336954895,1.3405689308061783,1
-0.7241107764451068,2.061832544960506,1.0409755420394307,1.7974092051390005,0.6539994738443538,1.3789407729275138,-0.9546752859774101,-0.19033078755134647,-0.9956812036768643,-0.669385912057845,0.11677873767929921,1.9047537203771054,2.8348117123887993,-0.4918177966045882,-0.40748711354152717,0.23660301267471207,0.8954568866676008,-0.11813711100963087,0.21857369838862883,0.8586394705523192,0.18212081755961132,-1.1301501597003851,1.1742801008505994,-0.5771968957891848,-0.3119306653745936,0
-1.8195584419212258,-2.208974537551016,-0.2518613507151302,2.406754556962393,-2.96752212828649,-0.49276171588716655,-0.8602981047848485,-1.2202352910896785,-0.6172063013853505,1.2890434894466025,-0.08687601205619426,1.4972685516637758,0.9102049351282562,0.5796559027063571,-1.7098710090451479,2.575016069052982,1.4633960396493055,-0.7154985472109177,1.218999835341958,2.0573377739432015,-0.4479167378303111,-0.3359018351297067,-2.502830306946159,-0.7410162349293661,-0.4388896413538249,0
-1.1734785419998892,-0.48531299875224787,-2.4617655847691813,-1.3233389817515686,-2.4795402554149897,0.02393310993260367,-0.10846168333856654,-0.0027380304724450855,-0.801238477846979,-0.6817000836997127,0.7503107486875753,-0.12608814042742514,-0.6792720759471551,-1.0487396554442807,1.407824966912321,1.7109444402741487,-0.048387081189973924,1.1566333072785262,-2.056688790995143,0.0209053023479725,1.4400368924458977,1.8523951542251682,1.473340187507611,-0.5770683443912301,-0.8006569275963431,0
1.8487907167503708,-0.1334161561562956,-1.9818353721193618,0.9258045332230472,-0.6892762894949014,-0.062147599272158266,-0.736785030829967,0.5747995974203008,-2.010083216162885,0.5528608682754145,0.29970060307960367,-1.9876211089174152,0.16680618672974654,0.44150536192448214,0.09585003129475,-0.17647185883666627,-0.15877528188262796,-2.998147334964198,0.0593992621240268,-0.1237557880315126,0.8455070517107846,0.7323939875248799,1.8958033178790208,1.6121356898763288,-0.21352118348410828,1
-0.4676814950579289,-1.1097069539548354,-0.8984114074538427,0.29383316220473155,-1.7287816967343825,0.26898376080827335,1.2209898710928282,0.31169226975154796,-0.23901684336574375,-0.5324045788233945,0.36287854621084986,-1.3399658005035477,0.5361202877479492,-0.7559504390806414,-1.1683239195821988,-0.4682136566310965,0.35026643416351255,0.6384673658788373,-1.5243503233499283,0.942964126322255,-1.952454731240144,0.6141722786640824,-1.47858272215888,-1.0659682357651017,-2.8080301642743004,0
1.0549055252210762,-0.34162470085384467,2.588459725887148,-0.07437055979992381,0.3174625577730258,0.4090258248990486,-1.3686212038244092,0.40099569744007424,0.6225387996777926,-1.2940210057884534,0.4307404205163883,-1.026368130730361,2.0634218948877265,2.2477012219402983,0.543839436212453,0.6480826980947371,-1.9811995945280245,-0.4993856245655954,-1.1741394879000062,-1.1972735302556292,0.07241700523377426,-1.3607894922926937,0.060273240916269066,0.431794377562973,-2.901988443629582,0
-1.0960783055442713,-1.0403275859508272,1.6717922208870162,1.1829346392950815,-0.7943578159929798,1.7468211027508234,0.5372359786786954,-0.23134072829612562,-1.3869743513127044,-0.28979411885202166,0.06991076555837261,-1.4946108143958097,1.5063417780529378,-2.200528719608854,-0.5157191940689966,-1.1752994538238504,-0.1763449701939837,-0.20891261254800164,-1.7708395743136063,1.799819806975682,-1.6921254904424583,1.4425664949197432,-1.862505917325171,-1.1239639423750967,0.37381229608993727,0
2.1891514419640914,2.400924468505478,-0.7583330149461949,0.7436695823311713,-0.3639850586215261,-1.8465217347158493,0.4828829187434468,-1.1944890176116143,0.8980974034944462,-0.7236014119753197,0.0338967354257354,-2.534720958191923,0.35939689452947654,0.27900622547463044,-2.6772805024261714,-0.5495159155173699,0.13309533896907866,-0.2145940808251806,-0.8377420315431607,1.443418889991378,-1.8068742506259434,-0.5085242077286372,-0.4582955861085014,2.0284539525467844,0.23774242749596408,1
-1.230656856023434,-0.21683795075866863,-0.9185768572320536,-0.6919722519071642,-2.1527507909149124,-2.922641005945575,-0.21430078230245464,0.4488620726988757,0.7971734857849792,0.40225765155584237,-1.719488285588469,0.4928887968336969,-0.9026913280991303,-0.7749075946078805,-1.111188023034866,1.6642394569555097,-0.678351127588912,0.5193273060029401,0.8552360322437157,0.14148741758266586,0.6982900977470643,-2.6465810908496965,-0.4890028890747272,2.226971959318321,-1.4020812195820958,1
-0.1901576670271531,-0.48932992968968597,0.2728084971462496,-1.7268068393579044,1.5676871324875006,-0.13818508285757886,-1.176068173875544,0.9304960986002484,0.3761181304597789,-0.4846824643861465,-0.18093318740231665,1.5505774935032663,-0.8398839085546541,-0.41121911182344795,2.7578825964827836,-1.0907175556539903,0.772015508155081,-0.31570750024770544,2.404040719935572,0.9957336008884483,0.8759278696309923,1.0713509381495365,-0.20210244012593737,-2.5005116391617657,-0.662487275964541,1
0.15628358973420708,1.1881599152930895,-0.29203310291403406,-0.02653739248333542,-1.1033158941724106,1.5468085670541623,-0.005074732221630129,-0.15981074610851453,1.7383281232863546,-1.401097358178315,-0.7366248028396888,-1.3996527116082866,-1.0744746301609411,0.35520671186137864,-0.06882680594006652,0.4573341654110685,-0.4134383913803724,0.6505648610506753,-0.494669723169076,-0.5593340964533102,-2.0563769198969792,-1.0975885864960138,1.3695434921046719,-1.1372681542189447,-1.4286567860538515,1
-1.0041934938898778,-1.742269220410702,-0.6676605063213936,-0.2857781497654737,0.8206175200551226,-0.6021238486872527,-0.7346581723039532,0.7065836547216107,2.413360130499151,-0.18264212499383148,-0.4509205935708748,0.11411681462441886,-0.45033271944884073,1.6683288889526904,-0.004505005442935528,0.07334120088568513,-0.09360762520538628,1.6429609374789664,0.024894662658458702,-1.1332416818535926,0.375835655781296,0.05137005961474851,-0.4786766667134035,-2.1289104061362494,0.5404075008767875,0
0.1246275798583601,-2.5974441484372734,1.4873769067740947,1.6508320651475714,0.6935798753404284,-0.30108751670353506,-1.351107216568039,0.7954556969782771,-0.2242434245841304,1.0111273489572334,-3.4233848956346455,-0.043199679687833004,-0.008612800058312525,-0.057219445630476345,-1.7887292090568203,0.46608985580023865,-0.2001211442193777,-0.2126024389623069,-0.603531976561335,1.3178027132649845,-1.2423485949795965,-2.3127055660572453,-0.49370384122032784,-0.24610202848601148,0.15139881744171507,0
0.23349885701003026,1.3082539385961292,-2.22294298079417,0.09525261680219549,1.3708797659937446,1.128871050592185,-0.6171265907680941,-1.416516387985583,-0.39750895322459556,-0.4231183379307839,0.8190738394838186,1.823564236146338,0.16095378286225742,-1.3231877341277198,-1.6167576370007066,0.20518173617344082,1.8512092414045895,-1.2166988869710418,0.6196027573316142,1.0606013605456672,-0.14719379302161584,2.45917292503545,-1.8756897720079169,-0.13134633668069656,-0.7608382909247633,0
1.481599916041962,2.0888551669943527,3.294598817542252,0.3430088710383228,0.2714103377015554,-0.3501989242160095,1.527290916635091,1.7063659280281454,-0.9013850879901215,-3.137038418178969,-0.232220300727873,-2.619589672709247,1.8548373332395562,4.257931367314468,1.2829623578018774,1.0491001663347348,-0.15108962395810743,0.07778353817004302,-1.1756815936713396,0.6158426832485201,0.9309923897200497,-0.09474438131066232,2.188506993169293,0.809568395280742,0.6751497586181888,1
0.7226266479207775,0.42088495088058964,-1.5438722030048802,-1.3233286657270538,0.6027813760497852,-1.318230042842952,-1.1731207296255932,1.809254704936229,0.3964927932852774,-0.8270432726206243,-0.5328483915316817,2.794421299107804,0.8945215282398251,2.432429368757421,0.60104361949032,0.7720207917609606,0.3780253532727687,-1.2214418257318171,1.329340610916878,-0.3499084516891753,-0.22386297396467403,0.35685815692452205,0.2673837347452853,-0.46623368582936187,-0.2758785469179893,1
2.1849952605488987,1.7887154536196608,0.9282837966992881,-1.1661468446970198,1.2471114564092378,2.4918796016345417,0.7139501163432428,1.9683733182875376,0.5005242853763341,-2.37443279211919,1.1160590446623049,-0.5531774107388835,-0.1577084585227216,0.6998012513942744,-0.4891193138131828,0.03183793400490645,-0.6302176339904517,1.2079915808178576,-1.5704373995627894,-1.6685614038588263,0.6565717193882569,1.2139216374072728,2.1926393608892023,0.9725227476726164,1.0117247024415241,1
-2.3420211351848166,-0.7522179106475745,1.4425672820248658,0.9513117351290096,-0.43275409539774967,0.3857138174913568,2.0936555814895557,-0.814021956676044,-1.142870158590481,0.4523115131410068,-0.07144320038961416,-0.424426808921716,1.2822637499226923,-1.1327480745928518,-1.744997058285497,-0.0024304526488556077,1.2794483860160184,1.6702665508931551,-1.7610324555737424,-0.07429760059095625,0.27281989607810464,-0.8704019988528587,-0.8154947720505363,-1.2470096145389082,2.7067441712851164,1
-0.7368679817362943,2.365312168449503,-1.0501619536471387,-0.99447711218421,3.3635377427290645,-0.2913939474698021,-0.04657418850983264,0.3607700913700794,1.0687065012572723,-0.20838536705130975,-1.2779455874750834,-1.656583343121799,-1.7351253391971748,1.0655794155949838,0.9627957352436752,-0.5557771522170123,-0.3648130912447253,-0.744407276745447,-0.2650306442915442,-0.7499416737644395,0.5416716194234773,0.3536931749010383,-1.239987487048393,-0.35360113254064146,1.1777947865719574,0
-0.9907831947020836,-0.45731104982913984,-2.3260176271455606,0.3859963947528177,0.7151918069602967,0.5812367132002426,-0.25063692193979314,-0.48196325323495226,-2.9136810767760553,-0.9209600158980473,1.7146019471232714,2.4039369414849276,0.07352308617937908,-1.220408811575422,0.4523311511427664,0.7363894556159513,-0.2729178374317328,2.385353538425721,1.1399248104365753,1.7732047357531084,1.9744294724990388,2.8884478689886235,-1.1362895437153084,0.36152077814027545,0.3074408869844072,1
0.06648014421269324,0.624358690418485,-0.01509013520948932,-1.4915409376882542,-0.15079308412743686,-2.4367476540746913,1.9382674455090136,-0.03436569740700923,-1.0452890179900647,-0.6158975424428975,-0.5539752690916432,-0.584519851355552,1.6587712963157861,0.547404301074888,1.056747211082923,2.3520916001980177,-0.7887638747814347,-0.017158131107299357,1.37041213665604,1.6647715673902537,-1.8046128442351654,0.7968397207530324,0.4468646477162389,0.18652746429227052,-0.08806923567596703,1
0.3075346282299347,-0.2433408121920997,-0.1854755728808205,1.9872599923547836,3.3963819066346375,0.6836331550710623,0.6474480743428345,-0.9779045629868872,-0.07158726220294942,0.9650322767117605,1.2622989148519168,0.10681027330110862,-0.6236590555073713,-0.6648810618922449,-0.9058907861722494,-0.7279882995329029,1.2771506158312511,1.5161868742271682,-0.5699178642187654,-0.059023276550637715,0.29542952499106045,-2.6908823047118187,-0.8182730254206034,-0.7046319750362781,1.9730340456646265,0
-1.477597929618486,0.45700225168849795,0.538457403033303,-1.8035290409319835,-0.4032527006832188,-0.23534193787146618,-2.323522526518219,-0.11267276006901897,-0.6070484960012434,-1.1941494063359532,0.9809410309579263,-0.4790043206641348,2.908444039323909,-2.724021253904076,0.18384373126704573,0.3931130975342559,0.1591164727155716,0.7987430175114993,-2.4686027275582756,2.260141511207756,0.07820944950423236,-0.9037681294014538,-0.9508875736664141,-1.8139316866892783,-1.7585140323053872,0
-0.4554279999385727,-2.3904942764336763,1.252781377801907,2.6295726258687826,0.1335170798783557,-1.4655582445753002,0.29108830416759496,-0.061829696464743567,1.284655943313032,2.8982412008390668,-0.5920252733747748,0.4177763393230275,-0.17440859782092322,2.554332280566289,-0.25391300258676686,-0.6995693926526225,0.7708491790674799,-0.9033893504016881,-2.609614169977596,1.1797697064199206,0.5270299800911967,-0.9887740377722053,-0.1069366114728275,-1.1121960456044648,-0.2877825747766617,0
-1.2496798723241564,-0.4431556469242003,3.073184321949932,-2.7729863986163488,0.5908125981073279,0.8478024515732774,-0.6483244407995179,1.5971345432531208,0.6687956555819475,-0.29632657863044926,-1.8869408051731025,-1.7243026887634196,0.34630053994807974,0.37035267427937124,0.8131363233922664,-0.8613429107880429,-1.3122134815730506,0.13158842024348713,-1.0719915334302976,0.47165478879578226,0.5943671466420367,3.386731325730154,-0.18776069342887652,-1.8952037774837625,2.2994035433145337,1
-2.9095921894224115,-1.513239951562468,1.3594205668659995,1.699321292456262,-2.61194977950598,-1.4806233360519456,0.6423698782585305,-2.5111217112033115,-1.341824702619141,1.0289046088621177,-0.4891770614303954,-0.1659430169445889,-0.8014531172859828,-0.8997258301754886,0.4094141545262384,-0.9731042190919444,2.050485673479095,1.8068798820859095,-0.15146878104218947,-1.540678054482671,1.8307422316325712,-0.8323456455105145,-1.1024431065782194,0.6084128780008333,-1.64099000799514,0
-0.11445002405671292,0.6360906662220314,1.53516728057522,0.9260313767027673,0.6993309191200872,1.1444730197851487,-0.42146891489842603,-0.07941859257494527,0.6293256458536557,1.53101742768221,-1.5954043110860665,-0.456487994611114,-0.904733125444368,-1.8396437911488865,-0.06635885948057657,-0.9604159304489286,1.3851751766381117,0.2818409804968611,-0.7449583750255308,0.6553351559011877,-0.2609635012983497,-0.7699692012451868,2.4316021362453397,-1.9243502699770398,0.1313829517275268,0
0.17068411894710406,0.9630738773856333,-1.7897527324669913,0.36907342370811325,-0.9955077403659971,-3.164807650373792,1.5800836335476747,1.1543611647824228,-1.8673568159441862,1.2094420811799473,-1.484012285457959,0.41271675321466156,-0.01028181282392504,-1.0187549665117182,-0.5116725322101929,1.8281763562043707,1.2355147036966412,-0.33775777982811495,-1.2397148261089719,-0.7405754382982866,-0.1571068423379186,0.3630357964691549,-0.15131878456737485,0.7956508057106337,0.8916014245535808,1
0.5700784873010231,-1.022861062803969,-0.20190514034896806,-1.6030002060462945,2.514384390241611,0.8696747201563602,-1.962203269151288,-1.139778210209478,-0.6658076225599955,-0.649687756317003,0.3951684207907138,2.225117123692309,-0.5921369374287163,-0.6142242243845131,0.17991744610342364,-0.0028937539687684533,-1.4696179372099465,-0.7235971975007067,0.6182468469234457,0.7706512991597658,2.8388050706151615,1.3943491479754666,0.510803121208511,0.25492947222652174,-0.6804060449566988,0
-0.6537620035335083,-2.293010940334037,0.905041242580717,0.7027015889503817,0.08995263018511318,-0.8503837544049361,-2.1018286013378367,1.4403991551356972,0.40405248108420955,1.352088527023498,0.06587495670231175,1.0954413764686444,1.1757084720011424,-2.6062074550301357,-0.7483266090711206,-0.7566774854659781,1.183985709995978,-0.2567052019360202,0.7035297622433092,0.4553034490151566,1.2351746598381996,0.7419688600187063,-1.37272378916286,-1.107648408298531,0.7305477668201191,0
0.7139078096685414,0.2530917604034584,0.7565794003185323,1.4583118029617756,-0.6647717419849977,-0.01097264221872074,0.19190169614339056,0.33992231266021644,-0.04318641941378357,1.4164764971225456,-0.769775131009931,-1.2002125129155177,-1.4235632752583571,-0.6689198837993837,0.35547407989029145,-0.15332901985005454,-0.2148188780827403,0.8625631696361656,-0.13698584633859034,-0.8390862789922946,-0.9203290637123405,-1.1272797870572038,-2.605919262654132,0.7184948430436295,1.3654013058996497,0
0.08623488333053708,1.5883750505479721,0.24876383291197202,1.2934159778357732,-0.6358561849759269,-0.6957211907130285,-1.1684678559765622,0.3167097226526433,-1.3976828197389035,-1.997840407993697,0.47588744727694493,0.913226759781445,1.2569474816822406,-0.7110723671253065,-0.7469448596830073,-2.0321088390281856,2.1969776896641355,-3.130998418276942,-0.728568731501106,1.4350961720197568,0.6406499460089307,-0.7199261254411174,0.20824164444873128,0.040791550044487535,1.2117719003386698,1
-0.35309304293118293,0.6287017121017022,-0.5619889922088922,-2.374087544617331,-0.8993190677337777,-0.4848793268172471,-1.396112904960467,0.8129157083375897,-2.263154008700276,-1.0951269957598777,-1.0460083727747105,-2.9678165913683916,1.71303852055145,-2.021036139360857,-0.9795543715668991,1.0533642906100795,1.7750337726431786,-1.6192334837984244,2.1108459786588245,-1.1490628180275688,1.7993397581838484,1.7923049285891357,-0.33138064562850195,0.4490507221279608,-1.2631172267094453,1
-2.107694947501726,-0.8182224152568999,-0.5156691618152617,0.7433909039432925,-3.17158533233716,-1.3991179912775311,0.5836412482448641,1.6482215960870161,0.10646626743150878,0.5786365512512615,0.3856688221463918,-0.3816435083164802,-0.5809534606085167,0.18057762122527365,-0.049155163951302816,2.1854996771778694,0.2889465218897061,2.038000537705786,-0.5008565579297778,-0.25185978443776325,1.3521446419433765,-0.39845285227013993,-1.153576908484243,1.940230962115975,-0.7767131510690574,0
0.9107697114275131,1.4497922665593823,0.7839421550904,0.10449827668450062,-1.7408601086415487,-1.6328556433465589,1.542714946198966,-1.4923003648829218,-0.6847786647280294,0.6248002334298509,0.2190881191882993,-0.08787614790010001,-0.11049454468183977,0.5648065881003607,1.980944718712007,-1.249919956025294,0.12367137332017555,0.8148650002634789,0.17159021909325256,1.3728807910743739,-1.2507640748484943,-2.5519524733643015,0.7516297281596966,1.852634833797118,0.5759815715445691,0
-1.3919123178889323,-1.7380819137299528,-1.053709854085787,-0.2578444785616021,-1.626103121230196,-1.7084405744032203,-1.4924280275188595,-1.7786409618334327,-1.3617171679289872,0.23997911730040244,1.5404756229888235,1.0064601860740563,2.0022695007486266,-0.7411154025036288,0.2464319799836696,1.3278451163821843,1.5708072050869162,-1.0625328904880502,1.2904686664122977,1.18690787723233,-0.41012099484481135,-0.703365238157881,0.24664555391210574,0.4118551579170696,-0.4894640319921518,0
-2.0648440875861658,-0.545005055022875,3.1053749805159296,1.5027576357835533,1.771776942191828,-1.1706585505798912,-3.2795742615145733,-2.090736791821587,1.4088815506330925,2.9586776161580977,-1.4417977613037676,0.5794123773110956,0.2451065819042415,-0.6473928325217322,-0.01412681986247466,-0.3489046946675754,0.3560477562848546,0.45705236920897563,0.40116244466852435,1.7771934256442967,-1.0399506353097943,0.01663493056912002,0.03617715260565646,-0.4772796611716158,-0.5396225205324373,0
1.5006799924985688,-0.6141730363956337,0.6946329587009732,1.7660004721889737,0.8975089345534835,1.2600155021819173,-2.043165803280087,0.3676602950823465,2.3502837772321863,1.6591144471308676,-0.33896059914730137,-1.3789799095015516,1.8055783528191034,1.0199222204714922,1.2868561507162357,-1.9942474849767589,-0.8327693577180596,0.7054330494154153,-1.510253039844415,0.2334666047746769,-1.662751888253757,1.8222753404822016,-1.0172863160707117,-0.006575165093812396,1.669866153536772,0
-1.4205063803574396,-0.7845325733491513,-0.8154485855455638,2.2140243168967126,-1.1233009093298487,-0.0904042423090965,2.305347128178787,-0.5324926198994987,-1.4798179625132608,-1.4513149353123764,0.3920846473385716,1.3498298644894267,1.4933106610665023,-2.5144951637601056,-2.30188716442104,-0.19688442916643673,2.596369127265319,0.1063361771536181,0.702508473917955,1.7562713903442382,0.7466879030784506,1.0121498228549488,-2.300721285151212,2.6609482838195966,-0.7041768312562353,0
0.8167493595711155,0.4701458413649778,2.8063723044907887,1.8312386601860453,1.4413003896431429,1.2635788044687226,-0.04134323796496675,2.10457295617869,0.6994192960875232,-0.7603089725517116,-1.2902381121393178,-1.0192718876579263,-1.6838066388980937,-1.202439007392896,0.22529078457909446,1.0181183882243499,0.55852749660133,0.6627136803297863,-0.2752684031603244,0.8802438256256588,0.5114067114345471,-1.3764875073923417,2.0907976342228443,-0.08177433243382004,1.885140817315725,1
0.003058905040796034,1.0347019547031178,-0.08246118865247798,-1.0934880138308225,-1.553237374304822,-0.32200364762978384,0.728373930462141,2.360990385959304,0.8464039787845752,-1.137925306435545,-0.9249559776037872,-0.7268766882909878,-0.3808048646878326,-1.323046468707809,0.22065745628523878,-0.4550574441159816,-1.141551609351815,-0.9713145324955932,-1.0832082281857864,0.1431694492859873,1.5548484542514291,0.38247482147318296,2.168239272296046,1.2586412156454088,0.09151626518785017,1
-1.4469119198899778,2.1074371269564085,-1.2555168237997352,-1.1965885346364509,-1.5206400581367618,0.22493580032684313,-0.24524434519406452,-1.013647290098708,-1.9336073370085005,-0.3157451035395853,0.2900290255003127,-1.697370337236909,-1.7707378904076487,-0.22554541577276466,-0.22009744496434291,-0.034236346510307214,3.215572781514279,0.9783296284131003,-0.10821098733171752,1.4873488884911352,-1.7308352982772253,-0.7137120295884779,-1.1522968328692214,0.124736608157697,-2.062854757004271,0
0.06049716867849109,0.27975989274609847,0.7325910978516514,0.9098152328244344,-0.5397026283568584,3.2142329100578615,2.848125050514351,-0.37201162684290395,0.8353224240271756,-0.1246088367630031,1.1533787976042364,0.20590337908498335,1.8301058963307095,1.1961235157400527,-2.164499964624173,-2.088346558588416,-0.46615147784184496,1.1304466152666592,-0.819555603235939,-0.8751707481548567,-0.6963987728533159,0.017443640136133864,0.7479111514048771,-0.6735657381616863,1.717142454268307,0
-2.685134811654962,1.8680838138062585,-0.4574357027338034,-0.9577982555268415,0.6706415485674336,0.5215592055247872,0.9091419036939958,-0.029911849360510834,0.7367764761839039,2.105368379426811,1.5706392194862056,0.4407648137387253,-0.19598073665722426,-0.9405509407660548,-0.8524245248421445,3.4537652145108866,-0.6450812587471508,1.6242246564203227,-1.5538501983017214,-1.5144412996962762,0.33394248343302696,-0.014067403447338478,-0.12830242058013097,1.2713792924068137,1.2531975505381259,1
-2.295407272233679,1.076731586752942,2.716252174778009,0.4540213558832736,1.9572927195524734,0.938533332221724,-1.7570083776865473,0.6637163659117133,-1.1157872421099846,2.0178374862680606,-0.4420012488358434,-1.2581577947754752,-0.7442031527028679,-0.15137600017800465,0.4203294612363587,-0.8787811198941484,-0.13742117725905778,-0.5515742204866702,-1.6968215582379513,0.05917432013184387,-0.5625158150371834,-0.452093995244872,0.6001712039555211,-1.4972899363716954,0.31656622827216696,0
1.4617728849383482,1.7839061138578705,-0.8190839672366212,2.0829198975032224,-0.6145703118014267,1.8185109449581613,0.01656153487758416,-0.9828212126176145,-1.078361316494244,1.3343106775653166,1.2182878652786149,2.0176896233979966,-0.24324466637991307,0.846144999761926,1.4350196009169776,-2.067112267840259,3.3270725562579098,0.7023034196274581,-0.3603131666082267,0.9371433279113303,1.8968718285956832,-2.303262190303127,-1.115757722420932,-0.10894973218662996,0.5810381848218455,1
0.6285752877262812,2.426594194249324,-0.3482952342311587,0.9768938371463405,-0.7829458477810478,-0.8131953685305899,-1.4251871229128856,-1.7693420482352016,-1.0226854004434873,-1.852720761292682,1.5136040187513022,0.9863818411266908,0.2668904620873166,-0.4844058781850931,-1.527939494961144,1.9772605548135567,0.5786233039043004,1.074487094086412,1.9082833587514618,-2.563417611618325,-0.8070934566558476,-0.9630330445133537,-2.4426301366439622,-1.1851851960822897,-0.08442443323303217,0
0.8287656050692549,-1.3827592820093333,0.19585233863893045,0.165820754561395,-1.0083272232150016,0.7546867116590998,-0.7977557106505878,0.5444852101276946,1.9860735320571496,-0.3945445659632923,-0.02066164109305202,-2.7921056475374812,-0.1651055731749284,2.0516230259020936,1.9473759613315111,3.0168508747781524,2.537981084532596,-0.8048712714029118,0.5103736382367048,0.6027643602321398,1.4580107477685234,1.0940911222732617,2.645592946491078,0.04757112790402346,-0.4399292011829167,1
-2.787337977345303,-2.4729705842550866,1.1899571635011177,-0.3218867796413881,-2.0360848428688247,0.26728147099897703,0.13655603360980095,1.2593375688379407,-2.9123006332674026,-0.26103390903043033,1.376949381121511,1.3980747916434417,1.5600099120218014,-1.1072508733123845,-1.0833258237025643,-1.331004571060927,2.5317522994615596,1.739062033413187,0.5930046239142986,0.1885384749299029,-0.42186708535592726,-0.23650168548988354,-1.7704349183699093,1.2231747924919385,-1.0246514402785076,0
1.1423156154353629,0.12799590404791183,0.7401788702280457,-0.2729652862474004,-0.5149363079735806,-0.9953593109611537,1.479753496384691,0.22980820238454608,0.4306605149476347,0.9562209284468326,-0.7639508131473172,-1.0094911197725194,-0.3626660778440867,1.7800330669622464,-1.8041814048139768,-1.9893228202887456,-0.2408519610792002,0.9726377270633784,-0.698132737278405,-0.142380670840913,-0.14570958373233991,-2.1296743345552303,1.0305050812225016,1.2135564239428542,-0.2825824871778777,1
-0.3445424621666799,-2.205248217830104,1.0661248445684959,-0.3232043016807531,-0.33949627919006786,-0.14989830421674516,-1.005532399382102,2.324698064534674,-0.9152799071037314,1.326903300477631,-1.995700303339191,0.5944461606795022,-1.8244974629396797,-0.3650868315479951,0.1165943746793523,-0.5263310081894109,0.4464291149134956,0.32148679693661775,-0.3534838455449478,0.30281619528439485,0.8092476648527471,1.0017297766326934,0.020057521983899984,0.5101052402304145,1.2829015445783234,0
-0.21511358665796565,-0.14283262418246945,0.4041200778665372,0.12557693818261562,0.6940485144828036,2.6629288718575324,0.9064118286677468,1.5330445634582552,0.8483885403173904,0.8341119831849223,0.28529659763515514,0.9395006019770425,-0.4320316640053057,1.002526632358484,1.3077309975676106,0.12618861921140473,-1.4760574851659802,0.37398756422115875,1.0513341354409231,0.796446165050612,-0.5003170333224743,-1.3428403753750613,1.7178641399616557,-1.3379645633116204,-1.0759378442271927,1
-0.30064047289889784,-0.731830654783568,0.6957806383165522,1.247579294373045,-1.7146784939364512,-0.4762982113668792,-1.265543758535952,-0.9361129244384245,1.5259560474109817,1.6897578885567162,1.651842499161324,0.728156030289469,-0.15266786966593182,1.1134381406422067,-1.066574939903132,-0.2676245448410729,1.8107499472990112,1.3555732448670685,-0.883174708600362,-0.2983343353369168,-0.3558802560546297,-0.3441339316828139,0.4684151568842422,-1.5835794277461563,1.9200112816080372,0
-0.8807305653802482,4.721033311013114,-0.3269411149495567,0.9533581418469639,0.18269060511507684,-1.0427890110316693,0.2238343133448244,-0.91830726880649,-1.7106727253889789,0.6116827637293288,0.8298073667684136,0.43408780613825426,0.02319964946154457,1.5074397201232852,1.0229420723395206,0.8943566099363827,-1.3717745521286007,1.4136726442437688,-2.2990464894411904,-2.630482170975293,0.41946946883788644,-2.1997723822460067,0.14954408771341143,0.8050186194274807,1.6765933353804878,1
-2.0012683099311905,-0.4950483497586919,2.0670257492464064,0.6043670767711141,0.7947070515400481,-1.2961684640284405,-0.6463456556956937,1.8405006112840523,0.9851786240178098,2.65482877627742,-0.03972178662228315,0.5350933347921683,-0.20785115934918097,-1.1646089870551373,-2.834036761239144,-0.6137548373933831,-0.19268765874212535,0.6575596257046703,-0.7193372059785923,1.768560377611724,0.3321502124936566,-2.0678719458557393,-0.3147217294752801,-2.619280564804998,-2.393738960150042,0
-1.9162886194220772,1.3340437416447217,-1.6498152650462274,-0.41280965217049115,0.20065557204366197,0.054550775385953765,2.2256700209894253,-0.7262504657550378,-0.34173473262009846,-1.1210237338157958,0.25871796515874834,0.5574389465322054,0.8701495051833982,-1.6265070277785623,-0.8970346277212953,3.2323259089935528,1.4198337701737553,1.277216757744891,1.9362386448335962,1.4842803011326882,-0.5137951214436497,-0.33616826641382735,0.17592007553118594,1.8878047233668447,0.7449645853014204,1
-0.15948150461166638,1.6822912781937094,-0.5060633051495216,1.4812335223184903,-0.8271557904305106,-2.2496684558895117,-0.9098832210796506,-1.8086210139646877,-1.635492662760258,-0.6161650266828956,1.575287567950896,-1.4601422547731544,0.4418386575135802,-1.480976906238042,-2.277528961274035,-0.40388436593441024,0.6738913391815154,-0.6454585707736897,2.1128240042788353,1.6430290391810811,1.2056881378470976,1.7884733319830957,-0.8747312591044407,0.4325542141230659,0.7820405816495457,0
-0.7497886804279175,0.896260238487239,0.8093788229529248,-1.6321702309785844,0.46871443851374706,-1.3884395313380589,-1.0638543660521593,0.24017335186593627,1.825615515736684,3.735292928773904,-0.5214846625627225,0.22021584594225319,-0.8820439726507934,-2.2008435656909664,-0.6952846971120467,0.9092666590498262,0.46216922631616786,2.013229591924812,0.04544468990668776,2.1342031248225393,-0.4844916013788407,-0.7427359674745312,-1.7468129440182962,0.3091692019937773,-0.5129916078014239,0
-3.1017172412924943,-0.7355749478644922,0.4578541021949999,1.9592445826305944,-1.944451491956312,0.49824419472952824,0.41555722607647405,-0.4989351705294918,-1.4347438079352446,0.12627131715408202,-0.0028818031723463755,1.427777807088844,2.093874461870539,-0.09787182682438,-0.048342377829440286,-1.005860125566943,0.1825024689862847,0.8314563836494998,-0.0775360753059009,-0.40659097648906517,-1.6539680289581373,-0.8718333050049974,-1.3053892482194487,-0.14647402874197818,0.7426983594963324,0
-0.519015341826518,-0.17481325229342315,-0.7123951646770262,1.0233286303548221,-0.20320640681347277,0.19826168001932684,0.4075784709630902,2.078730265510333,-0.0002748603231710889,1.1191597977829706,0.6365835982701307,-1.2238137947127554,-0.5287578772849605,0.5445428269209931,-0.5241108334707875,-1.4596966543249712,-1.471957952788245,-1.1381718230899267,2.4355836796578165,0.736704407859127,0.12305540461210115,0.4233150459500896,0.4078639863192541,1.8394404729331368,2.0377155923533445,1
1.2134350030470418,-0.8611180921050982,1.0661378515403295,0.39107357758773426,-1.4071407336456903,0.5487526988957745,-0.7196578657529131,0.9938819198417239,-0.37361505392027705,-2.230802835385832,-0.017389820071785023,0.23210831806225496,1.3163799762331592,1.0724085989676164,0.8346035417154792,2.071338348881978,-1.0594525129180983,-0.29798631837681433,3.0170847321485064,-1.4379929889675043,-3.132067459734654,0.6321367932111511,-0.5261289292933714,0.8275771083910936,0.3328947263193679,1
-0.17582158109872695,-0.6847863723866475,-1.7116717305159943,0.5702450903797343,-1.6126132557142343,-1.7118384621710538,0.4871189622669522,-1.2390414532217373,0.5320966874867852,1.2871382561723563,0.19722493728734697,0.34435928680148037,-0.641568639608451,-1.4876530104630188,-0.4797394954805045,-0.15381259467618127,0.455043598375104,1.2956145776215509,0.6702644234582996,-0.5017964580495016,0.7798811040853006,-1.918147282981698,1.9599549395713685,1.2626335570984626,-1.5368472839645941,1
0.12763477673969922,-2.0569657487356787,0.40142543903362293,-1.6443154571340306,1.4924029534764989,0.21166326379372702,-1.1776213533294568,0.4574806572451866,0.302571867432738,-1.2004220139547217,1.165123935032532,-1.8284794054960392,-0.9723985948438736,1.9398647876037365,-0.861993362093857,-0.6789942922711767,-0.04893989854774011,-0.039852941935136346,0.6687144072946584,1.2050849337247804,0.6939276257466053,-0.261869320798934,-0.7250770234203181,1.1876678703284256,-0.5056750792324751,0
0.7526210600789672,2.1830720553498084,2.0315277388110866,-0.7734991860103009,0.20969165019119385,-0.12014614668936888,-2.4638204156539056,2.347744065505696,0.8057103417522912,-1.7028647913053434,-1.5094772992816181,-1.0605192298974555,-0.03732737650182624,1.1029023811157952,-0.11041079263730735,0.6645998613969697,0.3330252074364943,0.6367681279632169,-0.43517254378713277,0.31032035034348043,1.4922031332169294,-1.4918417545583762,0.6076623256484789,0.12616214417017912,-1.5937947126045877,1
-0.24851722295803214,1.1826606424739943,-0.5394449923694392,-2.3101924417747037,-0.2190690310424765,-0.5268613217739633,-0.5423873162501065,-0.9833348599869709,1.6485525318189835,-0.5100844304961523,1.9233681281564197,0.19815821038947062,2.5628577960133,-1.100763567459754,-1.5185621845559951,1.1544722220019303,0.5502624106258199,-2.3971539961152937,-2.1005745323181158,0.3819524627750226,0.7118254311684762,1.1587601199632003,-0.9064266545930587,2.0947644497731295,1.397394673309573,1
1.8166872304145292,1.292212025773762,0.9967156265651336,-1.1222660021512738,-0.6953715848842866,-1.591666774635761,0.5828276312690828,1.3475510562869655,2.0713674707126533,-0.9265427125798887,-1.7378778880550734,0.29655683260572574,-1.3322690500544776,1.8980043984951442,0.784939958409004,-1.424526914728899,-1.2430087508324226,1.1406355186202917,0.9419350038373697,-0.7268103567191464,1.4048005685538407,0.7260959020020833,1.724796419882979,-0.45145717658230816,2.170592669237795,1
-0.6414506446886297,-1.9951645675556158,0.7976116499980256,0.9287511573154196,0.3417180486963792,-0.5338545319137509,0.6310084029397096,-1.8028048829016106,0.3206000078219311,-1.1008528519723106,-0.4537622027588028,-0.6814437171999053,0.9198558003660507,-1.3691558922727238,0.02173631042818258,-0.34643374151551976,0.42911685984863013,-0.03570723753197347,-2.032811601487019,-0.1193123661243799,0.6462384920964988,-2.403559716581632,0.047216681921531056,0.6070788361548588,-0.7757928843599995,0
0.9978968686225805,-1.1103427812361046,-1.2225989573094456,-0.00952296640242687,-1.6857449438300909,-0.018901209668876318,1.2463591810078678,0.04610803013814124,-1.6369200850544843,-0.8652017550493413,0.2698386351580565,1.6429548127393172,0.3797224432383224,-2.7348398034542987,1.1505659062114935,1.4903083366078347,2.398173033597083,1.626985751583598,-2.2324826051170037,-0.2890279700075545,1.0465651434256795,-0.14146453258600933,-1.5353483668173047,-0.9214157265866392,-2.882735514935183,0
1.5724858230032925,1.627134220710399,2.0499463624113625,-0.7600499095365374,0.8885823730266385,2.2275813189677836,-0.6968590522470588,-0.3323154984484452,1.392347552966676,-0.034057364678298896,-2.1678212459416595,-1.2152286611116199,-0.7105126914220656,2.106443299262062,-1.5328795386203597,-1.3416141154596732,-2.072662689875733,-1.2272130392629923,-1.109715855989318,-0.07004118025762973,-0.5301889347546651,0.67240465213831,-0.8140574711313275,-0.058356795929633,1.226456020039313,1
-1.5123092233102207,0.9426408627530495,-1.5567918805691168,-0.21716144149071992,-2.030555055143624,-0.47932586130520705,1.001894334694647,-0.1975354831941245,-1.6346466491276694,1.8246919430806616,0.5645001788779241,1.28523203219908,1.175730309026625,0.15451940020898336,-0.40686432723130594,-1.421519999364917,1.3004398483044761,0.8506698847368619,1.6156924948118694,1.189263090543103,1.6922081292236744,-0.7822616749894421,-1.3558579432335098,1.7236715936159004,-1.1880070868993755,0
1.6329748427242567,-0.2759499180153918,-0.04439646654018303,-0.8131177709636832,1.5403595914804187,1.9656160601899755,-0.8927789992771842,-0.5192142658423736,1.2003943861998831,-0.2575656170785453,2.3103189529786072,1.3196335349653734,-1.126023406720241,0.3384372911673081,-0.5622844034210379,-0.10930906337347701,-0.7891166340212823,-0.16552662261625029,1.2542278873002526,-1.9109389990858692,2.1455541942379543,-0.6114997176456103,0.15386449015704573,0.7411024201740991,1.1355562118281917,1
-1.0681367394819268,-0.001087013194775166,-0.08494714324757646,1.5588484688001107,-1.9754475677078944,-0.16828755410109908,0.024122530009680454,-0.657132292191059,-1.4720644531014115,-1.4155507157329574,0.32622326111988986,1.8286871625845573,2.1536383190306885,-0.37786198177090546,-1.507092659682102,-0.018233625321360303,-0.8720663312887167,0.5651510163124143,-0.03118429769811626,1.7113623551469384,0.5149426597578862,1.0891604459163924,0.720780732600132,0.8782031640526655,-0.07449559930175509,0
-0.5334503076918556,-1.3865709607379064,-2.6659804246172696,-2.3856226060777073,-0.4745528500971383,-1.2730187326579752,2.1658674605263792,0.8162659878611497,-0.6011136700407587,-1.7596934942780198,1.55240200536161,-1.8544899401542412,0.022022074768112354,-0.01965978415470382,0.1053581179242632,1.5729963248762147,1.2033574848669417,-2.068623528272278,-0.620512266315046,-0.10584639257939478,-1.1323850486730058,0.47838684455334907,-0.6702793446967323,1.8903777018275596,-0.468972033352305,1
1.2181379502965264,2.070310382369281,0.8729296887590813,0.42395238548624836,1.5058559531646885,-0.6979192569206522,1.3634554587636152,-1.4879943475746635,0.13661690363378698,1.0252066642697293,-1.8021164771505174,0.7705858729099528,0.4013239903880821,0.5250416182017423,1.1099544310334237,-0.8388239158263177,0.17094097202712993,-1.117101287778913,0.42785580671513346,0.7390218196504834,-1.8986607772054835,-2.9119258698102746,-1.261307603092473,0.08896832127621757,-1.884545877840038,0
-1.988078439020699,-0.9396162361020488,-0.6464739252835229,-0.5311200296623662,0.10131609339955006,0.397592789507764,-1.7979761959359006,0.5265988739095012,0.3020779734107416,-0.9209368659563639,-2.0217111721247374,0.4523152425563036,-0.012331201818817306,0.11434119039525947,1.7509987233380084,-0.08482471837454353,-0.25532690528553786,0.8703528986084696,0.0697419920296774,0.6787939626609866,-1.3695515114561883,1.5807024167489692,-2.6049741166654576,-0.8883017766988427,-0.49509919402168967,0
-0.7202707570756972,0.27778332742882067,-0.13146127395841656,0.2908118231173936,-0.2733423605124452,1.7982266185663858,1.7561940320245224,-0.3157764618241923,-0.22135813850249786,-0.13072771321468718,1.046773905001077,-0.23599993910841727,0.9748056754842807,0.7159027635375362,1.1783839957540376,-0.06471587055593464,0.58242173115945,-0.1962476657855417,-0.6880433130166396,0.9501885395562452,-2.365428923403928,-0.4490637081554678,0.2954811069870093,1.2068457711217881,-0.7123777670884933,1
-0.3602134997323922,-0.21143160027340338,0.07600523045515414,-0.25906253962369263,0.4165496293132235,1.7213407509792846,1.1546706219752219,1.8243905922704986,-1.8168282893160175,0.09835271991544356,0.1724677071125053,0.440236354845039,-1.4435178380063496,1.6701148217774622,0.5394714752154168,0.3888397688015516,1.2168812248092853,-0.5358527299352875,1.3287735837558392,0.8016329056638904,0.5491893165675097,0.8571379304313621,0.20931458432924374,-1.6235827758372505,-1.5221493187348991,0
1.1051155889165458,-0.29825084564847515,-0.08534058253687501,1.2658465580821119,-1.682483929980851,-1.4314813469247658,0.30337795264521566,-0.19531518773749715,0.0708123903573669,-1.138380548802889,-1.2445563446090513,0.624972017545817,0.21851902170809695,-0.18123915316550282,-1.133579573521058,2.62601224231034,-0.03298609018688603,-0.06491844684460191,-0.8054232615306185,1.9343124491028716,0.04788332750706442,-1.6790722756753793,1.2289802109401446,-0.21264824938825688,0.6364257532439787,1
1.1915948588053182,1.4562349891178492,-1.1363894083024149,1.6686001504082197,-0.07252443150010945,-1.5860259401645531,-0.3907948891532491,0.32783390892693043,0.7455239143416341,0.3248994863046896,0.35437748093460575,-0.6863948297695972,-0.8389351765691476,0.043970361754581105,-0.6215576321221004,-0.49508353701485486,0.08173005136340691,0.49455883183228455,-0.14761616794433058,-0.7455599246906432,0.8866467439323318,-2.406830933495779,0.37754432636544294,0.7565174574397022,1.2963442077788925,1
-0.8109800717702874,0.13354943352937398,-2.6110402767126035,-0.05518521358250328,-1.3087957420602072,-0.9297548184396565,3.6822004500253325,0.3327744590837937,-1.1979248786101242,-1.2776535001619016,1.5701222194749225,1.8359990064718872,2.3402079457102527,-2.0039262078790903,-1.3143695497259782,-0.5225953514625871,-0.5568655343487521,-0.7607161661093421,1.8443919315623085,0.4340681239090051,1.3981545421296846,-0.5147016757073399,1.4456026568373828,0.159715062069552,0.4660592501568623,1
-1.4424768850254464,0.10074136124361965,-0.720903211737163,-0.7099767903845469,0.0554585815051819,-1.7425109976144637,1.6463861937843327,-0.2930917598849513,1.0016081849783722,-1.4789712278714413,-1.467675889470247,0.7900942914025566,-2.0334793061562504,0.02339201091897561,0.9551703211527867,-0.23194822942384918,1.6123531996919354,1.4894769257575073,-0.5959978039771847,-0.9697793421713881,-0.05375266427141731,1.3872206039177648,-0.6489900574533812,0.9138058458691191,0.7781348033744229,0
1.017693816485163,-0.8961340506228328,0.286699496144352,0.10370093062993846,0.1283652554622954,0.9850573580207773,-1.6393738244932186,-2.3006877271407906,0.3208523939789204,0.01188593516856451,-0.846658421830733,-0.06535900428530539,0.13740052110671863,-0.10342130673386118,-1.2641635443442982,-0.6226015538603028,0.036268116638350556,0.32114126335246235,-3.1227603456157675,-0.565998971395669,-1.1300983564646985,1.6412775067652097,-1.8208818029795055,-0.9730993189608178,-1.6209762010112057,0
-0.6774608036829826,-0.46364896929580207,-1.2548930737607058,2.0267117341714345,1.289464005453302,1.2256916556158455,0.07814653688228729,0.6778594745893882,0.3131994949770808,-0.08724296715091853,-0.5497879673030311,1.0942901624420724,0.3443551201005934,-0.28184260078744017,0.9149278023810937,-1.6242813828058082,-0.3217225509700699,0.4356803607325895,1.7330079152680289,-2.1142212721565077,-0.9934266769443768,-1.355330345372598,0.14036545891101918,-0.12356749090086405,0.9063239066689271,1
-1.8761369017139702,-0.5328030559249781,0.31388861296169634,-2.5563669326021112,-1.042978044732381,1.534841815328626,0.2428825541409082,2.8208640908573144,-0.4198697582573263,-0.8787223520532175,0.34287687100427966,-0.5878840452761662,0.2444385601286877,1.1402966688448926,-1.7462316527302495,1.1355862163486217,-0.3444332560777821,1.7243281844217506,1.9784151113372763,2.8884659469165,-1.6023430036750383,0.3112898512190734,-0.9501934581989082,-1.7051254109084237,0.09763070594522627,0
1.0007803228392071,0.7380934639988989,2.8394537771162085,-1.8069294598726449,1.5211665432685109,-0.18967474256611416,-1.7942695844841952,2.4811492217756754,0.4591075466225334,0.7200641885134156,0.4244210169867525,0.34196182794425567,-0.8482061871331372,-0.07409122543213559,0.9978220553233565,1.550467522060013,0.5778651996724332,-2.1587414384620387,-0.4933472187194933,0.03804119574390774,-1.2090210274870834,1.866605864451321,1.7576586387519344,-1.2263659212572688,-0.2809699529153826,0
-0.4636915764054247,-0.08025008458555716,-1.2343960395819056,-0.8230357069362653,-0.24562868785431857,0.5458381166260255,1.2841606048279848,-1.679848442130002,-0.04223118915124058,-0.3220105184154849,1.4630764301070753,0.47617506808810606,0.866849964741242,-2.1120470259257087,-0.45858588011307755,-0.6979649521812544,-0.533753989492905,-0.24038284433951596,2.2087722539373877,1.376363112353758,-0.5561629560683834,-0.4021142369078016,1.0261354291493587,1.90791643183063,1.4505845459504068,1
0.7850604565352872,2.7675553411960996,0.1031994845657268,0.5440536202744894,-1.1423578356641482,-1.4768357141178665,1.221516365217861,0.14008204511912734,-0.8853658549313028,-1.370655792745168,1.883469321762297,0.9920314205298133,0.7658071813531423,-0.6931264822755977,-1.1475268194129349,-0.7035521185595385,0.22870915411917186,-0.06819231418131899,1.4566840453273444,-0.47391807247611645,1.2207912698651118,-0.7094419537743015,1.3342367217549929,1.3167050137749823,-0.1634740263961736,1
1.291692115952307,-0.7115393269018593,2.309928563929347,0.06105347384270143,1.223249874177967,0.0675391832658152,1.5137694010147085,1.2308761476988288,1.764143840220818,-0.9618147471394829,0.9277923862347182,-1.8039693842629427,0.339689495671721,1.3990799174789688,0.6262003983940458,0.6525315904904649,0.1523877710901167,-1.8498347462533389,0.4024269557821881,-0.17587949933292832,-0.03765180583217788,-0.709508445677326,0.10760510143825563,-1.3134895419799513,0.3480276319366737,1
-0.3467032844630848,0.7425162283574985,-1.1784156308354559,-0.5319041608756947,-3.1719556572774814,0.9770183673129857,-0.03169789365563247,-1.510786581519868,-1.9234380832616513,-0.7773500979781307,0.27077270627309336,0.8851902530569248,1.7705115324160472,-0.5321907472485854,-0.5782466399306629,0.4004493526454597,0.49345370961998203,0.5169142248658147,0.39130759504128987,-0.25464646675910446,0.6744193366054693,0.9764827621992427,1.0631892576929183,2.7382045812617224,-0.12351512518409774,1
-0.9281996447565488,1.949755492325027,-1.686292381548338,0.27324971668196696,-0.8052116318022993,-0.20648543759820664,1.9692841398370144,-0.3639610210684169,-1.5808678795265556,-1.1019435056636528,1.7651323427433223,0.1866686718102733,0.416040265984451,-0.2811896446784837,-1.3268355260630473,-0.8674528387269675,0.5995242882177039,0.7129434268024857,0.5015410895978312,-0.3667956498596457,0.8173405897687406,2.0571242911953056,-1.2042996010689175,2.303624542915369,1.4668702268645664,1
1.1028683052364423,-0.912267702351529,0.18147502155725148,0.5280759109716037,1.4263666022564316,0.8204559163796294,-1.2106212791682216,1.0283893342385944,0.912767376543549,0.7151010333644627,0.8555543603009358,-1.6448668944273033,-1.056041921974384,-0.7575929721697905,1.3931465982001807,-0.6857128490457489,-1.278939976780484,1.3056265727235008,2.406157797821781,0.10832346154023499,-0.9347213570954952,0.4331641035825699,0.34550924428521035,-0.4945554620132876,-2.4741074790735293,0
-0.11544270387129996,1.221130491111676,-0.5216747378487028,-1.7526098114327862,-0.9608253893644976,0.014630211147006467,-0.08358814339952714,-0.33157696064293873,-0.36862412747798845,-2.219767051621359,1.8210114280849008,-2.306214209137282,1.0940698792468488,-2.112351833197206,-0.48852659479336585,1.137431784370186,-0.20451072656022495,-0.7603874638834822,-0.14581922541343645,-2.1672802155842454,-0.3103523775536733,-0.1266685946275137,1.9586257480982336,1.549340760946585,0.523023186705915,1
-0.8307893980982866,0.000917582444084214,0.9551804268923687,0.3342045798171202,0.2423940825282408,-0.7001836555047255,-1.331693905415718,-2.0211590391722525,-1.5663001408392137,1.4002913036699445,-1.5282604195080443,-0.6868196122920576,1.2971279627791998,0.4466226795575844,-1.8144210166429098,1.0640525266362957,-1.1513360542507356,1.0781311158966922,-0.11749275824299854,0.3419648151700396,0.052898615481948075,-0.23695431403948436,-0.25917906423255477,-0.5014567307123781,-0.43520047942271567,0
-0.580891587902741,0.3960136494832171,-1.1323363864794433,1.9263196832794052,0.4630939966099934,-0.2173015894906461,1.5831511848737674,-0.39975380892821943,0.9190251588296806,-0.07217474256185835,0.7744357509356561,0.2899981637983233,2.123101778437772,0.7218328606485677,0.21494730080054547,1.467438550225668,-0.3944331305155388,-0.5588449115985274,-0.9539815288582824,1.1557427609400361,1.4389737353935805,-1.1142637501778236,-0.7841268536215094,0.339554047732714,-0.19336403159036686,0
-2.9183893869625592,-0.6710874755512773,0.33768450349928847,0.530092760587165,1.4700650849962236,-0.44590250660627684,-0.8369350536869407,-1.722508374829545,0.13866846588928983,-0.3916119503752268,0.7257586082564115,-0.0956927119917132,0.5596140801468377,0.37425917343880527,-0.5996005022323355,-0.7693463474990354,0.7066559453337723,-0.3749055445412983,0.24844806029820954,0.4242896025655533,-0.4825057967717605,2.5884233937503804,-0.4997617138276896,-0.04799147976609819,-2.234435434857219,0
-0.3098465522025934,0.13400609157976207,0.3842905237906816,0.38185247437116365,0.7136406920060363,1.6700227043096927,-1.8814741201518583,0.8665215449308925,0.5562373279933654,1.040191729072402,0.2798458434607134,0.45299075463416794,0.2113738357046786,-1.353606411467409,0.8469252101531766,-1.4392136380219709,-0.0013338408102017696,0.30791444187612593,-2.2856735949981446,2.3432939481092383,-1.227239641028229,-0.3967844270313798,0.16267982100942935,-0.3270143199373323,-0.2080489409894123,0
-0.5120659107474819,-0.9589088259317781,-0.7489580374332686,-0.9639991371207813,-0.9600333663560858,-0.5929780718081534,0.9335531515329604,1.223711719763346,-2.262566362943375,-0.1864420553978982,0.6002038419494597,0.5662874121376272,0.5069763051839937,-3.0681150483747066,-1.37516757241268,0.42074359887264123,-0.031441182961291836,-1.0663692901270494,0.7516987318117047,0.515039703616933,0.8891408931361772,0.9801017865399604,0.1970517739269321,0.15293646214894294,-1.9619324310803614,1
1.4318510064913716,0.15257480854518451,-0.1942696066032089,-0.6724318173028174,0.34453690315483065,0.4349972743875484,-0.5657589297660781,1.6471570706544858,1.1340932144210993,-2.4166360308304515,-1.4638137142722916,-0.4807199767711119,-0.8968416478938054,0.2563971391691151,0.6162914106897062,-0.8511224303259106,-2.363529275776028,-1.3941141222046585,-1.038597117890132,-0.17918823636007705,0.09341720269982035,0.4722548866508682,0.5856828342433844,2.102668249344545,0.15983365438810945,1
-0.820531700866783,-2.390082063848626,2.410698305728835,-0.4374060819849825,0.7232239184067683,0.5758180985853988,-0.056781410828498746,1.3321678120714973,0.8473766433204741,-0.9484210446256286,-0.11783531128550884,-2.5916350268927193,-1.392996265044327,1.4842816649701822,2.6414192958978484,1.119648224860801,0.48046098675950033,1.024444092664788,-1.1333737909964603,-1.7275564714402967,-2.1377180638566347,-0.5976647117728375,-1.0245174509510506,-0.7051367708873284,2.086962683049012,0
-0.1891748948330919,1.9063998334839072,-1.7097462990579377,-0.5816067203431716,-0.012345982068675765,-1.6625239404886878,0.5935344327634936,0.3222725605693934,-0.9425059595730219,-0.40537908880521284,0.6291721321510348,-0.6589523009830525,0.162136291200337,-2.5413226053338533,-0.029475849210390842,0.5496145455357022,0.40142615910458807,0.7652586537704323,1.2425669003996604,1.1624815616411408,0.1938141215641337,0.8798322744171833,-0.23815957024933615,-1.722843218162216,-1.521674052829303,1
-0.1587248804005867,0.9701832450957039,0.5509352239767752,-1.8344583684034945,0.33676310658865033,-0.08746385716186492,-1.1076082958507718,1.377363188838724,1.7796836949189836,-1.359639861824876,1.706987009037571,-2.1939091862325784,0.8454841210219227,-1.147332622747474,1.0742040088769742,2.449202121824626,-1.3422470222642207,-2.2096654953008303,2.65847900784187,1.027822221239247,2.8496874876282066,1.0112116027098308,2.294778965338869,0.011166259744714746,1.414649215584417,1
2.081613730406393,1.7120802174593284,0.08184078785576124,-0.5141350069888246,2.240050253042296,1.9497873399384913,-1.2811320081632713,0.6298955576325305,1.3979226217638532,-0.8462059769882723,-0.34390592489971517,-2.2211277123095665,-0.4938688296284811,1.6119337857906992,1.69241495723965,0.19753858690197984,-0.8116108526579201,-0.7634858479068032,2.132256807326263,-1.2711844011325701,-1.233249449499429,-0.023946207050537405,1.183538587554194,-1.3986321390341874,0.8440026680499555,0
-0.8006632164005476,-0.9891601937600502,0.19951603812467855,0.9326945017048707,0.6153158863837965,0.06697388150402805,3.0725701409975312,0.5976449498057477,1.4863954860162258,1.0054417962398405,-1.4369908169277914,-0.3537382050448973,-0.1888096906378114,0.1904732180650036,0.36645298443824104,-0.33798243891397417,-0.44638626304937157,-1.0039980206276176,-1.655284982433278,-2.204065934007973,0.7473480960125854,-0.5939978352641153,1.2531732124674226,-0.30978446941023213,0.9006777480567747,0
-0.58876844245245,1.2737573709380319,0.3195709272970387,1.093357317579121,-1.5768832463226694,-1.0486676239908856,0.9552908689281072,-0.10671049263175392,-0.9505475600495568,1.600897754581931,-0.35955936697673,1.9290991592478401,1.7377270087754937,0.5295384703894985,-1.987228842114415,1.131177984559901,0.4728824286468646,1.285846216539833,-0.039433267808022365,0.18866173302435366,0.5667556653906449,-0.6600473105359127,-1.744196145419445,0.5326788869153529,0.7644680882659144,0
0.08970107786011605,-0.7631414382469309,2.478351974919449,0.07800876118161049,-0.4617233591479042,-2.2708571882965924,-0.10566345223646118,-0.5043190869340706,-0.5035199369757155,-0.5964658775736804,0.1226145071758099,1.4045170694375226,-1.283530411146015,-0.6271946746745968,-1.5697980656036294,-0.3853386070053283,-0.38833857881684286,2.33165377758366,-0.6006413209929756,-0.2253156184894587,0.610599879787782,0.10715856542070745,-1.1618745849308976,1.8260355484349788,0.5624747194070295,0
2.6545250875133966,-0.36875470343177386,1.092592617061836,-0.7692156713013493,-0.73256069312569,0.10034277818724469,-0.16526272622896931,-0.281879271218747,1.0365845633574013,0.7667769840132097,-1.0719522932458876,0.44632973239603224,-2.292870674589845,-1.2516450488659208,0.8013761454594638,-0.1037643152040656,-0.9924615189960755,-1.664550456808653,-1.8968736010395884,-0.38504885288258345,-0.9122272737040446,-2.4663618366151456,-2.248210092035044,-0.7643735392993278,-0.423807762273617,0
0.9568271207684473,0.48463670383474533,-0.6847224223603159,0.06003886575905126,-0.08414576527598205,0.47241836924424474,0.07602881882312185,-1.8183731672273826,-0.009464632990897948,-0.7052429923212593,-2.063054343407901,1.1385796108728117,-0.9979218839776882,0.6101202359806663,0.3149364198454464,1.827439800925188,-0.02901289473365895,-1.601986887164621,-2.2012531189666467,-1.8411925920465038,2.068735050800111,0.5444081122763149,0.7698927007990186,-0.017767582281593364,0.19389533419316304,0
-0.5076864686713294,-1.3397235939713403,0.15232206865870485,-0.6767882818607864,-1.6792156301440353,0.559121918005519,1.744833245450685,0.37111646419492117,-0.8303869968807662,-1.4633743175020109,1.485314910504525,-0.32386291854920407,-1.376535710650104,-1.073252259701601,-0.37491357444106105,-1.1960242146409186,1.3885554305133543,0.4191879553364688,-0.31991948841789464,-3.006151492667553,0.7269641841408142,1.6723992802523813,1.949700632052055,-0.43842930863532326,2.4389140624786783,1
-0.7545181735531998,0.11739784964654064,1.9817253484684443,1.4390616689510463,1.2798545865496778,0.8157542695727824,1.3757154858705973,-0.23583242265624177,-0.28431349076964585,-0.7913408050494155,-3.0290108903626334,-1.7528206152739194,-0.9906989714252844,1.8180844142594004,0.8240713971710032,2.5736807916732687,-0.9879778726698348,1.8686806237893847,-2.800748337490398,0.9154780717992838,-2.3391911122723434,0.22459468076018607,0.49020895214025967,1.6442019891193973,0.4694737739884642,0
1.261812621314186,-1.0058418375584486,1.2887671645209147,1.806702741151104,0.981651664346856,0.40851556035918796,-0.37276507377167883,-2.3268709642608667,1.7419154614516092,0.6973860614878667,-1.286679500169794,0.6838038961637131,-0.9893455382955951,0.1002621503941129,-0.3718644525988145,-0.39559438972086414,-0.7984921775814537,1.0726302600165345,-2.5014418435639745,0.6245273284048912,-1.4864546172813926,-2.219543223806592,1.7924419322232432,0.7518058956849966,1.45248890336542,1
1.2467547542990975,2.426904734961844,0.5889415082412441,-0.9241680450633896,-0.6310272040028033,-1.0451847493839934,1.0486585964092576,-0.04357547092941849,-1.024191232246448,-1.0152629409966525,0.8832612619062516,0.9835057450156869,0.09711350270839572,-0.12518173463984333,-1.228725407588008,-1.9975417168084897,0.19552818292726845,0.2005269290938683,1.4003661202094624,-1.8614423041490287,-0.849176099499879,0.7318422790980554,-0.3387602671486384,0.46325145965250664,0.6228149380723207,1
-2.0052407531879153,-1.8732046735827912,-0.5240845951139135,-0.6171475273851277,1.15698349308067,-1.56028393028767,0.250436671250608,-2.5291613273744327,-2.65981472524557,1.379806364110826,1.7083859867243114,0.3004145026781995,-1.0000656418670535,-1.8807845267715106,-0.17815166952321265,1.346226286155863,0.8594421638138459,0.9572217370774752,0.6073509589319216,1.8055620434866215,2.274531193323789,0.3774691671015456,0.8789433512792264,-1.766608886679172,-0.430730102098902,0
-1.3231119175600852,0.018822682677123143,-0.7215646274274428,0.275210011802389,0.05909978823915146,-0.11623302555634335,1.4141122753672601,0.4767737856960962,0.5172541558221195,0.14542479932865376,0.19138396759004944,0.3135697802076588,-0.8832873009008728,-0.3310292009654152,-1.8862078944622311,-1.2067980255267148,0.5337186469630381,1.761689511643967,-0.7340739620438859,0.00112920466321198,-1.8745694485961946,-2.2612812346656543,-1.0709659898161306,-2.9385202983887293,-0.6823352632328802,1
0.17574816254491366,2.224699466655129,-1.7270733114994457,2.4886799162843807,-0.8864469919002299,-0.4100208246690822,-0.7182639688481621,-1.8893141668551887,-1.5565184392125322,0.653810145851069,2.2338361978190036,0.17385314019731823,0.6304914003595357,0.2396856065290739,-0.707545091059664,0.7537960009415582,-0.6732174137188537,-0.4669093640050238,-1.391236144857746,-0.3356421289138011,1.4970905359572764,0.32141513645294495,2.3020709046434447,1.107755734082369,-1.0673809110071504,1
-1.1284029800146618,-1.1321890985299135,-1.5259124961732713,0.36534377153853426,1.1221958607741702,-0.42439285270062677,0.763391947934193,-0.3653661576498786,-1.0063839424656758,1.165821018172408,0.056062728657987115,1.645861621020139,1.9598931051355422,0.9299240531269121,0.1394259211125652,-0.377877570147041,-0.5072315220049461,-0.1120944833874466,-0.13655078434149434,1.8681803084948765,1.721028104936424,-0.33117773363098424,0.39065164346616843,-0.956903720462131,-0.09204215045659758,0
-1.5966369827349243,-0.03661244398400683,2.154624598534521,0.12470545805498301,-1.9778379291866575,-0.2107858438146944,0.14990224901601817,-0.2939832870967879,0.001094253526481903,0.8526931800590045,-1.671966213553528,0.8720495466066809,2.0621276610495225,0.551816599108265,-1.0098599395921908,2.191404024600848,-0.2381436576796162,-0.23154002337211532,-1.9856503509726406,-0.6677321220076143,0.8570960724428796,0.7750479106478716,-1.7206998636825221,0.4571104632865415,0.7147906016396243,1
-2.056798319639361,-1.7949481051207794,-0.725163150377356,0.04466858743698435,0.44640811630032945,-1.3060150481862522,0.9236797143209802,-1.7840062294512438,-1.1460542495287978,1.0341495684627646,-0.9313975831126511,-1.6774399908158526,-0.18805786080790377,-0.8253061265287751,-0.23742003383788035,0.3412134601414357,2.6148902872294064,2.075665145342193,-0.08979183869370184,0.7744334627961871,-1.5833879780876399,0.11357595727764858,-0.17286820560621907,0.8249277178676512,-2.3058493199427303,0
1.4018050318862985,1.7796000686174402,0.36885931535712246,0.8086101587767044,-1.42828540453023,0.8274119212699862,1.4845832448532605,-1.0273849110162925,-0.9498567352556981,-0.06982670761904769,1.9653690972723967,1.7743811978950013,1.130339967820292,-0.8346561043631665,-1.2674566430734846,0.12546930267393092,-0.11348657821873195,0.2976518438322927,-2.2707126501075026,-1.91682530914069,0.7316566874452053,-0.36735570068855905,1.3886176220351472,-0.5225738245393996,-0.8828621540298096,1
-1.0606124206401644,-1.1084755416687686,0.7181370267568488,0.31441087011244284,-1.5298644127106225,0.1012975980730712,0.18031931091258135,0.30411499580092205,0.352370030369451,1.4562223970742947,-0.7983295841928632,0.7456059293832423,0.049221690816223365,-0.5217590468439369,2.0743387742937758,0.21597846680829097,-0.7440771732247672,-0.4850538399859063,-0.6028450250554551,1.1317639011042762,-0.1900362232497765,1.3239273912997795,1.174198765379709,0.9692742755112979,-1.8166308513018485,0
-0.5542726832177391,1.0448556935364595,0.9960554835695827,1.300950256343627,-3.3132309321871443,-0.39762984995866835,2.663099040437829,-0.10108488175904928,-0.19252993274398084,0.07859776438437183,0.1364895921304974,0.40005388035172207,2.5005703970564936,-1.0198471837649863,-3.065143548227157,-1.837261383745604,-1.8900807167354308,-1.5845987122561025,-1.752109857902913,-0.4933521482831186,-0.6041365509164418,-0.984740677809731,-0.8031616935421529,1.1203358044007354,1.1820418070929999,0
-0.5151019019951437,-0.875733933307566,1.605300179528051,0.47350481576196135,1.4054469306133424,0.7002113214302341,0.6723231772038968,-2.727383147699396,-1.166985881701997,-0.1083246307755058,-1.5275930641927646,0.3314105796672666,0.4584539251617113,-0.7058733344149395,-0.15037861645295958,-0.47295978845568865,-0.2548814957145894,1.360434923570759,-1.4640899119371689,0.6904140227585966,-1.5684375298130488,0.8378323758105508,0.0457319413544226,-1.1511890514473542,-1.0473047910868505,0
1.5715253689776048,0.8183080664793176,-0.20987738881368057,-0.2510369030282893,2.520939589291949,0.8581190439709607,-1.3683292139987704,-0.08117477606628692,1.6955609704555008,-0.22860108626750136,-2.0772323295069155,0.6995084378429154,-0.7440123558802734,-0.12442876337191844,-0.4899014622807014,-1.9391429393307722,0.6401185848178872,-1.2101203322982914,1.1487657553094726,0.17737548956909038,-0.9173253238772381,-0.6028958363228458,0.7757576973366437,-0.23959166952443833,-0.6123698330910563,0
-0.6959371386415563,1.7660440634103192,-1.8739433192574024,0.7898875750323517,-1.030775234397763,-0.43119528099695115,1.4432437978570833,1.313151098883533,0.6535196160603391,-1.5810926742989746,1.8039893961106266,0.10815437764343308,-0.39728676713168487,1.982162784009268,0.3025480225771095,1.7997734954807432,-0.12021999684005066,-1.0389265879762357,-0.861382307876198,-0.4983114518509624,-1.3867209557460651,0.3735027796826298,-0.437720843383421,1.3806360551059453,0.7923460159971208,1
-1.6982109588282106,0.08370898288766249,-0.3589545972587039,0.15538771958196493,0.3615669118124911,-0.447427954367339,0.5101865000515287,0.4339881521940796,0.24032163195295075,0.9311659059853291,1.1228010854465496,-0.08177149899993855,0.26234825420745966,-1.3685508700486761,0.8200101333443689,-0.4283003440533881,2.8818700775499955,-0.7085355097447972,0.07360495348998122,0.735034906309496,2.5310732867430743,0.4593349450502101,0.872280165207146,1.2512389505805301,1.3283645980593073,1
-0.250201812438781,-1.5220924288447515,0.45654809596113094,0.6875442052423193,-0.7414710752713642,0.6385730723439068,0.7113680077261444,-0.37324148133418705,0.6050767596640996,-0.2511402529258944,-0.6362744300948933,-1.704467471737267,-1.0939312373767833,-0.21849166865396163,-0.5968030575405424,-2.7135994695915517,-0.34353205404655407,-1.0080519894040032,-0.8244253942996017,1.192766523886912,-0.9634188656798022,0.42184663971136693,-0.6065850546647736,-0.23058780966371134,0.7419222587345895,1
1.1874686726634252,0.1378908439620432,0.20536462694345858,-1.2787598350832026,-0.3604484391252756,0.6418201018523512,0.2749215582336578,-0.6380297443895423,-1.7010034215871292,-1.1172487725903415,-1.5589573547973659,-0.9830849864029811,0.2899616329139778,-0.06615393622799448,1.7238532637005517,-0.3814908380595525,-1.4446791731164108,-0.3569401630096222,0.5464977933147498,-0.24754156407116767,-1.03817747482778,1.8222015175591588,1.1873502951499688,1.2126623338170668,-0.49418785826777367,1
2.600821931071081,0.10102519567421837,0.40620666071648187,-2.6565870883432368,2.20588155424403,0.12566447998567987,0.3285877376015527,-1.3332388649492706,0.20992548027204644,-0.9023882893659325,0.5175097450025178,0.298913317838127,-0.550359773312606,1.4961346687412058,1.8955416454629335,1.3333198934584551,1.6009838907835592,0.8506863553107784,0.4473614073629519,0.5426082409417998,-0.8970711292505484,-0.8440651963892072,1.2809033118638533,1.4377705270689685,0.6945609428642678,1
-0.8601091337849884,-0.4234990126060587,-0.018424092329002106,-1.4642602703530778,-0.045513009142898575,1.5768675504603245,-0.9692626346794044,-0.22331022594982597,2.9481335543720553,-0.46847668291270617,-0.07592319001203196,0.4424030648316766,-1.5272268554853563,-1.2292330283329,0.20901634623588095,0.07908826372885758,-1.0095891951008296,0.5033561089319687,0.549340359394586,2.4567165680958345,-0.8629302168064162,-0.226754378922147,0.3645193451179865,-1.0569902937193263,-1.3493356993367365,0
-0.08328122834527371,-1.2156170738917527,0.8732895114571452,1.1067802586083508,-0.32265838049264994,0.4392632502321132,-0.9537949884092793,-0.8523195514490088,0.6397469458120001,1.7218341776494523,-0.2990609234061489,0.45379559693902016,-1.4054237214740206,-1.0671114282372693,-0.8463575132063115,-1.9473441158225084,-1.1362837422676548,-0.052721590411381025,-1.8659354196013742,0.37188374014743947,-1.0546690048830247,-0.24146215076965583,0.22587629995771852,-1.2324062179066435,1.3880025586428577,0
0.3912358462270381,0.9510249534771578,1.330245361471114,0.5615062927260269,0.014800992890745643,1.9342988944792614,1.5108704512824807,-0.5574927700529316,0.07783859309649188,-0.0488394705747686,-2.1859098125372283,-0.28140898576391543,0.9449873262753564,0.9415456694948972,-0.2561300633374293,-1.1015359423726527,-1.0737766183768898,0.2602856511090751,0.8183894203994908,-0.29048062774449634,-0.45890086325040913,-2.124827299760092,-1.3771040826239473,-0.5028016705092293,1.6112080892812766,0
0.6755326938784831,0.09324266430615535,0.4088736455299001,0.5656313229195229,1.2554258194367178,2.750089694361515,0.07913899688174397,0.4732712888435783,0.9610595138298834,0.9982910947898873,-0.06541507161790261,-0.8703243271039198,-0.20638070339753445,1.635388389473209,1.6211621614839387,-1.1703267198416427,-1.4318213472738122,-0.2109271832514601,-1.11156268346877,1.0975748967266785,0.14898710021092526,2.2349737573029826,-0.6866867363931153,-0.7673839840679456,0.3853017353052859,0
-2.317023467603765,0.3684169424179724,-1.2359538615807146,1.319244994079165,-0.04749088870526244,-0.39043302370498556,-0.7012214485917121,1.775861919909652,-1.3662277503918405,-1.7258423363794215,0.5627682640338534,-0.7925707788996393,0.29111970894581357,0.6348355729563229,0.4208328410781011,1.0976419568311888,1.1464953543965914,-0.9536515071809197,-2.0236262819571937,-1.453556092410433,1.1839364484825377,-0.279355849418468,0.6714911600321702,1.3380730705143609,2.2865216221437343,1
-0.69384487286021,-0.2206285811320587,-0.5319415763214767,0.44563670337932915,1.4314172471995126,1.48236990320187,0.3656899368008917,-0.578168268066305,-0.19633495909600518,-2.45642107070298,-2.4202095092250424,-0.9092290384115544,0.7051573620585334,-1.5909735387788637,1.3105766768672826,2.544384275346257,1.7256250144205811,-0.23613641003250768,-0.05136130328967803,1.0082175289544444,2.7480636387090627,-0.7353783851135196,-0.732253727160391,0.10481909519097815,-0.42020651139388765,0
-1.0867524722188642,0.20278881543616162,-0.7015085224013764,-1.170641343425296,0.883006138565988,-0.8301104826150698,1.8835095990571697,0.3538852087823381,0.48256106944820376,-0.6496955986764626,1.3089487311805754,-2.3442402835655693,0.37611136543453283,-1.4884554224534021,1.199813155963474,1.6338169929855455,1.1609288917383127,-1.8791533814046608,1.1346865318817827,0.48868434246506715,-0.1683511570798807,1.2783736456372765,1.5138850964595176,0.03980994095382656,0.6989675292310289,0
-0.12874277107257592,0.6162661671768886,-1.4537514829519944,1.0894525403585593,-2.057616282669648,-0.05085054787734877,0.43486494100854256,-0.8626884776110947,-0.9899360670984646,-0.9614639567804404,2.7547081294665654,-0.2377991881337832,3.4540469686925084,-0.613322017317272,-1.9515595346801455,-0.030416851184950855,0.3994059449013503,-0.5589634687644837,-1.6323733530344517,-0.19642939954167324,3.07571996271472,-1.495080336555214,-0.23217324392244382,1.1196324799663455,-0.09643710028304184,1
1.255944366174572,0.11423861910442701,-0.05009501681402834,-0.03083674327556382,-0.19816508379697562,-1.8549058619993188,1.0995859427201058,1.9552270301708368,0.16889876229673764,-2.1587880166975713,2.805290607706749,-0.03527885302245276,0.7990373503742203,0.4773815668421496,-2.962305735946954,0.4486977094222194,0.1884370208419826,1.525863174194698,1.5854594893883214,0.23109098490182933,-0.754590349617164,-0.042323444308164135,-0.09576308163728697,0.33949177765703975,1.6740679861095304,1
1.2305295729378063,-0.6494497736108642,-0.3776219006650763,0.8309541631229194,1.4273356407124702,0.9963351413132264,-0.8444364144221211,0.4908427254378027,1.2081360441529116,1.5256228036981199,-0.8009325325536416,1.4131454674006183,1.0485474552246188,-0.28676434521146826,0.5456128142980428,-0.9131635648616266,0.8562601612631919,-0.14826684496666231,-0.989433659917131,-0.9966522038094727,-0.7086243682562667,-0.44754129364428286,-0.018969241006574766,-0.7016548644724877,-0.4153528485406107,0
1.217245194382639,-0.21432366588782503,-0.667690391435856,-0.8865376916154638,-0.6975423183289415,-1.5230895903721173,0.49981939106358875,-1.625421317192024,-0.9037944803594389,1.6139497527584874,0.793226864773797,1.2796019662734506,-0.4339923927838643,-0.3566772640825343,-1.1172576814784727,-2.441512449210632,-0.5467003612936491,-0.6771090803989747,1.3539691512489576,-0.8704487915995112,1.1009297393665884,0.6157341174826808,-0.45372462116576595,0.3496265694526895,-0.24129030409712926,1
-0.3357835718668602,0.55097730345094,-0.09489933577604491,-0.6205565483357147,2.09921347877602,-2.509532004772662,0.8901484548335508,1.907553848536177,-0.3706379614964666,-1.0404837781479999,-0.5259807150340114,1.598397535126792,2.317977694652944,0.32670964146511283,0.45687328227975643,-0.4021572056830619,0.04213127058868038,1.1617133250345288,1.6151188419721378,0.2939166194902717,0.15142600643077153,1.174952052441505,-0.9962420170769055,0.9656508778754895,0.11805850432841747,0
-2.2074968272830846,0.15109741320097414,1.6479134630686971,2.3093114813933626,0.10923957813578555,-1.5426650571617484,-2.017247766124708,0.19195525330642704,1.8586313437071313,1.278428178505485,-0.7447173741370563,1.0416719544491555,-1.0354921262175067,-1.6939199673234138,0.5813995034196895,-3.1609442601574065,0.6365596643777146,2.6009440846208705,-2.7506605029920586,1.7119222221200188,-1.0595592557080327,-2.590283057053912,1.327141588768031,-1.0653884384688297,0.17202531405093283,0
0.19472272490011996,0.0005071304951493882,0.3819617901115968,-0.6008916244778845,2.934705593296908,-1.3945890617287318,-0.4015879699878937,-0.37343927972665636,-1.0123334406270776,-1.857762409906257,0.8586251525429409,-0.7093558652320023,0.8590374356052782,0.19461491990431862,-1.240618222922664,0.8036117602761339,-1.0976269994517454,-2.09361709783186,0.019506894938905894,-0.6327983080502955,0.7540864533795709,0.5313981258312909,0.19870673158014923,0.6187901524679419,0.15215791375667992,1
0.35246062353212154,-0.07004646141353266,-2.6912648133569066,-1.6923313779737226,-0.9351717856963792,-1.5092009120766026,0.7431265403567526,0.5827850672722679,-0.25792857006296205,-1.796886444626225,-0.01657041332299758,-0.2405997711598158,0.06972719039119318,-2.3236357567186547,-0.3568162129292372,-1.6029460801701387,-0.23223051750196597,-0.2196524073972898,-0.5452090849479412,1.5453974241246935,-1.0218371647848015,-0.10580663704169085,0.05133109634646918,2.106343784335917,-0.5168787881697243,1
0.2834817576393024,-1.4786968298117777,-1.9428218371864094,-1.7191631535637355,0.05826355941402206,-1.4537875897979964,0.43211739407568805,0.21530338637528523,0.8534436264533821,3.560633578727665,-0.7404649998413364,2.846088137951207,0.2362283029410981,-1.154168119550162,-1.2259327218320064,-1.2183225183997917,-0.8543886354818696,1.0824621578144842,-0.975136181213936,-1.8820640706166467,-1.0819813886793148,-2.3890931849005703,-0.6828571420912886,0.11985559050982725,1.2291856888227408,0
0.5208123378857165,2.321726778958261,-0.930283909677889,-1.451724688705958,0.10776301044864589,0.4037258581461619,0.859934578310052,1.7262135662000757,-1.5220015790008778,-0.36264894359653566,-0.06741231045264728,-1.1626182190214531,0.483546031767248,-0.850622440760783,1.2778333707031198,-0.47137745346476223,0.30524577263298663,0.4321251193266925,-0.0722898047272078,1.0920366076601298,0.611061155186221,-1.4324508548445558,1.1958329904217235,-6.485370930320311e-05,-0.5677249443793436,1
-0.13085054799944365,-0.5009830442850659,-1.270223803260034,-2.307568943884351,1.7273443548856253,-0.4429007372579161,0.7749878745185019,0.6380595422705465,0.9148836945742447,-1.3633721169434532,1.276179802496233,1.91888945768927,-2.347330975990983,0.3695599386547134,-0.5481493083818514,0.6252240924598018,-1.131363150858542,0.15384888446147138,1.114038442950854,1.4666519860463991,1.6674305189890988,0.23466324297122987,-0.37685486889925507,0.9212051607026519,-1.700057337488536,1
-2.5408238165580377,0.21218184286853514,-0.9523475121461515,-1.3106052298875943,0.5431986885689553,-1.7602754270714331,-0.18388139203601786,-0.8794206785560241,-1.4223158390345296,0.03751466587105279,-1.2245360241811956,-1.0034538670108961,0.9307175838218721,0.5856121173395713,-0.7935050909792075,-0.11010334864851751,0.37702962916912097,-1.2552699240609833,1.9128654532281715,0.2873767918574759,-1.5970013271252688,-0.7677477951398846,-0.6533293447208186,-2.04453512771121,0.013672093594090717,0
-2.184911583278219,2.451398848485704,-0.2510063137481566,0.2900218091207306,-0.3578833854354596,-1.0080465033628028,0.9328480440090595,-1.6877730532032929,0.23201079552108428,0.846083005841166,1.309728702880635,0.20576696696402463,0.3992781227247664,-3.306692096187786,-0.7001314472006939,-0.8601090269278439,1.495574047827794,0.7624627263966898,-1.2388814593498003,0.1986109885486118,1.4933667140329263,1.4383982334165968,-1.2915266814722908,1.1861170227519242,-0.07089902233985348,1
-0.7803944185040443,0.6392785530683522,1.213940749730599,-1.6365182682988437,-0.7859150004343763,-0.7954375363632694,-1.0580864191788224,-0.7053941133686521,-2.544247979343357,-0.049566605829927377,0.3966605722887062,1.4009972877666756,1.7343578540668498,-1.4184287327250806,-0.9782635131747716,0.31635506223941257,0.5973741535540805,-0.601121927923566,0.6532758912262884,1.248551864539125,1.1112643218603808,1.1358994508201055,1.0099832981605934,2.1433834583634175,1.9507398710563741,1
-1.3933573357964388,-0.28831383145930617,0.8756539413183806,1.10466286273189,0.1382834451324111,-1.4021904932382345,-0.023152133596971103,-2.241935164648678,-0.6172589362760051,0.163461056728089,-1.53290272189804,1.1358888984273516,2.405968654887401,1.8459662315776637,0.38507767416174277,-0.9167749477966612,-1.463552340947059,2.7605521161008917,-2.333839311898123,1.2872890069855387,-0.48572986325662537,-2.5758110741022957,0.26888265725292027,4.871160170090497,1.6858553766340303,1
-0.20922788720954943,-1.6477344347045255,2.080468140369193,1.1594497290854182,1.5333902204454366,0.6361307449030564,1.4099084651605889,-3.0624438049254255,-2.077363859456618,-1.3176768105659757,0.43008119615206575,2.7120500012556876,-4.789006821688759,2.2512678635834487,0.9318559563638816,-1.674822780610008,0.09245067322804623,3.1519256902532726,-2.381707992596531,-2.247101482902238,-0.6096207179258719,-0.8448938683526079,-1.5264008931893591,1.4562131135744723,-2.240325076458945,0
-0.06857461181258029,1.0172469289618953,0.24607014020639362,1.5004810000554032,-0.10261823482127037,0.8549572201351665,1.241908263383295,-1.2393814532611127,1.835245592197782,-0.1493638467774079,-0.44038066719108626,0.8388702627959747,-0.23531824124475081,-0.5158108919026961,-0.7083742541573586,0.010332829796676157,-0.2950277058932105,2.00511440175991,0.25365973342825365,-0.15370803623482077,-1.2627103665157986,-3.2008237527884082,1.0462402980645995,0.0617042944609537,2.202112821506278,1
1.5758843028707306,0.6942145024749407,1.1010600019379577,1.2203588963865912,1.077755759034961,-2.7010505390781883,-0.3596593371646157,0.07154665215412842,0.613657058385785,1.6954281696477653,-1.2027708408979823,0.29222371264496205,-1.0906379427706512,1.1421275703132834,-0.13610207674008606,-1.673620284612499,-0.28492733176552565,-2.3218724080077497,-1.2513536890841803,0.3437419964827176,-2.220217555335058,-0.2494483657410006,-0.6084966887909865,-0.15347717339955455,0.7009397501138819,0
-0.8398654982731039,-1.653399370300203,2.2433692342405718,2.0023314406686685,0.2497725995888933,0.6194243239915282,0.5369078297642749,-1.0897767719779177,0.20223552767428954,1.9699790563651876,0.8573021301479253,-0.43948908563127653,-1.3602714135001888,-0.6698848073623649,0.8952526623990548,1.312392094829954,-1.5133711425683654,1.3675230637115208,-2.158484820079458,-1.372974426019328,-1.7964862886029553,1.5794026308235933,1.8584207294961184,-0.06295683309286068,-0.0410509277957985,0
-1.4822903813654051,-0.675786523409256,0.9944310538608425,2.2235435798214325,0.0597905333254104,-0.26997407301976584,0.5521963842006417,-0.5816332796818297,-0.4662985580067978,0.5766979570312935,1.8820972489368537,1.0119476899013065,0.2308118216817463,-2.0827700393644206,0.3740248349092981,0.09338911754589607,-0.3752568641949583,3.4053692876067516,0.42025027101949386,-1.6036983640376916,-2.0576673688119884,-1.5322582567195941,-0.9632524990320096,-0.1572132849984672,0.6372950635212898,0
0.27510598794728097,1.1667754123529346,0.041029390366986274,0.6806077109964026,-0.09618183560974447,0.7476354566484953,1.6868766171844087,-0.12326140418881336,-1.0944075754533016,0.343497432693733,0.06209274744482718,0.317736700069574,0.6021489447218275,1.1736438235557722,0.10465270259080028,0.781452143238513,-0.5362710035178662,-0.910041608041462,2.4440932745596813,-0.8291737731518012,0.9368699341733506,-0.022832338840224287,0.3773494835218289,2.8272969945053203,-1.259039047240789,1
-0.18130493923284163,-0.6339412547105368,-0.4056941920155904,-0.46767651574959124,-0.6666996579327711,-1.1088601920188317,0.013618615238129878,1.359275958162718,-1.1407252703290771,-1.3839212934894491,-0.8252795506571122,-2.619625651733052,-0.4175774273661139,-1.9107858318290547,0.42886252900162347,0.5041648601881077,0.47832038983395636,-0.8484073839510948,-0.0395095628061406,-0.41318667376813767,-0.20154050304889737,0.45588130574264163,-0.1315508997479542,0.2242122377705775,0.6088982254697125,0
0.3984048874657575,-1.3265888560350112,1.1448229916543116,-1.3270234244881864,1.813860435651538,1.540118087426791,0.19984582637067982,-0.21825573627982975,0.33117560179294586,-0.8315085416658274,-0.508072409816477,-0.32682064959988466,-0.8850359690139586,0.4875347287204252,0.35202265497305735,-1.1543611417479678,-2.9186922946203175,0.19303082018769724,0.4954327416805867,-1.1166667414947111,0.4664696105267585,-1.2209800169506653,-0.7283663574412661,-2.75395448871364,-0.5273309095132651,0
-0.013298079926735928,0.9694410122984365,0.8707655015777527,-0.41978564370862903,0.5770870888392926,0.8349980881413452,0.3595171713564319,-0.20588468717179798,1.284771466083369,-0.9493077924220554,-1.7289135941201048,-1.2053422905025464,-0.9685286969737863,2.7143659052280893,0.6714336586161547,1.0282682895945001,0.9969094560778002,-0.2905316797335673,1.0100976313505448,-0.4207965733269814,-1.2599108225991733,1.0789640357305579,2.2197011296952662,-1.4641575089393546,-1.4169610771078354,1
0.20289011898116427,-1.6942468419444483,0.3868084241979691,1.0115415306890045,-1.903323215308638,-1.6007470168232656,-0.2371956939778888,-0.09812083806114474,0.19637665528404236,-0.8082590668993131,-0.08880362123492971,0.6775400562147719,0.7335067800727286,-0.4345957751228735,-0.3470729167582481,1.101507140598841,1.3167396026439304,3.2871261595925794,-0.5451613878886166,-0.16270150932680427,0.9002959500001009,-0.08768129605438264,-0.9741604324285009,1.4148269276340235,-0.4194880801091065,0
-0.5847096165592672,0.40660326807756403,-0.8740094336427839,-0.18663105353402218,-1.428323363867887,-1.9611158286129062,0.5694429758670321,-0.005848330419772743,-0.7954428514118664,-1.1242557585888457,-0.6425832183965942,0.17562747043628787,1.6047625518644604,0.01333113892998855,-0.4462800543232265,0.9342521516050153,0.9954476619933064,-1.775804647101819,0.4697322224850246,2.6233593654615817,-0.981775781025567,1.8370219432189843,0.03699232265679736,2.128224111215828,0.9786840477427594,1
1.6941051206705755,-0.9368912108195663,-1.4970247620471926,-1.6340638225140636,0.8461636590757955,-0.358910499233437,0.28571226099033353,1.4789306526843635,-0.7440565229004868,-0.42384125557034463,-2.6351086435224533,-0.3409592474682454,0.018090781375608073,0.22063112657009942,-0.860639518303557,-0.8792031722031852,1.5923949878949522,-0.48840707907812103,1.0736296244009682,2.1935284650108584,0.8538782228730679,-0.016847507825997088,-0.4472309922934324,-1.678936711912299,-0.677033400353126,0
-0.6834343291627725,2.946947525072389,-0.967240201103853,-0.22545664731834192,-2.126966401941757,-1.2269084746199028,-0.6234584761390687,0.01312764782534892,-0.4103631998215456,-0.6079741792840203,-0.5717590182363763,0.7400605694526823,1.982462253961567,-3.3746754904210032,0.025194791459117294,-1.1959663165192118,0.36679769090633796,-1.29721759518227,0.9231410297165028,2.181526547973517,0.36709156475387195,2.1280988074825373,-0.42298477182091815,0.05931932358507688,-1.5687180424600728,0
-0.16274852194566436,-1.2094887380390507,0.6545714385807285,0.7176363149564451,0.9986111606823166,-0.2648598855291552,0.3172328526231646,1.3918863954108855,2.961583818912565,-0.5056906072300259,0.12263561092156727,1.0577478234346982,-0.8704429244087746,0.17703594608641415,1.238916151870916,-0.37164081455549036,0.6398072949484989,0.9094442015471,1.0572917269919029,0.08202872444264236,-0.09362432316282673,0.6767472410484052,0.3339042612186432,-0.08193558706082416,-0.7590761528696862,0
-0.7412132636160595,-0.4417875824725995,-0.17570461509927432,2.275062847654581,1.1130289970311007,1.473321768784733,0.45503660251844635,-2.2197280444629537,-1.4708500741716815,0.7367657354151732,-0.04616780820314481,0.17119642228434084,2.3387459021232098,-1.58515993009553,-2.5357567704933204,1.0794817454120806,0.12577090543258634,1.6531584603196874,-0.9954887452135746,1.0038015999185212,-2.063342211130606,-0.8747040471565133,-0.7333089045121608,0.3932720784620831,-0.8563792348242868,0
0.7464766823576396,1.3845453348675916,-0.11582028275550182,0.3016600942309027,-0.8650282800666539,-1.0032694847883858,1.5641240472210503,1.500830937189055,-2.2700398486799407,-0.9798601416794082,2.021983388650033,-1.4637724533332852,0.38225413249523543,-1.9189710049099826,0.8663211262980444,1.6353107575084351,1.9417404923623618,0.3698058645178819,-0.7185741467825395,-0.634525338959321,0.9607289657477662,0.7867792868641386,0.09297208232395035,-0.9173562904861436,0.3287299654862929,0
0.7953932372400057,-2.2608837522245486,-7.959969430748615e-05,0.9180312141321858,0.5368450810087286,0.250310868591985,0.01666624398240757,-1.3273058305543795,-0.6878487305472614,1.7894635031911812,0.9428949690506503,3.6403349753259846,1.3886685424393197,-0.11363919807864825,-0.7779373969471047,-0.41931932365836866,-0.6278780650717244,0.6878559565309201,0.4849306552908089,0.9177983646888125,0.39427037160397377,-2.3388401294769343,-0.2866930140490853,-1.6842937259150237,0.1435826109801447,0
-0.5093550418192044,-0.7421849618483909,0.4155563186455614,0.8627964339511554,-0.4203741538312161,-1.9360716340495672,-2.125443005911889,1.9824671527462678,-1.4709700965707597,1.4810559623138997,0.858959728207922,0.09873470206286165,-0.1618327501544608,-1.6047104733266004,0.010247932318744268,-1.0485184770103924,0.9271968966613529,0.22860539973723681,-1.5958730840863151,0.9269773755951423,-0.20886896773218228,0.6921361975893761,0.10411115778376867,-0.45952618003587653,-0.4006482708998514,0
2.0579910073031167,-0.008497247465183433,0.7569661856457649,0.7592584208795031,-0.7793092818058607,0.0040002461013737625,0.2522629294633423,-2.222738638307499,-0.05101073899820818,-0.6299193759131034,0.006694503876655711,0.8721539642820779,0.5279642637029528,0.7605098038902691,-1.2179642903774286,-1.4994266657288828,-2.5010219952485055,-1.443551094096763,0.1779658428221616,-2.150655034012633,0.9819574776775698,0.19261287609803868,-0.22915746900292555,0.18413104611846443,0.20620714039503318,1
0.5228399374146375,1.5589278443658052,1.214012273779272,-1.0122993759330883,0.08076842617178062,0.29243332167009883,1.4788546046306568,1.8803620985560254,-0.8060699178869581,-0.8065286773724794,0.16940525542664253,0.8655155626677293,0.8099035144405061,0.9844412512362288,-0.4565154185826921,-0.7672729329681857,-0.9040902199964419,-1.7360554508987804,2.661268287406267,-0.8112789224131959,0.944037963867058,0.5180534067184953,1.025645435038443,1.3058021313972366,0.644912161570123,1
-1.8430820575148463,0.8113229736328161,1.3180597078964316,-0.36673265940244043,-0.8392343949371335,0.2871625569160985,-0.9823744795968858,1.6898090348800212,1.9042412028901796,1.122159983704134,0.3967622764984938,-0.8871710977355,-1.8569863844615606,0.3852616430681437,0.5028109585474005,-3.356090399916603,2.3264683174103187,1.6243659963965098,-1.2268750484274684,2.162920456323973,-0.05570193667928858,-0.1622111241933868,0.01743740015806583,-2.5514286926475953,0.4897124180016533,0
-0.025094688839486325,0.4171249220705598,-0.5329143717613527,1.2654210841625673,-3.0256825506109117,-0.9932156357806619,2.4290250637572486,-0.7369973033371148,0.1648844748138846,1.6071461720168432,1.6192899249781987,0.19871034678099422,0.33444181130410044,0.3089738411582243,-0.24886307561215948,0.112428703003292,0.25613285180251266,-1.2641256630252091,0.8440677684221354,0.8143426209754836,0.08463465180626087,-1.2459046534555558,0.7092287185726185,0.034437937202381086,2.1264638788416423,1
-0.5204195667699172,0.9085861583843297,-0.049676697141238735,3.0533598680685996,-1.272822646116319,0.25108241952177063,1.5321819631911628,-0.2071465278212482,1.6056320339932642,-0.2630255588819078,0.042429212829955515,1.5041120920063236,0.0016708426383100772,0.34180637037474093,-2.386111016451688,-1.4659713044080624,1.2807833107196138,0.6661289751616121,-2.782555164029656,0.7214112315482177,-2.263037980336369,-2.809057668709083,-0.9303912191074278,-0.06911349188529248,0.18240505293448162,0
1.281615065511886,1.1259596523441715,0.8498786315938209,-0.7009757182843368,-0.12239286279412454,0.18555432937455932,-1.0707971736006845,-1.792433789172926,-0.6065643196918732,0.8912902979800139,-0.8270046179798508,-1.491610923420259,-0.18671432751393371,0.9592267181996377,1.8072171822277543,2.407127196951398,0.7521272383261813,-2.019904443317844,1.4130722461936882,0.7843627173052916,2.6024912284353077,3.72123593249185,0.9069437817204142,1.3135627024175596,0.2746514623586555,1
0.4797860166713209,0.7101430791057557,-0.2195299525817231,-1.0416602500401497,-1.2491795244753372,-0.16341980942077067,-0.5281706780752237,-3.181187728166679,-0.7100808046699222,0.14132840254666013,1.369106889991015,1.5076227586009874,2.080417167542232,-2.476101247679804,-0.3736562150451266,-0.1880866187711343,-0.04254871206973271,0.6780950018483416,-1.5977219266921265,0.3135833797033919,1.7235889230538297,-0.6134032327288242,2.0052250848971607,-0.7492088524627151,-0.20622064028126658,1
1.8176590330940061,1.2814376151842732,-0.851008882013962,-1.4048547501588242,1.795143500439897,-1.6098734372694303,0.2563164417678746,1.6466664346477098,-1.9210173318419743,-0.5758492066016692,0.9901620160971795,-2.206508441364962,-0.9006328180798864,-0.6894154516451584,-0.80454223474753,0.1664301522811345,-0.46831512008292225,-2.1689164575652895,-0.681475529366223,-0.5657864103493349,0.8423070699865318,-2.0445586441428283,1.2644517884169777,0.3375303197969207,0.6723694858184428,1
0.25945820385559837,1.5808057446030241,0.24068445848252773,0.41142925987760093,0.3527242336565881,-1.6499701887088687,-0.9098793479557867,1.2903456887930052,0.2512859193340381,1.3883217904574627,0.11494583707818234,0.10727913304783265,-1.2503726562822615,0.9159020190537109,0.9082136854527411,0.26984192074267954,1.0709040281508715,0.51972842936829,2.6746550048228723,0.20822133493630446,0.26911464499925775,0.9574872460389969,0.321382360365955,3.464039683080067,-0.04179106353960696,1
0.21631538116405175,1.6088891394017173,-1.1529851125564579,1.0249274507491513,-0.61243799510617,0.3914980326633888,-0.2506442722672112,-0.9800401426746117,1.5169983827563858,-0.22067821940698606,1.4293276788034446,-2.0280330944916014,-1.698337828880023,2.0474234630237342,0.7586734263185233,1.4528794088298167,-1.2044900022144494,-2.400263161181683,0.8913630112351156,-1.120552173921657,-0.0925112514708043,-0.7577122338075092,0.12377009508051628,2.97047250095315,0.544622247667435,1
-1.074567773861417,0.9642386891975838,0.8064273209210318,0.7070106606328896,1.5277415122479763,2.2971687310760496,1.827133694789801,0.5780186745390972,0.69576857838537,-3.093379294478626,-1.1219212353808174,0.4782147333333868,-0.8190958031753598,0.3565658082904384,-1.2025714109745835,-2.6289424687675518,-1.0774107646999613,-1.5705416692017482,-0.5549282885391235,-1.3475990919664131,0.543115310859642,-1.671228501658507,-0.3396672918467351,-0.21605702147295436,1.6501274234918875,1
0.1755125472574962,-0.280513624392969,-1.8667510441228763,1.1749457408259782,-2.6896680363930408,-2.1350155529488455,-1.7962806373199507,-1.2835484843517857,-1.8324676158607458,0.9904302797680931,1.180839633412734,0.7673033058094703,-0.0775821876501408,-0.7532859300117524,0.6962697062369076,0.8818925312895185,-0.6321298170226426,-0.39152283439034335,-0.5691419861579234,1.5291420314190298,0.25815023350277677,-0.6397984729914208,-2.3505473361925464,0.955156699094824,0.1295608560523015,0
-0.8718033856997156,1.4351569660694474,-3.9351713042081897,1.1528579107412193,-0.4335366476675685,-2.30595718147054,0.7722768098548831,-0.6701559456873264,-1.4350163447726068,0.8701582726622665,2.9060979713741886,0.6303674815089665,2.3598062312747645,-1.9427483420223193,-0.9017570710322939,-0.0330871212715933,2.392816237646316,1.191078776298433,0.6641233644058211,-0.6412351605438291,-1.6219646908934462,-0.10038964815281659,0.7923960551930309,-0.10216103385746655,0.8437773944046447,0
-1.4073870585254014,-0.5570185369968828,-0.8485654285794709,0.7555831490447986,-2.0628000310981713,0.39790097372358524,-0.3926313054066653,-1.6600088750770032,-1.7325630571398698,-0.045730406569525095,1.7659358119043254,3.280333191208922,1.5783004869814359,-0.3677900667619123,-1.2616806570620003,-0.6494303598644597,4.045033424854757,1.0747427461158308,0.859329310023972,0.7744762169392001,-1.8309025423712193,-1.2862837219049734,-0.314415147974453,-0.6587397722770738,-0.8917500981333433,0
-2.000176697975136,0.750041079444838,-0.46653121855274793,-0.8575536197255186,-1.0890899059903454,-1.074235926193245,0.22228854136258713,-1.6003140796198991,-2.11641571930267,0.19518969547490694,0.30487361094662174,0.12006828017341914,-0.6580960684231382,0.09935884058578781,-0.32171356838709847,1.0751665169185913,2.1696276236192578,-0.44024669320662146,1.3429254560334214,0.002482307916926163,-0.21580860863727747,0.5669169019125405,0.3135092909582567,-0.2887594494457586,-0.713354185155711,0
-0.6919119619955616,2.1271829827359503,1.3030042329872988,0.7173544353485762,-0.27135374469634127,-3.022523378624932,1.910331610238944,-3.0311684118618967,-1.8557940201222596,-1.484594765820525,1.4572166469074157,0.041056043071561577,-0.3026973472883051,1.285116185082882,-1.6315742482103524,0.006263537117330797,-1.4938103281015116,-1.3006978031076946,1.1915284609011914,-2.401491706847502,0.8897094192311228,0.1258045314266807,0.8133528847913147,-0.43979528534702605,-0.3668860530484705,1
-0.4518209733920182,-0.7518810714520676,1.1970879158915366,-0.9460117532400879,1.8468837013829702,0.31962588038629125,-1.1199712381442204,2.2948709141083596,0.02643066518714643,0.11434544700295701,0.22657448060341723,-0.8053480152502461,-0.3131912871743483,0.16481161100027386,-1.2673392891785227,0.46925677304457114,-0.8189204646822442,0.15829535029417674,-0.6750504380424449,-0.1698863424605621,3.6382202479978774,-1.291290276899996,-1.1663400534399773,-0.43413307534395923,0.004275553290076006,0
-1.9241445112845148,-1.2421689544116368,0.7488684803674549,0.7951932476744981,-1.4425971192335054,0.054659214239011544,-0.19062459732258602,0.20017613021536518,0.6206360208459112,1.623093583683308,0.8125566077893157,0.8796970231538803,-1.2797504961471433,-1.1362940625701472,-1.0176318330770329,-0.6253619527935493,-0.4164650488625897,1.7099702241744836,-0.654281351695472,0.5151073006508378,-1.0277099848497877,-1.0806845543590882,-4.252242967709389,-0.2100434654223769,-1.3138709138362503,0
0.20855725638047568,1.7438875826669522,-0.5725275073894438,-0.33574902178168653,0.08691058317251976,-0.15445303040752612,1.019340856667147,0.7131357133783088,-0.9004952010113001,2.845843976052183,-0.5844481243417325,1.3977551221522035,-0.3013240483873155,0.13068405599957306,1.3004821108381002,0.14051321868790423,-0.6741621466172341,-0.951977969038613,0.6306050601912455,-1.901042261378775,-0.11837508648923689,-0.9363590253365366,0.04513405253108238,-0.1958725374691691,1.4603847754565618,1
0.6940107884958598,0.6899677917243678,1.0622971634921676,-0.793103980645474,0.5190848437033685,1.3689452387964294,-0.4048654010664009,0.6644026345829802,1.3295039532020618,-0.09161809840130858,-0.15171362669149335,1.3805395345277223,0.5088742070120413,0.8802868161406836,0.7318142668430306,-3.1233866260382777,-2.230207733196812,-0.10202609150189251,0.18222437736562935,0.4362549954133031,-0.5263615381002862,1.1083026048886784,-0.06615629637102874,0.9479795572333309,0.2129233180760474,0
1.0505473682497528,1.442587211021636,0.37348590056712416,0.8214516010280446,1.4750115479461487,3.1820328725700464,-1.551535674763944,1.9591941594911366,-0.16788477729025253,-0.9444931014016207,1.1839373898734025,-0.7446142756322628,-0.6106523956186045,-1.4254676664218904,2.8102488026938572,1.5118229553086133,0.8427742306394216,-1.5834053201236689,0.6459612600489292,-0.7327718690541347,-0.5742911371493178,1.1400245644575082,1.5420498882951885,-0.608537882239304,-0.3157889526877938,1
-1.456157585761428,1.4781544124742874,0.1748875914325912,0.01616033316575946,-0.5400518860068961,-1.1841895243471643,0.8748936383138439,0.01150564206964605,-1.0962894889118067,-2.9582906698071145,1.5278811259266794,1.7143944481047808,-0.8799619349021173,0.09557671479794055,-0.47986616637697377,-1.4571989354620496,0.009456744778797793,0.20186394888699338,0.22035428766644158,-3.830840688509458,2.042127052638006,-1.1246996665883562,-0.15501971815702892,1.5969048211798622,0.5486977243827331,1
-2.2193464119075474,1.4039750228723045,-3.089744286393849,-1.4576099578106505,1.2012346333399522,0.0014354791873751882,1.1282301891365045,-0.18669555071697536,-0.9666705640099386,0.9704508626584416,1.1849622615137987,-0.456665368778588,1.0869305568009309,-0.34179305985257324,0.8819302414515781,0.46269969740578587,0.860159971630724,1.257583838410479,0.4103668143236679,1.4406167128645206,2.2657667984614385,-1.4553245471883676,-1.5695937523996917,-1.4294278908970766,-1.1313185344357097,1
-1.3242124721913902,0.7568503307841555,0.9821771092905798,-0.008816587721485747,-0.8359575305002339,-1.368494230776326,0.04619230976501876,-0.20053438295969991,-0.4505343150121638,0.7922959492816946,-1.3132478389068596,0.35004146794623947,1.1771289464874117,-1.9386645202104698,-0.5722021299568509,0.01341494814697311,-1.0841237338086611,0.8439108169296007,0.5468037628285727,0.25320090477027557,3.2245336058343734,1.052165858830915,-1.2437701256258116,-0.3318339521567748,-1.0616310350012081,0
-1.6981856772559962,-1.789469857303374,-0.9912016408588012,-0.2035521934264036,-0.9576723012991755,0.35262559772021096,-0.4730833790402388,0.19148368964269455,-2.9101506619043946,-0.33141623446767454,-0.036777397227062525,-0.4789822074991279,0.30353169739413055,0.3428229131671696,0.8878578323067805,2.5179809369731574,1.0946410813326033,-1.050552606133672,3.0142266943348113,0.9034341523888749,-0.8502657721317459,1.044350205879998,-2.5089703529622196,2.5071235048646185,-0.7662445789364427,0
-1.9733427653243663,0.18762987044032686,0.7016279786704795,-0.06969950338398556,-1.2928787920615572,-0.3898315076782058,1.7397572829138221,-0.7369608567761513,-1.246317206845246,0.6334267591633289,1.27134232420514,2.055855768134511,0.9164631815399482,1.1939786563332975,-1.135101891109653,-0.469753817434197,1.1041098360957644,0.3919014859491469,0.965969037371728,-0.571726622649192,0.6775498141692083,-1.4536951146810662,-0.06198289409902047,0.030855170465917126,0.4519424808543137,0
-0.6572993590984784,3.0421957830671302,0.3758506335990413,-0.7705663073503846,-0.5015283677415053,1.5134369126593277,0.26117042469039586,-2.413647097518056,1.1536712251136552,-0.0721140986217308,0.043762845069913126,0.8021044797676898,1.3263061564049607,0.8108386805185701,-1.5455520906388875,0.5018998996593159,0.4914457867471267,0.33581666921723846,-0.3318384357124239,0.3472310383353615,-0.5894057791539695,-1.8266753548033667,0.2594503781025249,-0.6213601330058901,1.8344087810420298,0
0.5376362942958404,3.060110372799476,0.5339004809250448,1.428572796444096,-0.8142178944531157,0.5025434503138926,1.9218870140565094,-1.1332108329095245,-0.022437552325068055,-0.5191959648010511,-0.10111198310452857,1.3958973785236055,0.10252582635879659,0.09341341968745343,-0.4545723899653547,0.05589696038292413,0.10028764257667,-1.628523436287463,-1.669939366704465,-1.487645835843023,-0.3243050918724717,-1.152711966516546,-1.4527414796144127,0.43551669145507443,0.07360592115053344,1
0.9935422629948937,-0.1457460766396938,-0.3982876316825864,-0.9117368140540739,0.4472739485168533,0.8395575969003235,-0.4033240317507024,2.2706249940345273,0.42684815131556164,-0.9310674890499888,-0.625664280837074,-2.7302653311460032,-1.6089804345342003,3.3445511341353065,0.5203471563285473,1.5485064012358534,-0.7315820773825182,0.12462729094576686,0.5138234893459867,1.4846859290413927,0.38479222931591406,0.2654282133432545,-0.2761875883990693,-0.9268351142003477,-2.3141230640955817,1
0.6746923440050114,-0.5512241062246499,-0.8124710444557546,0.8532627265277215,-0.9063987841316962,0.5890071144927961,-2.050665199409294,-1.4917400107878693,0.910626316763556,-0.733874346630037,-1.0971123766670483,-0.8604896160057586,1.283121126015461,0.3591364833402853,-0.8890054552971554,-1.4141276842963875,-0.6982966482818332,0.1849900928236809,1.1569823280960496,-2.8899961384770707,-1.398858929701674,-1.0986215208380736,1.6309053060993544,0.5558704871531481,1.4373868741599694,0
-0.8624310145909015,-0.8838591195232146,-0.15328087333200463,0.20553239740124019,0.42949608339456447,-0.3668308223189759,0.061822204484799304,-0.7686586000895483,0.4340404618556451,0.986709853306533,-0.8044233627995943,-1.038556958496188,0.9180518921963657,-1.347490726641837,2.24848181076091,0.027326774565251344,0.42579710271817595,-0.4390216497002901,1.121594400693985,-0.6756629254990114,-1.8452103741615864,0.03958048122009261,0.24605033849757196,0.005392448311921011,-0.4148149683093527,0
0.035072382914468236,-2.2568242038985526,2.6271254837176268,1.23187265599148,1.8849124703973281,-0.5314396392062309,0.08579722934419143,0.07753848817223172,0.2903270067623077,0.39346787857304577,-0.17232668709238896,0.03092508481127415,-0.8153112873579453,-0.2042457656298095,-0.24971795153541365,0.7781304568074779,0.1230403040362147,2.4261961841811654,-0.9692468305699234,-0.7868107680102631,0.44484249246261454,-1.0000128361166127,-2.089951106472252,1.8445927982553454,0.03772411570691597,0
-0.8876245021873436,0.6802992584059006,1.502675642420772,1.2433071116045558,-0.09574101452107997,-0.17329978136207894,2.966159337690546,-1.3908100008147186,-0.0009984049913576154,1.1171206272046228,1.7022040455425427,-0.26018966296008617,1.4553864764553386,1.81556152430321,-2.1425640257047465,-1.5283371513783117,-2.332631028988607,2.421123835325344,-0.874297159376067,0.9692151418757561,-0.8908698615508726,0.09425766595006946,-0.6497167483955647,0.29522054695351135,1.4898526717338343,1
-0.487591721642844,0.19942574924981638,-0.8728531698492615,-0.8724208009276739,1.0775527020532811,-1.2851010557693732,0.1908791756180701,-1.848078643540405,-0.6712503929238932,0.5182596943471276,2.398435356730798,-2.450885068561213,1.5965642116520282,1.357607611019489,0.21689406749849455,1.7435498262566484,1.2214989799479623,-0.9491473483947811,1.1066875180386457,0.2349422191030756,0.9600939750917221,-0.6951325364507392,0.7107731968327279,2.178809999496813,-0.37622616955790616,1
-0.14216475853921062,-0.9193499034737813,0.13614061351222762,-2.1855071268801725,-0.9677014867913554,0.26812678219322716,-0.11077284097217033,-0.2446889573094099,-0.7798647380344429,0.7495715251485975,-0.052144591873320933,2.9655622199564178,-0.3669096815290145,-1.5925233458851773,-1.1082585041644837,-0.7213008069424018,0.6443396189501095,0.38802672920695325,0.3884729110058175,-1.0653828177289273,-1.176887750376351,0.11665804735694946,-0.09961289615147217,-2.8290199592925283,2.2581650875354224,0
-0.19112316724203188,0.8412705681533303,-1.7154741466057057,-1.4394373301824002,-1.2898495430778216,-0.6818992293039055,3.0479049573300965,-1.3185126276640633,-0.6478344794063597,-0.41652047680594384,0.7989945506713312,3.635077810207615,0.24172941991411112,0.6578141867968608,-0.7931668190414003,-1.6716943768626247,-0.046767646668680274,-0.3836902845266743,1.1208235453296322,0.7231679460879156,-0.6627944459306185,-0.05947667083258523,-1.043518657007702,4.100845858058186,2.7738315413220525,1
-1.2777630538025435,-0.5164749049584785,-0.9116680762690609,-2.352613356791873,-1.715512437198939,-1.7073446611549237,0.5794685277503646,0.0646226585267784,-1.9865366454608,-1.366508812699255,2.3100987982836134,1.5760763975673848,2.1463724122875014,-1.484649937028389,-0.3205119228548975,-2.079696991473175,-0.7759596972646854,0.40016311586978487,1.2400590365014421,-0.24648712708201972,0.802081625718301,0.05220144733266226,0.5680367413349952,1.9230358995827568,-0.5746492323028822,1
-0.770622941654423,-2.092260841099754,1.683751196067207,0.5849510308612997,-1.3168882929273458,-0.9062339327812985,-0.1824872344085412,2.167777014385979,-0.797111084879089,0.3714022344562562,-1.0574675409401169,0.3032202918824632,-0.2878267854193456,-0.3305381179121998,-1.1685749797707936,-0.4580111649625898,-1.8231721441063558,2.938659065817373,-1.7319118892201049,-0.10698868996080435,-0.39163505460818326,0.5633196769258202,-1.573633737907951,-0.8977348116171351,1.3372736876587727,0
-0.10743914322570491,-0.04809012735579804,0.7594257648677669,-1.0482036399157466,0.9968776895315089,-0.3946805300072107,0.3230483635308571,0.4451891374761732,0.6303986194618432,-0.526708901416888,-0.7622349057210924,0.9749812475264351,-1.4468336017038737,-0.884957604139046,1.236726215913903,-0.36123945543368874,-0.19308506687216986,-0.3158347464745154,-0.2229455237249287,-0.3377064637022748,1.3115188421034438,0.4026076210803284,0.2906056471920638,-0.9007332598253047,0.8268897427965607,1
-2.0109518892348692,1.4479821184986368,-1.6792163764558787,0.0731421284349546,-1.2222686909765823,0.7447410640658745,1.6073174122285434,-0.7343193351957922,-1.2541348583892895,0.570780347393427,0.8920141614653263,0.22020583298760188,0.3074621041969859,0.39088791565957287,-1.0493955467175882,-1.3853616248405156,-0.10297242712496879,0.02438847939793709,-0.11837995928965883,1.4669427868483995,-0.44415640330927997,-0.46160562219751533,0.199991156189554,-0.6834505684377498,1.3345855074479631,0
-0.16630733637268708,1.927292679118992,0.008832343467735038,3.9101952214321667,0.6647263212864268,0.48382725788802355,1.540019759723486,-1.570795660448178,0.5864020481243901,0.5984154177490091,2.0807508860973534,1.268805070173759,-1.1024968148082555,-0.08083744332331891,-1.7596108436861508,-0.12836094259729836,0.03205832963756065,-1.2907333810293775,-0.3948645261491889,0.4047918110266131,0.46102541926478224,-1.0333903112786287,-0.44164250924579224,0.3287764976685442,0.6158350538196903,1
-0.8529750824342818,-0.35272779384919617,-1.8552181001062955,-3.030647126275084,-0.5612930926599952,-2.8373786706289614,0.7661235650103378,-0.7630069836098777,-1.5287264658637691,-0.2991330369955017,-1.0324408925100572,0.7969603893149461,-0.20058038650564092,1.4546268767388981,-0.4247562545775441,0.9149380544297432,0.1607117684024263,-1.6993545350710066,-1.8503421255649226,2.0925763503961154,2.609314446951881,0.7876846681839497,1.2643991287214829,0.2321351097723186,-1.5337102712068558,0
2.068637758006085,-0.3932711811574434,-1.3825477769768935,-0.23554710209898239,-0.8651234977296693,-0.4699984177834281,1.3022890004611782,-1.744138180761964,-1.1661661965719206,-2.369427845634391,1.8123703451964088,-1.1216414887656945,0.4520554187724399,-0.67850228860125,0.05214975304709199,2.244555154688038,-0.5241369606423727,1.2929889915443518,2.8586117110135474,-1.0861583493629725,0.9968523781466845,-0.24268119420088752,0.11736236321887467,-0.5194837099999955,0.5912896663153479,1
2.7021517104942765,0.724881172925935,-0.08455826507647901,1.0108951001487887,-0.9836672164942991,-0.3151817342830784,-0.0025762092195315,-0.19522614116832265,0.6787926919763828,0.11467174818164644,0.20615305955215035,0.11380258048284349,-0.8685697327686949,-1.020996294983822,0.3525757501172259,-1.0018175027657688,-2.7412150154544586,-1.0939183879892704,0.6316885344176093,0.3928241758945635,-2.3177392610489234,-1.878757507886926,0.6960994414864576,-0.6857829778016358,0.3980307121233987,0
-1.4601860085738674,0.8913188945294807,0.4666953854381225,-0.8229295813402738,0.011062131530044872,-0.9960493334379321,-0.9103592566733999,0.8689132593814686,-0.40618724516764515,0.2552820724509993,-0.4710865107793146,1.3691257196893156,-0.6898754834722252,0.33062428884412537,0.5129394397405311,-0.755049386270174,-1.9363755699354206,-0.8686476252475057,1.5387090862279844,-0.7079558144498214,0.6979129576038299,-0.2844748741752031,-1.4122427651952283,0.6132319127033832,0.28642076503746194,1
-0.2669962795924014,-0.0599398809659249,1.097440601056874,-0.3040868527011229,1.9200879183084243,1.3445366142960213,-0.12335296787723943,-0.27808846022731,2.4789511112128735,-0.019210312749500802,1.3592367948853457,1.4419473845352928,-1.4570454726553388,-0.5884474064218564,-0.31684456811993855,-0.5298047318322718,-3.7612909653339948,1.0232728007719765,-0.2364764673704396,0.9508836951328653,-1.4059897473042708,-1.0667981957513872,-0.2663454763413708,0.6927688107854615,0.15423641293119505,1
-1.292295759287677,-2.683070537332515,0.7661666110252303,-0.4470896178528355,-0.6506200307291855,2.2798191527901843,-0.1826408343322632,-0.9731899655092078,-0.9964028186431945,2.1679209938983646,1.0204545169589365,-0.2698762198333379,0.5203241889828087,-0.9116465078496134,1.061671552365588,-1.0874559251957887,-0.24383247046992046,-0.4404343460492605,-0.7872446020335476,0.43870419613028144,-1.0150360370544018,0.10444476328909233,0.3127981147981787,-0.005875135953432031,-1.5353125348720527,0
2.210117120449133,0.8324566234492894,-0.040451907890657,-1.894306409442713,0.6720029127150098,1.21449948644099,-0.6939320118986488,0.09130659030115212,-0.1306436901190795,-1.1027036827347558,-0.5293247630745217,-0.8973279142282715,-1.3954398611188905,0.924387784794343,0.045448287365895346,0.7438152176977167,-0.825240531770389,0.3842821801498941,2.84385391829113,-2.0987927043291856,-0.8738264194519432,0.8804010800260637,1.7030620715140747,1.4084901903636262,2.108058445851975,1
0.039438852739757696,-0.7221611560070824,0.6295628563382469,-0.11841173284175038,-0.083983180605886,-1.9443282427937687,1.2893731886252016,0.6698979170006217,-0.5311991489994476,-1.3793838257187967,2.3024476663561586,-0.5768360670698088,1.3471644023499176,0.8800153339388712,-0.7851503768603935,0.657386744506181,1.3844280385077485,0.7949697347619095,1.9248058512638797,-1.11616263886676,1.8044616562462346,1.2308646610578278,-1.5347136997910975,-0.7246871136717874,-0.3482370339116318,0
-0.4045915869190309,1.3009065549598144,0.6652826756064678,1.4218260159117,-0.2752468153838538,-0.09184124851058828,1.1623484359554643,-0.5151507987336299,-1.2645057794169385,0.8027158870865957,-0.48689080372659793,-0.8468074288658513,-1.040303928030011,0.37357959109995964,-1.6826417077368552,-0.5075229771586565,0.35375339237748316,-0.22150019541153,-1.7192861559466575,1.559329586754722,0.6762442686360629,0.6642698427457063,0.23612827468647768,0.25943793109821045,-1.7114483836697576,0
1.586275717032816,-0.6579007051945046,2.803122163687606,-1.0419611787917575,0.7249521444001742,-0.4981048669790812,-0.6638343295654875,1.741957588345652,3.058722186660421,-1.5265275276575674,-0.552896332205255,-0.23495825879700438,-1.029677977879559,1.5334806924906421,0.2539504370866482,-1.9999418964823046,-1.5338807409781612,1.1594596375269282,-0.48094993744356745,0.9280837350783891,-0.008237533397613683,-3.303067264329299,-0.6668848904437858,0.030424820433538835,0.7835873186434467,1
0.6244279382786808,0.29602166485247455,1.3722344247879232,0.18640968993418572,-0.8081650806316809,0.004327623487430432,0.8274245920126981,-0.23875787095813705,-1.8798384017736405,0.6732015288385962,0.6305624868473179,1.4195903926193798,-0.0670146924084315,0.6530488691564038,-0.4195368428924333,-0.9253370932461844,1.663491195058251,0.744701417977987,0.30090215620404515,1.259033537903538,-0.6719982613317583,-0.6604196943836089,-1.52017637325459,1.5337875157749934,0.041982142048027526,0
1.5818072837037036,1.3455768377776878,-0.32269890681365637,-0.6733082465931468,0.6009696425319122,0.31918723332292104,-0.5000141553018954,-0.09959289244747588,-0.5336242592339843,-1.6688230808319622,-0.18682307963972777,-2.4935093422906576,-0.1409297947528566,1.7238281290179371,-0.45647439132501033,-0.2344272067215063,-0.352833295576541,-2.0939419706250777,3.1943371618034595,-0.29437551848299803,0.27056909169738236,1.7691970838341766,2.083106117631751,1.2200712430300769,1.7254916229002124,1
1.974714016892781,-0.12364169712810835,0.44870452535118455,-1.1656460796712875,0.29984402075234745,1.1899384301264222,-1.9540939142928822,0.7783586500464352,1.3098339512948105,-0.4844805961036216,-1.8347601998642484,-0.744770871077435,0.5208133355678247,2.3260007580890822,0.8871758220012175,-1.6243277864318255,-0.9187328617493608,-2.194120002942599,0.5640625045642502,-1.4508953194984726,-0.23488980217181885,-0.9990327204402087,1.2307190835679416,0.3063071381250078,-0.35375761813246565,1
0.5717523407201603,-0.9623701953488198,0.7997096595963437,-0.4722832054799362,-2.7187522210356896,-0.9368666446969386,1.5183315519948795,-1.6964897390167821,-0.0615860044614035,-0.4576616264304249,1.1350912192927773,2.2757940707361133,1.1968497011669166,-1.8317890127133212,-1.2663608049537276,-0.2623473785175693,-0.7412259204061998,-1.4590267745194179,-0.8812356448519293,-0.2946428246736104,-0.30443017903625746,0.7098597373031686,0.46844982591887585,1.744821943072289,0.9230284515056844,1
-2.276301014692203,-2.97625339849119,0.10823865894068922,2.1147237177595217,0.21495212063278546,-0.5955709326615961,0.4803042309341024,-1.5913944563545734,0.1941090515901328,2.3248019549915875,0.6418279334271054,1.667785095791304,-0.25550763066032933,-0.4162128450901592,-0.9480288795177046,-0.4195207614042218,0.3664250341954249,1.1178082726525698,-0.7171630746044164,-0.19117545115575474,-0.7753375183135754,-0.14800671654441594,-0.0766021246475801,0.4472434617027867,1.2507283274981984,0
-2.3779272891571295,0.6892629593548131,-0.3409114579243482,0.18845182349197864,0.6509800463815967,-1.2787273135738806,0.40111075811781455,-0.16521579804800746,-0.5685962024004242,-0.3146223474213893,-0.06957600121972551,2.6141493123488915,-0.7540943571213417,1.3098244686183755,-1.5156202452868497,1.812562491891524,1.2492924053970662,2.402593623848151,1.8528249002296995,-0.8647011691713304,-0.8486612236466391,-0.7580525999955927,-1.4038382975953778,0.5030604490926194,-0.941260971535626,0
2.495181830484596,-0.41443479214594764,1.2673935023855734,2.5016844405906005,1.5161993620335639,-0.12898220488707218,-2.50931353327848,1.0630459754966808,-1.1826267647540134,-0.22418423183812602,-0.8358119354596132,-0.8033765154572823,0.49422298144789717,0.07544415289458767,0.46354421625158804,-2.34280034443743,0.062315188811843406,-1.2785027521929395,1.12528919654988,1.2643787120978534,-0.21533419023076966,1.6802516490439399,0.7223656526484763,-0.07251744929953108,-1.1390420755213424,0
2.0105513079173463,0.3458694199955887,-0.7750323055693149,-2.255436728130405,-1.654992051220996,-0.9957231596511427,-0.7422994308251084,1.216783267743549,0.22555315822454494,-1.4498220129092236,0.48383308453799456,0.10512564042962136,-1.32404816571177,0.36872854032046176,-0.04602024619702161,0.2752200755199105,-1.2678679537402853,-2.7630902018652046,-0.787786710078833,1.2356017691299637,-1.2712736689122952,1.1252084379309817,1.5589093777058205,1.3001982440836195,-0.2410329661371062,1
-0.31694046628573685,3.697684399366915,0.9919039520123466,-2.3033279155385924,2.61590497260198,1.0008243563010426,-2.456558065928034,-1.1671234148553098,0.34893593056712147,2.941894960494434,-0.3870719842746846,-1.6503239629962325,-2.5170291037465256,1.2347284566211207,-1.3634367412212545,-0.4464407624741843,-0.9794471486932814,0.23517183654323764,1.007839564093871,0.5158038785253122,-1.2717869770085795,-0.6774663908876539,-1.5533749986777918,0.6203702690505317,0.4293743192800136,1
0.9062378750705361,-2.150406310861166,0.25683475987455306,-0.2951227972138978,-2.298088425257257,-0.4937637170391756,0.17201026656603793,-0.5955226928273036,-0.12093623774648743,2.133441944788184,0.726064455458324,2.6581663128041453,1.077664076576089,-0.8356469757650093,-0.06632645899033285,-2.3710189001340907,-1.2259121619100881,-1.641826693936467,-2.218935494969703,-0.14436693987763538,0.6527409874978263,-1.0985271144008204,-0.7351153107794455,0.023373950999123524,1.2807330678885473,0
-1.3382603239761814,0.520063799232595,-1.2429502235357472,-0.05780623363389448,-1.59263246494098,0.6257289940432971,-1.4553436109496896,-0.5746042298786974,0.9732628580292741,0.06441419045612379,3.372112861692367,0.5670675883199559,0.1995794273042817,-2.8907767211232085,-1.3642840537763572,1.2045240388094949,3.6647427712343923,-0.037635608069442994,-1.2246292214294865,0.5380215193926126,0.7852232795757108,-0.2708805200075505,0.15426871028790323,0.7875216965569212,-4.088332899444376,1
1.0706105522506721,0.8472910187848486,-0.8273216476612261,-0.38012728901788734,-1.6750242270231408,-1.6796336822643991,2.0251575736335035,-2.3330472543948417,0.19530385959472185,-0.2316596862821928,-0.40868696951715056,1.1649067297188744,-0.2678895878536728,0.658035478391835,1.0100777541665946,1.8374200287556604,0.2870253098344355,-1.1273017932701719,-0.8020110985478399,-2.000730819237008,0.6190125270344462,-1.141239031149378,-0.6569295236462549,1.1087266101373132,-1.250417550681061,1
-1.6642911906214517,1.827662700163954,-2.032284194884391,0.2530261991420267,-0.7440906157568352,-1.3867908721620148,-0.2835745393948258,0.44540537443345124,0.24963609347300098,-0.9877841196342101,-0.06322905472343043,0.7265667977618342,0.5456187777546009,-1.0484210818748436,0.561194831670649,0.8198759217104697,1.0643143183119426,-0.4738741964211244,1.578064412817768,-0.2163072643471633,1.06323798531436,0.33926826947852784,2.295790364369431,0.9963586039625171,-0.12824443102962002,1
1.5239367871151062,-1.5299571760823867,0.45265984152422933,0.23326042408756342,1.3815737869240778,1.6718570000775776,1.176989640602483,-0.46670493732527396,1.6715055078660532,2.1920584432216117,-0.6564273162406933,-1.6899721635658447,-0.440832456138594,3.358952593930333,-1.6261323354639328,0.7649066865091463,-2.552724574278139,-1.2842869676097197,0.20720989122232894,-1.871072406941855,0.01524376385333176,-1.4157674212754083,-0.4987065491022499,1.0143435889577601,2.226326700493762,1
0.7568090087765793,1.0258124164644278,-0.17298911184009272,1.0864623168176257,-0.8107447320650711,-0.058493598620768694,1.8501080419657363,0.49048421302744205,-1.9084266097768683,-1.36642304593262,-1.6763320969570192,1.741534970218422,0.46931115834279824,-0.6398047417775917,-1.2435959970772161,-0.41252722456943336,0.9545570958612596,-0.10022510621897301,1.6317424699136513,1.166927851348278,0.699875952574945,-1.1512692311464758,-0.02248664430820481,1.2045645920482473,1.2311894820422185,1
0.011965127561885114,0.05529775875671583,-0.023283861324119026,0.9473506683864884,-0.11328946319030603,-1.1668487536453716,0.2064015345529437,-0.18031787127030013,-1.2072441547289299,0.10535441694021191,-0.17686404445933737,0.37943598709788096,0.9472500265641566,-0.570303327235121,0.2564434352375014,0.8874267922073831,0.9663136448768997,-0.36097025767171254,-0.06875587780044479,-0.018069764293465296,0.4097710834151575,1.034851853209575,-0.40444579649772405,-0.5979230806538492,-1.2970863102524646,0
0.46888113421170613,0.564816800265632,-0.20689716267366842,-1.6176940773832504,-1.0646448962907678,-0.4519579194341923,1.2096826330401782,1.3834182444686227,0.2126267161632886,-2.40009830599264,-0.14261623111130609,-1.615448205092425,-2.0485298751203502,-1.098683688654255,0.9909395113209468,-0.7498672995523904,-0.8764226945834758,1.2936647096297724,-1.656416530252931,-1.6135744316174498,-0.04525233821047275,0.3128865857097796,1.5003519687673141,-0.8511866041712723,2.849170012099934,1
-2.256219262290585,1.0211166648293315,0.010875650628896005,2.902367065038807,-0.675693799493821,1.1067759529990215,1.7433643764078197,-0.3718542619930143,0.24997934754996934,-1.2429437092014677,1.0345442451290996,-0.3605775921125791,-0.6522551322635003,1.1515594059122796,-0.6594995510377917,-2.139210782354661,-2.3267718378668034,-1.2577248247232955,2.041611373884248,-0.030300342680947057,-1.1850563310323559,-0.736133348594322,1.6143722144785504,0.44068305907942057,2.500472011202536,1
2.426976686841403,-1.4150423515866222,0.1700926143498931,-0.9463044936684695,0.35852725829202825,-0.9283007601079645,1.3776418964764885,-0.6686864784933693,0.898955627435382,-0.21014951246298563,0.7449181679804514,0.7912198052292612,-0.698934230509001,2.5821894982371147,-1.073576693764191,-0.644953751772456,1.1313538274339399,0.19271451470667966,-0.7190889290841818,-0.7003592370775814,0.4383421439208113,0.6101262390811081,-0.8812202419110005,-0.321800650917493,0.8452993312419559,1
-0.29121180248847567,-0.23637513032915333,0.028674872018746994,0.4548899463680683,-0.47179980465983984,-1.939112990655722,0.8421425091014817,-0.40906008092098534,0.1981811482880178,0.46150970057665797,0.17012993306605845,-0.30373340533346804,1.8611076530547035,0.1336336231725207,-1.8807922583560277,0.531561602816726,1.2508311526289848,-0.7891937153961419,-1.6167456745085054,-0.35369404120476905,1.109349180307944,1.6788446655912765,0.8568654365307842,0.7739908661327556,-0.2572133381382522,0
-1.2945503101514249,-0.8987551488910263,-0.8712622977570219,-0.11778889995042552,0.1433643309948881,0.6751105127333518,1.8411932547289536,1.3661374858693809,-0.2985889444374477,2.603322389171531,1.3887782822637493,1.5323615247751914,0.5692536682485919,-0.4146440873765082,-1.990404512971299,0.05394099319492275,0.29861006874155555,1.0372412691026773,0.25143779647469344,0.8324383547460811,0.6984870302325712,-0.5964257040853015,-3.9605049765033966,1.5318385751902919,-1.7893533608930108,0
1.7966298154964089,0.7892198911577781,0.5543884876717166,-0.48351940916773695,1.4912115537222326,1.733598094557662,1.5733974313376224,-0.04661607722143524,1.5545022345832082,-2.0072552993668555,1.259816446652446,0.2516848069257135,-2.7458314942853796,2.277065197676439,1.4883949653788782,-1.4048923303560532,-1.7675911230308536,-1.4711926358744694,3.2987989550049113,-1.7817136936637845,-2.972706964740412,0.6137432066631917,-1.555965494035415,-0.6849253110943802,0.29563568299544024,1
-0.165642004872805,-0.4324520985911786,-0.3654359145967928,-2.2331352375587077,-0.16598785210171504,0.6593538485370882,-0.020151122866944315,2.524411936342288,-0.43460771387951636,-1.1332973739208974,0.37924084456432133,-1.1529042439795831,1.6226978861966534,-1.5074841813067996,-1.584049613357236,1.090849248014705,2.375561131119636,1.6718972977542628,-1.2602921922024075,1.2075080560224833,2.1006119510352326,2.8678043629040504,1.529905143658103,1.173410890543269,-0.6836892813244151,1
1.1184192212768478,0.4725366986688612,-1.127626428767209,-1.1693928414423065,0.022813383125719677,0.4332584478113047,-0.22081945155284194,1.3202582793277906,1.328748456490629,-2.202156452450508,0.4355526736160202,-1.1659470676773265,-0.8192308289116835,0.40511671688859185,0.16546018112847394,-0.7673975052776454,-0.6379264215482527,-2.04347353117825,1.4533782989774982,-1.597970020609011,0.9734718001436999,-0.48641352493605866,0.6615139408994613,-1.525373553000388,-0.042848641559655176,1
0.6301465423568196,0.17867235471070275,0.22720731010475093,0.530779327264622,-2.5170525286317633,1.2501155569057014,-0.06252735016045674,-1.1806320500820502,0.5462722562856732,1.4366246801719469,3.51851158063273,1.1799371752034291,1.6217511241582838,1.922085309252498,0.20089017111627583,2.034643016867817,-0.2177250680934713,-0.5566182783336366,-1.022978585532226,-1.7053429803173847,-0.12670906593198866,-0.9394927858757987,-1.810690828865742,-0.835214111549848,-0.8609162767418364,1
0.06680461232376622,1.276004670696004,-1.1693540891525047,-2.0673727235368977,1.264252573510658,0.3576174219250302,0.9568387888289384,-2.1612479474267245,-0.37343766655307836,-0.7309975110607697,-0.23955888676486004,-1.239613642637947,-0.7737623673597678,1.649834779582787,2.290731632426277,2.993063832262624,-1.4687947995670205,-1.2037815350667065,3.348878366867472,0.008886534703445248,1.681016855734977,0.7334151538778958,2.723624117899758,1.4588260117795098,2.118294922099805,1
-1.7117156168490264,0.2094223461113307,0.5551156770754114,0.7659801039313878,-1.6264236272576245,-0.14948248198553088,-0.24044326830089502,-2.7622982110293735,0.5581532496004252,-0.6292126934878853,1.1615313593272547,2.446253799276376,1.6738930669395353,-1.9397363653797823,-1.7098753599665306,0.021564414170306523,1.9602719371490513,-1.2226748800759712,-1.3955241027927354,-0.40199944603487214,0.31443588272565526,-1.728501833824644,-2.76119869151948,0.8499272860865564,1.2130203511880624,0
1.1590264459049793,0.510316503889966,2.234454993639321,0.3055121124753728,0.15945317288899755,0.4487705074323117,-2.9500038330410154,-0.7816372534379339,0.018380057691480434,-1.5632473234256203,1.2829830301306955,-0.33047940469901493,1.5090031303073386,-0.5958899057799848,0.8743089318641051,-1.9510980966882525,1.1163306088791334,-1.5826047917717259,0.5868247271807489,1.579328908343982,-0.3787658141309168,2.8221117889860157,1.3613291259124323,0.6442119556688113,0.4478190469222646,1
-0.4010174656389016,0.4663837996458686,0.24192730636575732,-0.25988542213025223,0.3263558534616877,1.7409876161793716,-0.8309319081380988,1.0925482630881194,0.9473478540301277,-0.7661549232598941,1.228896876148329,0.2996639871630253,-0.20746949829307212,-1.2624299031134343,-0.6520938640422981,-0.4657664086646629,-0.0004570194245495096,0.7400380100864874,-0.8720651395482283,-0.18526572894839738,-0.7956542003432154,-1.046509577409138,-0.2881580576357305,-0.399806466952367,-0.5453028278967509,0
1.1785020570456664,-0.2864994758630957,-0.2727353280352278,0.917725670475515,0.23539945359987746,0.7438109204280947,-0.9822043461860431,0.3700702345823579,1.2483500350674037,0.6087967553732876,-1.0684737335973142,-1.573806393769987,-1.772349991184353,-0.020021348073700818,0.06857604720194033,1.2779622568811722,-0.5971892509335756,-1.5707706706984457,1.1464453789104603,-0.23517649359889442,0.7465722153694373,0.8239980367072014,0.7637296149027826,-1.0438274640474017,1.791128863547445,0
-0.7362547565164834,-1.0266143509195729,-1.308473912704359,0.5629909141443135,-1.5289864727136881,0.29406685226163704,-1.4713678468036968,-0.22930490394115244,0.09443698775271339,-0.24377677901411765,-0.13162526414675324,-0.4361513814680843,-0.03241481916802313,-0.9770365724604795,0.4206858023719152,-1.6748822455024728,0.5658372354714781,-0.7363129871094284,-2.2735262226436674,-2.768675541071555,0.4911597967896496,-1.5028921783340694,-1.0629141433086104,-0.850793729936578,-0.4887058398805963,0
-0.5315764465480309,1.4093112656290554,-0.7574528403547963,1.2516473006760398,-0.28252918887782374,0.22384631147615847,1.0950009671153598,-1.5980465124061722,0.13951777965928525,-0.6045901598636102,0.20708533236942517,1.0544716586658316,1.157050212618971,1.2599863958414224,-1.3993990811525805,0.1587210735468878,-0.11344137133624553,-1.5176361773853577,0.8784260012566316,-0.8735976398463314,0.9776885034503127,-0.8855257912491861,1.8724707386918291,0.6067540563850187,0.8787905620196981,1
-0.3876461588338207,0.955694849212773,1.0355735093998426,-1.2816259026753787,0.26906268791740395,1.436416222303993,-2.9012894976999704,0.42109047922615944,2.0029744599148533,-1.2291357070348425,-3.2692207623841205,-0.3730904412641703,-0.3480694497247845,1.0407583600295638,1.612661074180542,-0.6333016991414027,0.4207429306041778,1.3077655196692628,1.3048625288099611,-0.9893121660329218,0.46276790728190786,-0.8207905780272875,0.530298831523152,0.21338773404829559,0.969465017162477,1
0.7303811825546018,-0.0045717857701834674,-0.7414167517876201,0.12712225614524983,0.46040725201388516,-2.2520032531653618,-0.7298556814246722,0.8544091202106383,-0.9753568403953682,-0.3534284178961038,0.5154953703957692,1.079918882259544,0.5591666964804564,0.5193274748786894,-0.19381582273022097,0.08290697609823028,1.0090276733552443,0.6533929949161567,0.3951512295537059,-0.26470842706898695,2.1498175899366765,1.7687788453968856,-2.1487316759827744,-0.8625147846590502,0.44642227443133664,1
0.7518028658928217,-2.859596848732574,-1.1135054200339316,-0.3151450632317539,-0.1443422152635394,0.044900344683639334,-0.11172793159003191,-0.7254648265433702,-1.5789823196507269,0.24725071163332352,-2.1271833801297286,0.9223669513366378,0.5230410965777929,-0.22199363058446203,0.37393985154516546,0.4904596116622128,0.5850243004955308,-1.2343600790817184,-0.4879702910737088,2.0522549969087938,1.9812888569320692,0.42650982244177366,0.35290752044386126,0.825589659767687,-0.6012761039517474,0
1.7486932296670887,-0.5798828542356718,1.036078783018936,-2.2162745062726863,1.511243188614332,-0.04216602998790864,0.05412595712653967,0.7526647776510029,1.2166686558478,1.7406406618274994,-3.3004606560106815,0.047992661221680666,-0.7459917667394858,1.7918841765718856,0.3824260231435904,-0.8088277684553614,-1.0972467378207416,0.92501407862831,0.8313162706233932,-0.19381052464241247,-0.5653407274625417,1.2422709490863753,2.264485444713737,-1.0516682038596668,-0.6285466277639448,0
-0.048032308555244096,1.3211749212142994,-2.5637865494940177,-2.41424480606601,0.5943154750060714,0.7207872483828639,0.3754336812497906,2.587798024270627,1.6075581080358714,-1.039808473658287,1.5401200185421062,-2.044896377812881,-2.527244277347211,-0.39021449735562674,1.6704881166939416,1.1215335792466887,-0.25196857824947644,2.157880271139372,1.2728428883471976,-1.1356227388496665,1.8207396339431154,0.7245058837695632,-0.10320530866792443,-0.23169874996207024,0.4239492776125603,1
0.776194616680288,0.438576286977708,-0.8985502409485219,-2.3753142399175706,-1.8589585742624775,0.590784383234515,-0.1114359533939091,0.9394140099490843,0.006266156318980087,-1.5699655624891906,0.3051872090663307,-2.1520847030005408,1.3693831056016934,0.490178997911611,-0.10946585062718403,-0.4964252118401553,0.07943225369123062,0.3394802134281576,1.244205466643305,0.5842328143534488,1.160931652282844,0.5219556543889402,0.5250096199685979,-0.7602745610767778,-0.4051219165697042,1
0.9661832793734592,1.7368626025392113,-1.4155870808814242,-0.9708259028730231,0.35472031844771046,-0.17016639119331828,0.2947637417826787,-0.06507597217262084,0.2131852841364662,-0.3552241826833686,0.65906389115651,0.7750418883987373,-2.312585869912395,1.3805735245404567,-1.5706450152493059,0.6018925640845834,-0.43541580741642605,-1.1268354924384698,-0.4510626121501876,-1.041929586258714,-0.19271508680251392,1.4887288945031343,-0.8481173649499087,1.6269829999166214,-0.35415908214552605,1
-1.0166892515599304,0.5540615198036798,1.2780404003531378,-0.4371059082077813,-2.539588781131285,0.1496839549384471,-0.4517229542922936,1.0125187965757205,0.3878418113238239,1.4569282639241732,0.8969889271849026,0.03324624536524623,0.423512871080145,-0.5965213944882028,-3.188566466672691,1.4817545011534197,0.3310157441315522,1.1420241248803444,-1.115430143624388,0.0007129189257339963,0.06129613950436785,0.10887466206648755,0.9749827710910283,-1.1527745630974977,1.1688694392870778,0
2.6872182564910214,0.19831291613204627,0.0009399161823850921,-1.1489801975817797,-0.7099175876262105,-1.6206153856744387,1.1411988598448861,0.2620934544951439,-0.09365932831934332,-0.19978758302063537,0.29024419577730665,-1.515704522033448,0.954875659768869,-1.1888888754289844,-0.36142583342171153,1.5628394877365706,1.097884540143083,0.13779675291374938,1.3993077219193395,-2.438315025851769,1.0172122907088654,0.3249816544440744,1.073522943423899,0.34537624208268236,0.7912180529549256,0
-1.5616308969866988,-1.633209893864938,-0.9936416789394553,0.289710952153165,-1.7006206352299609,-1.3744222078616444,0.7298346356372157,-0.238583581079443,-1.117614415283165,1.1904705346533038,-1.070609168926866,0.7132819527568012,0.3392552525634079,-0.18620943752249622,-1.4953264409803475,0.16564521029286394,0.036206777034066606,0.39532575520590807,-3.1861592553980804,-0.6916774131594892,0.06746625581912191,-0.41342288697668694,0.16715578127444386,-1.7292175421185467,-0.18375995249090887,0
0.2763103983748111,-1.4511252585289276,0.47847851491732407,-1.0426466785090278,-0.4415684080299025,0.36972248884244885,0.0423212716746616,0.8776809223082347,2.2187334497469937,0.7996177191951731,-0.5785222216636521,3.0081089029487984,0.9185423394634092,-1.2402705917601193,0.4048288240600178,0.2566406729482324,1.204487814512527,0.8820598437021645,-0.035365897050098516,1.6599416463349683,1.0628066741203188,-0.3115380784183559,-1.6532058250039594,0.4741736436929356,-2.092739888278663,0
0.1565531619763464,-1.1463406239259069,1.7235818458017984,1.3788526839771547,-0.24109349641609942,-0.02571713594999639,-2.3102132193126237,1.617100732540428,0.8730991144164895,-0.035870908068153295,0.6430784160515959,1.0686779949103011,0.6263471899094674,1.082528674976632,2.672348940319003,-0.6882733035626172,-0.17591278254353374,-0.2020025056778807,1.5072200117716528,-0.40443219432203303,0.24970548826260192,-1.3410618239838827,-1.3178644851339387,0.05138569681626515,-1.6094737132583834,0
1.4249495006067225,-2.2500263398758142,2.4123467032277865,0.8950089910693597,2.387034510075563,-0.07883934926583813,-1.4818184749051646,-0.8938332270940501,0.8811848051014874,-0.5981912220773749,-0.9402636287760493,0.020225283561841112,-2.6603746895577607,-0.6750477764647809,-0.31594234987989833,-2.090367162387956,-1.6608713046377543,2.875240722847217,-0.7223210370617689,-0.7460045147470366,-3.263304121345832,-1.0790254782934192,0.5060434396631784,-1.529394150192069,-1.547210160190198,0
0.8769927502310291,0.9648291718162777,-2.484575588297707,-1.8576334427633665,1.3484099601766535,-1.6083669610715936,2.2400440501394936,0.9367039166016258,-1.2438846234041292,-0.40015098109642205,0.4314405274284466,-0.255864703311768,1.5917783237084029,0.26879667275660774,-0.28065367826262644,0.355253309813667,2.4804964408702066,-1.0441573960698034,-0.7870000139695086,0.41220425299224117,0.6301466299344662,-0.1244655999185238,0.14591651981601655,-1.4084631905744929,0.391304963156084,1
1.3578726004166382,-0.9308360384286095,0.7025202151145679,1.2468872949628602,-0.9960726048874634,0.643900679653848,1.9968832753133228,0.3046082383879188,2.2058839242235715,-1.4952535507781506,0.664916783668715,1.2365796412908299,0.8275032835629728,0.24082725792756754,1.1946822416728895,-0.7855399784565553,0.12164984577665672,-0.9605707786747404,1.2568685366496002,-1.6395494653047107,0.889399639210412,-0.44437628031989745,1.8044549023025127,-0.06700273470796259,1.9337480845711394,1
-0.5186311663965999,-3.0545556338885316,-1.679916454588465,1.6105412979576506,-1.5474625857208129,-0.012386081096072421,-0.18803947854609837,-2.1252082242294796,2.152922904958591,1.780938407784034,0.42440011747221257,-0.7636105915852864,1.9827767776669674,0.5831358893100752,-0.08666354869537418,0.21338300668552446,1.64267995637295,-1.1934926536574704,-0.007919355542136741,-0.44643961774123886,-0.9326622887162731,0.24384026256406977,-0.9887356719886493,0.21573526921124858,-1.252159590300372,0
-1.109987160715932,1.0419508920455796,-0.6562458038107192,-0.3783119230609771,-0.15007871846132992,-2.1368580024811683,4.122325471529133,-0.06342107045588874,-2.6294629042746913,0.6555810616571625,0.9919575358513835,-1.3851927852817973,-0.20970301889967924,-0.41469379767711945,-0.23446866618660667,1.1667519120817489,1.513180425038089,0.7630503196686794,0.0014292809244873944,0.06718529920160901,-0.9312407854111846,-0.09137737577329601,-1.1757558509180353,-0.8466926776474201,1.4063505718529414,1
0.8075509740651347,-0.297712627986079,0.4426091126617406,2.348175789526346,1.7001394309707785,1.111773280046989,1.867049545618314,-1.9247133583631206,0.20099175596216567,0.8068276513232087,-2.35093687802307,-0.7565326432397154,-1.5884414335658776,0.9424372209271789,0.8321846903317939,-1.026103313713335,-0.6264488256174551,0.09904085318300611,-0.45736642099192487,-1.6673156588216385,-1.9549410295351022,-2.766647125928472,0.5546771862602459,-1.3264639887325915,1.1527657443479393,0
0.49726943488482933,-0.8014165872669089,-0.21880429897495257,-1.5204471128392716,1.0308659769789161,-0.38150352250406405,-2.6756893886217887,2.556788731034253,1.8905290206371206,-1.8426068825943238,-0.48648597804421856,0.2949946831000907,-1.2454882371314722,0.7193055896936437,0.8128169283059176,-1.5057523254580927,-0.9651390055367807,-0.6664509931205131,-1.5243294498716007,-2.09501966060194,-0.972562628293013,0.2070375235998064,-1.358542516663459,-0.4789532647776087,2.1141651887357833,0
0.48762990370932113,-1.887922484084631,-0.8967923949676171,1.3174694424708009,-0.670764957743254,-0.8130055255563674,0.41525797365752004,-1.8870030573370378,-0.6797435037988923,0.5605945574979435,0.7788704215583411,0.1761559364386358,3.3307752805933766,0.3826767692153322,-1.857678679655746,0.856334252844906,0.4111282273270005,1.3714255432239242,-0.7690254849210683,-0.26879454120609364,0.5035217976877434,-0.729995738081327,-0.5259419822271829,-0.7279683874332017,1.0144819936091816,0
-1.1729022187284133,0.4651899669001442,-0.37654943011120723,-1.5219607450223043,0.8813352235990226,-1.772049738690022,1.5099076771193727,1.2751538558909923,0.46296736588100074,-0.9615581526398385,-0.2921615489375142,-1.5043255931117754,0.41662625676860315,-1.4026217218149826,3.3061343544389814,1.8097820919699874,0.5236258622542511,0.2792326553576956,1.0578963029972661,-0.7711130674083518,0.8549550729049932,2.5677745115437585,0.5212321053321605,0.32554627533102254,-1.5037380681028998,1
-3.121254741819314,-0.31719777435621643,-0.2739704351430604,0.002056416300593389,-0.9721594538210256,0.889876372910908,2.1200766566114613,0.17243433602851432,0.30890954977901136,0.6200218311392871,-0.06273228600170577,1.2842907433526234,-0.09322133941461026,-0.3112474749920239,-0.14022304659963458,0.10443499542990808,-1.6536347142956451,1.0816072022418062,-1.0984406343071647,0.9127260058988069,-1.274239221991768,-0.613430517678234,-1.0271966013264402,-0.23763400362081044,0.6601718826933474,0
0.523954015139033,1.154376190081311,-2.6431140002152573,-2.0597833164076933,-1.243335280365864,-1.3694455410634567,-1.4684888480204825,-0.4383169210871868,-1.9526045344314242,-0.6527820147971829,-0.9929597183776653,1.263218267837367,0.43221343278951807,1.0933432521829016,2.7001067440961366,2.3390825172240324,0.13424635456367554,0.7448305195258402,0.5179689641724345,-0.3500493171786877,-0.677275844925676,-1.44742808571668,-1.4724654601920784,3.400564263556796,1.3609977321418636,1
-0.1904913951694045,-0.2922550027923996,2.0176987679972305,0.3826670719187192,1.956555854774009,-0.5885142624133963,-1.230069437095604,0.09904346371505901,1.0611760629159983,0.5940789370650174,-1.4183088855573653,1.2764248213391445,0.09721171515984806,-0.027069889830814042,-0.40162193731266516,1.3946741445228406,1.18695637774191,-2.2983763735302247,-0.7445943234523527,-0.2553029934412073,-1.576277546562563,-1.5289326709726465,-0.5499469586682081,1.216947467710824,-0.6840702137514496,0
1.5252374958629802,-1.6890058294931862,1.9240329112689096,-2.232352356130085,1.6391093994448926,0.9953712562561887,-1.9167259666035923,2.560840614551713,0.5022612227101344,-0.8983420371887003,0.9435362544607527,-1.0555909000293566,-2.2534951376900527,1.2241958626342115,1.3472111954009875,0.406910464526859,1.0875810928334877,-0.4787695983026492,1.1123146888680338,0.017932018027599084,1.940468350507253,0.03307097824430161,0.05141468148398265,0.3956826488608842,0.04837223048748343,1
2.464531467241899,1.69683343108444,1.7853590088659819,-1.3051144414663811,-0.6152989473818904,1.8075926673438474,-0.7046809123734603,0.7900013909347599,0.7687950929390261,0.6409659833305095,-0.6916381949113863,-1.3244402531817765,-0.2925194194702937,-0.0528313628711079,0.511546879261439,-1.5778498301038995,-1.0942790004409446,-1.3349991387651456,-1.1121810612248504,-0.7220359818004813,-1.0040831522788631,-0.04862290240714088,-0.8267954077376997,-0.17539153061583293,1.1637345836516917,0
-1.6593399065437908,-2.9983862932332337,0.5193478385852426,0.801911405075735,-0.8610847037261455,-0.20979117653715518,0.3602110901696396,-1.118244574031185,0.2531913983014519,2.588234568965568,-0.5934675519362753,1.4187763444333268,0.1740674593647299,-1.8144988371316162,-0.7193162213757529,0.16599986624332486,-0.13793192619740804,0.48852074957189523,-1.8509498393216433,-0.63446138024784,0.10106114480175421,-0.4965577698370456,1.4215146899302553,-1.759380928405028,-0.5710598761208234,0
-0.6511760582464922,1.472712659977292,-0.8007949230320076,-1.74446315310059,0.8418124960867364,-1.9607449914416875,0.705934051616733,-1.7207700117713507,-2.4136778760691193,0.7475404213493586,1.661845745072461,-0.023562395197564423,-1.24014425651134,-0.28231207834502137,-2.060640178539907,-0.9462004814664291,2.4277781958169555,0.12876242842267327,0.8474905770971354,0.40439810240987034,-0.14199525307578853,0.5701615581833566,1.1137689835151614,0.7953763930223821,-1.7886960151452447,0
-1.6943895479047963,-0.337373850758969,0.7469624756237281,1.8427263058786705,-0.1576898378445779,-0.10757416279910148,0.6156795884655618,-2.1681551180027046,-0.8463710440732296,-0.44507022095510895,0.24644283277041024,0.9504557723587167,1.1642907775965008,1.4538703794263395,-1.1798551345208037,-0.7881688924353185,0.31814184464451634,2.0444266316632715,-2.548057055311472,-1.102246498426485,-0.3865945620657411,-1.2833153910272155,-1.6045045529234345,0.21018927723016212,1.2226119227716616,0
1.211282452423704,-0.794974866819878,-1.6518596243983308,0.35140229425340863,1.8782112783318334,-0.08812384981182149,-0.8119336288246256,0.25629703465056103,0.14277829939204734,1.805851205165867,1.026313208003892,0.5778262310258646,2.3458535520645736,0.39067043327099193,0.6127872463716255,1.997078723840197,-0.6634073308209689,0.7024152139260882,0.1347253962738632,1.8229682206739322,1.7544558358351456,-0.023690018140711033,-0.11663427838861935,-3.211791024684205,-0.8833967958849867,0
-0.36542899148576824,-0.5030406925229585,2.047162822611766,-0.4678379348597801,-0.6210352324353765,-0.6697150996647154,-1.3906763903864472,1.115904493884857,0.9389723233772339,0.07315427406841303,-0.3309593553952931,-0.31021138673879284,-1.2574124467881833,0.4806335406790135,0.11204836991420242,-1.3589916931288906,-0.2812122347662856,0.05974570044939986,-0.06907186351827023,-0.45677283806255253,-0.04720119114540533,-0.37545298075489664,0.8961298306347644,-3.9555758523892566,1.8594594999597374,1
-1.8089863807304762,-2.1197232914868804,-1.582051475712954,1.4126123682452665,-0.2744626994926864,-2.3829089155036765,-0.3935258987632786,-1.1571490007010858,-1.8367401852995937,1.1457763461903154,-1.3394878169486297,0.4138716010516837,-1.7017147506636081,-1.598701282402132,0.4144188225358224,0.8446455710380986,-1.3017960271003228,-0.1853142596443228,-0.004701122547972392,0.3093174332558907,-1.0638633150417074,-1.4474437650444618,-0.8614668496324015,0.09677885368679418,0.8094147702423589,0
1.3176060087523287,-2.23814354271045,-0.409357056507079,0.9717234054380742,0.5316106913469036,0.18388407154576494,-0.21381996012593554,0.9033122065000426,2.1986907289734314,-1.0410227177613298,1.5892323920836302,-1.573952617978534,-0.7883425267184516,-1.5386320377547418,0.31998963589873763,0.05188097350989729,-0.5835100209576424,1.5329451061361181,-1.442476666264338,-1.497905800637976,-0.11149735860634025,0.4441259707369658,-2.578656828200501,0.6489659402920054,0.9196585745122816,0
-0.15775018297306886,-1.0552836652936644,-0.4795997000930441,-0.2882281059863132,-2.167658087486798,1.430027124377471,-0.7462737249166769,1.059244187126221,0.7448887001091573,-2.220655856346769,0.5408898552902406,0.42992127840657757,-0.6667661665042868,1.8300869421494705,0.3126074526369029,0.30430973566806413,-0.12648932783216887,-1.7541586668919331,1.3362425964215907,-2.756730621302111,-0.2906467488410316,-0.02816338696508236,1.2271213916512025,-0.8190475893890821,1.165877969866419,1
0.42931923101941505,-0.6772214208067602,0.905450523828493,0.4500654678389719,0.7255269299891469,0.0006558905995094344,-0.8198628361050186,-0.8740975265929262,1.3539139009416223,0.7556330794455131,-0.03004793087811397,-0.8284279305314068,-3.651711177763936,-0.6778661483181929,0.930148897350128,-0.8251684118796778,-1.18179188434587,-0.9096128025858192,-0.5670030470793177,-0.18657331474789807,0.05918731231638108,1.0983113631515928,1.7608074142443428,-2.16142693215605,2.148239802734662,0
-0.9559745138785897,0.6054857854522318,1.0202209433464622,1.8120736822160617,0.42414538612018005,-0.6222297930316346,-0.8425210715565783,-2.9041041049759553,-0.8095868415848079,0.37295869108368424,-0.0030445052527071637,1.4179039753616265,0.2981415695499201,0.10398855105354876,-2.0417380484426157,0.689726435674967,0.7745921616134577,-0.62640731199255,-1.4064519711668457,0.048200630824583035,0.48692383427873653,-0.1537960548885468,0.07961458292648482,1.1363433076442788,-1.5968662075563027,0
2.473371417519511,0.739038135275619,-1.9142063871643749,-2.3359515692710926,0.6194412337768502,1.3948551428617093,-0.6924531246374035,0.9852724737689325,-1.2755234496224361,-0.3063074628553041,-0.6259972806622112,1.9311390532548254,1.2020012253976287,1.3093686470686512,0.9375002134507033,2.1336288644831845,-1.371754326005911,-0.4709633045965525,-0.7208938861568454,-1.4733546927233723,-0.7901171068136844,2.672852155935593,1.0604771492373064,0.7253404628660959,-0.028981093366199584,1
-2.311418303332357,1.3811449113925724,-0.48783534796161027,0.6896677605734155,0.919503902095096,0.021131143173467204,-0.5448205612882361,-1.8229976350579113,0.039315642743130375,0.21255638292884832,1.2959542022557158,0.8249554472386711,1.370722849847027,0.8909545566164829,-0.6177873965823875,0.2215398176306287,-0.26332157494299546,0.8323172213174086,1.2188995476929325,-0.6637375148232688,-1.5066144737163314,-0.7048452414288502,-0.19355870995056162,-0.2241986409352672,-2.274015678603031,1
-0.8418219635989619,-0.24523435990856435,-0.5506442325810683,-1.2475392632154616,-0.2412024523862923,1.1381493135091487,-0.6200778469148336,1.0100733305859226,-0.1484971750813911,0.7530203756244521,-0.29503065466124717,-1.7214551051513238,2.154806911824261,-2.4501091937760866,2.1702004983741574,2.0665988724042683,-1.2808459361322688,0.7903723095092238,-0.6262297834277945,2.398678991493365,-0.10281585532161952,0.8510424942083368,-0.9940987150267727,-0.9958849027962036,-1.6107481674721673,1
1.774979347988732,1.8476428889211567,-0.9248706630500136,1.0257882656638242,0.005118411219810479,-0.3891278504444189,-0.6680984259049411,0.24382281619352497,-0.3054032319598091,-0.11463042663335365,-0.9399524396928142,0.6020503345870412,-1.6848228565240797,1.5117294500158895,1.0154951548097646,3.154883178293903,-0.8819278458584623,0.5358426126171304,3.4382465044590167,0.17040608162544124,0.7673995467646495,-1.039071239492597,0.592258016836092,0.16372909904899635,0.3464877167800138,1
0.36967280981780903,0.15539054395709634,0.8843361784008376,0.09599345259504233,-1.0483978603392083,2.269095106145516,1.7967171454747948,-1.4895345357455683,3.4764188397452007,-1.102452597815883,-0.6303350807963954,-0.8530904145653919,-2.2903279588686245,0.9700662162712435,0.9509420233668022,-2.014405202777608,0.09121521278289646,0.49092702112554865,0.006771417054488138,0.21617176614017364,-0.3858720834269568,1.239573960724325,-1.6889408197672897,0.6062749050400849,-0.41935599417953157,0
-0.07456552162022112,0.8213746480569767,-0.6169030778115412,0.5468345468881491,1.3081701115110071,0.18790498656558524,0.25872550361792584,-0.5276216075331817,-0.1226678975842157,3.1734938360634524,1.5022935144596097,0.7844305116975232,-0.536328161526918,-0.9448667775421407,-2.1052732319369785,-1.096415465325137,-1.611988712986548,0.33200656669897294,-3.15630902593914,-0.3748068441499456,-0.902700895265963,2.035344434749507,-0.5904469498522504,0.25051984751580403,0.6571642685694223,1
-2.468466729586744,-1.1953592323849438,0.9694775122384517,-0.9614288238518782,0.07673143724134238,-1.551350322942007,-0.5101392297569483,-2.1965566379961508,0.9980615991350742,0.5227180930017117,-3.812491760696008,1.9221505234172263,0.5249603549519661,-0.9768543787847475,-1.1755529903018316,-2.3703748086658254,0.5386671542217375,-0.5769864827695947,-1.4944353863950903,1.6494593607054004,-1.8474998696122598,-1.48578275762786,-2.183881969296055,-1.9880528265023678,3.3911895276394333,0
0.5099963263592521,-1.8934207144592794,0.30863294901568206,0.9410370374629933,1.9898477169667947,0.5479530396800585,-1.175238458844337,-0.33701146148438976,0.22145264683133317,2.312262309883982,-2.0301648674192996,0.872366506112799,0.5480552235369882,3.084281264243424,-1.7627893277225837,-1.907929023667714,-0.9980685459836345,0.4097905501404331,-1.7820513750837128,-0.33760125350592785,-1.9771563100340601,-1.1868082395514918,0.2084262576210485,1.9311606266699766,0.49054242522178626,0
-0.47769465905270014,1.1064975080557635,0.29599797043961285,-1.0186721928445612,-3.3435747658715917,-0.3308649680820141,0.9622181154681417,-1.410555254770315,-0.34084978903127033,-1.2354323325670775,-0.4301539042584295,-0.20993543554977184,0.560366170767259,0.087630822756389,1.1768854962257007,2.8683692262270766,-1.3932176833842502,-1.9293172126869607,1.5869746978970234,2.237424089283604,0.8214785408324752,-0.0077785963056836716,1.252592601378173,0.7563120405581809,-1.379171491174699,1
1.0688473326365175,0.20654781302705355,0.6024564672208627,0.8797404478981196,-0.1918162655720431,-0.4028054177525002,-0.5056281125444088,-2.4225496041823864,1.9925579762811265,2.6195797184666336,1.0881086964725588,1.2105490202408404,0.19847832283089545,-1.800311175828124,0.28959789577316963,-2.641356040654,-0.017410286381721485,-0.946251255466467,-2.8741038093098865,-1.2803309804055207,-0.5474771995887014,-1.7926114753187876,-3.682278528093564,-0.47207972709499724,1.1908879071842704,0
-0.20267760683224406,-1.551661292040368,1.9197038255182333,0.683722023257124,1.1881844202105203,-0.0905701391771817,-0.5391664173937274,0.4398855326565574,0.31937140793665403,0.6787666716246886,-1.222413114560935,1.0171093658926378,-1.1050006639211478,0.8266342824282806,1.3094344849264137,0.018022173907992975,0.07224090086639451,1.5865661408426568,2.6603525249318367,2.1293875295419027,1.2562706481415298,0.8474701799037436,-1.995619429443917,-0.760159969893017,-0.522071378515,0
-0.24966729461174753,2.3535956280629353,0.8175272539047759,-0.9130293989735331,0.9746067261586422,1.306923834048217,0.9171210005808419,-1.7356492893537274,-1.9102929514163538,-3.0538286423321814,-0.8004918341176213,0.5596665569923955,1.0808959459764038,-0.19283472255945702,0.004471544121434634,-0.5274297153035594,0.5182997144704524,-0.7869346344071709,-0.4826156424398833,-2.2276131717121155,0.9524280130947533,1.7085326909252785,1.7229673583294043,1.2139624650585257,-1.0047790389020874,1
-1.031994630973413,2.017295116669228,-0.19279026607253363,0.683474782636577,-1.9754652867802664,0.9897417383906418,0.8711642235276525,-0.7241596809705156,1.4487454386201644,-0.003204043635774992,-0.36742835067102264,0.20496001561042393,2.5775920563274055,0.40823977254553034,-0.6587205972847414,-0.3647729349884754,-3.6163942610225157,-0.3046063083221957,-0.5845550440007383,0.5019285074185265,-2.4389428774111095,-0.002233166480529847,-0.02687497307056757,0.20055823894033104,1.7231553821733572,1
2.864766011882314,1.2287237115471947,0.8130692321291642,-1.1366004617479673,1.3778062837992326,0.12484867079767373,-2.7933008527763685,1.5234914763558653,0.8472772638694357,2.536561007842054,-0.9108992113080246,0.31249741730140657,-0.4135797001492066,2.182055843899042,-0.12584300709772012,1.9961542364755138,-0.5020250898397915,-0.9363885637786673,1.171182447706262,2.30707124017959,-1.2351152499816493,-1.2178118132007063,1.4977646650847198,1.2660692051260938,-0.0708579406398315,1
0.5082977934904191,-2.619572448268208,-1.1027178511343132,0.9776655945174736,-1.5355435137073337,-1.294475032580015,-1.0403616160385345,1.8772608345328612,-1.1496838753792085,-0.6509768715897579,-1.5320267501487734,0.5919278030694002,-3.580046301035105,-1.300704908963276,-0.6704422742279426,1.2604727002941616,0.557749200377446,0.4038232128837751,-1.5729371999675974,1.0560408583192944,-1.1254214225587273,-0.00013240574619627354,-1.1797484404302816,-1.3293907769884954,-0.30723110656806507,0
0.08449888764906949,-0.23868489826518907,0.9100822262126957,1.3629503322584964,2.0133876516586295,-0.3541330179038402,0.30733493447334304,-1.778375733433352,2.1903264039780024,0.5973038050083194,-0.9634143412706871,1.6553067239839185,0.43157413228993247,-0.9504247110981761,0.2574235969721642,0.2455427869094261,-0.7737344829210192,1.6153798119889744,-0.5589716986458091,2.3794626554785907,-1.8442288785988223,-1.1649055896737828,1.8705376858402047,-1.1530287826032848,1.2465247293629917,0
-1.044622102881074,-1.9406028091693541,-0.37993831765645164,-0.19459134415127188,-0.38142232934287734,0.8352256603519339,0.35729609573909005,-0.41942691153678935,1.101429638370703,1.0327315574406808,0.19231773914324324,-0.16597039051199702,-0.019225506127811223,-0.9655728560582857,-0.3445804223222144,0.13989652490375548,1.9678821942320377,1.3875737588383896,-1.8455534210548479,0.5598738588670953,-2.491323700156967,-1.1859239427510806,0.3267188145103647,1.9354274350727718,0.5129777702062863,0
0.34995792266387293,1.1195254210091166,2.0598709210076005,0.9485715728858107,-0.7251496200992121,-0.28267201369554124,2.0545407283217036,0.4249408500319818,-0.208114903336411,-0.6267981979027887,1.8507401898308171,-0.5385709941045451,-0.32994233525059813,-1.6679607716641147,-0.1018380509164305,0.2709108654370269,-0.8926157764361359,1.4158305771292754,0.211566388001106,-1.6282167676108137,-0.9553479252522454,0.8165807164707855,3.53032411509335,0.9402705454041029,-0.829042059482163,1
-0.9260697869974582,-1.508545474212126,-0.9726265326007593,0.5609835690886601,-0.24800777135121876,-3.6352815252996864,-1.1973382464954438,-0.1760414473940169,1.1779697370317899,2.105394808759305,1.0656940959940397,1.3885081739566996,2.889038487787937,-0.3115798358203854,-1.2376828733359182,2.3348767371918884,1.9530325288057515,-0.6214620714454854,-0.7392028435447334,0.09418069921456862,-0.40589662584766983,-0.7225571031199943,-1.8637390947075092,-1.1940584446993656,1.1477181205032339,0
2.061893654566291,0.8246634112549307,-1.1478569657150601,-1.4612182060272305,0.9893753546324494,-1.8673046606439465,-1.738953692146013,3.2297257223677036,1.8905135544727683,-1.080054924494081,0.36212413566956186,-0.7883289635588921,0.15034812149201238,-0.47161594174621635,0.6003278716037521,-0.44239455285114265,0.12924958291938354,-2.4877890025715215,0.33624458592537143,-0.20728802163143784,0.2956534824462218,0.025066687113250774,1.590475775704315,-0.2903022796041689,-0.026463219796292625,0
2.1077967667642117,-0.6482694854320923,0.12851020825961473,-1.432621327463547,0.6968057509686871,-2.111473441068406,0.8444900042680572,0.7657804359322655,1.2374834713240361,-0.2660992741566029,-1.128398515412714,-0.7438762913435618,-1.8623089411256815,-0.8501861428938112,1.8047599110658552,1.2106275539451858,-0.5313961281006004,0.3180273700263959,-0.45206239798765047,0.0873981809364397,0.08005479479388133,1.9020853535377156,1.5878362834772237,-1.866482119064976,-1.9938869062193043,1
-2.018811611542235,1.0432465739631942,-0.21820445658615084,0.38756061971976974,0.47874405401228204,-0.0411287644025278,-0.6199547530188765,2.13581028036568,1.4455431682219886,0.36673717940599315,1.9077428581380986,0.16712637611463385,2.560195139537404,-2.015079760346558,-0.19433545016645068,0.20596317803156589,0.028787761405682732,-0.48934243219388285,-0.05814386149310066,0.9924037515417096,0.7038741689334859,1.5390673358521805,-0.2025451661840653,-0.09662355709472303,-1.6209868082113368,0
-0.32602494780210656,0.784057391396597,1.2013463474387724,-0.980877647716154,0.09719399067583556,0.8824622571742052,-2.274552728278408,0.28251481410312523,-1.4360922390332267,2.826449891338077,-1.841578753834502,0.5671148877408824,-0.461215429762056,-0.5122103275307397,-0.8406924688080246,1.4175922858614405,0.2041054900569669,-1.5954172332593706,2.439369470137075,-0.574317032176772,0.8601593720109678,0.8103744675433353,-0.5826735142257697,-0.8945020193432738,1.2425368340783052,0
0.930866337395622,-0.644381639888736,0.09666785997518205,-0.11033285103304591,1.1621046408832616,-0.7730528266107128,1.2670033803837144,0.2485004638649455,1.2389282861500106,-0.1833179186818168,1.4124988638307776,-1.073900276057076,-0.3661038868347045,-0.7824278748059881,-1.1904457707771634,-0.06304563864789914,0.4840921971567079,1.9626897311086038,-1.6340492531927362,-0.042882222578398466,-0.8351959479952449,2.6877300529520927,-3.323074821098743,0.8237188206824159,-2.743878106003046,0
0.09077788980489078,1.4751927256645827,1.8713237628864041,1.656188646088364,1.1622276540318928,-0.8319929230222132,-2.391157180085427,1.3257231473889903,1.423091495564011,-0.08815046852669389,2.802557697697236,0.10848953522635696,0.5845221115331949,-1.5686824739390002,0.7616477279162687,-1.397605910404517,-0.8386185924260374,-0.5362973930240433,-0.8285958344315728,0.12542297059605745,-0.4659139554854673,-0.9250792768938846,-0.4166004894415132,1.0421113286641184,1.5167661357565736,0
2.1778006482621004,-1.6120676970161216,0.61008908348516,0.24247611513808343,-0.548340380074846,0.3812671784403525,0.4767699685744702,-0.49641556240146284,0.2479418347383956,-0.6604858882734742,1.8338655247594087,-1.1943458443028299,0.2484586665203954,1.1208661475399309,0.09531712853419116,-0.9298801903344219,0.8981544713623816,1.3231893077147334,-0.1380077525755965,-3.6648136056673453,-1.697200455625337,0.008272274945101521,1.7641104322380592,-1.642166647810914,0.6184711832474876,1
2.0963475861044105,-2.7059735099703457,1.5426106129077573,0.8101176145949763,-3.511345080889013,1.4966988855232999,1.2437308844092398,-1.1518960339313191,-0.5763603529265796,-0.26736478930901053,-1.1898097641844285,-0.6719442271119618,-1.0987478682396583,0.5369839384395876,0.06719607124648097,-0.5691357154470682,-2.027237814390998,-0.14625712358714382,-2.4144062465590275,-0.9103069808162711,1.3129195421498594,-1.6698433682479141,-1.059259629707259,-0.9691070358517677,-1.337159275152209,0
-0.348393576065558,0.898631703212835,1.1794510364357778,0.22017179268164325,1.2023638492516016,0.36998380025607747,-0.1872354514820848,-0.11341470724573732,3.17158780221705,-0.14501036470481182,-0.31168525393405566,-0.5580483602164302,-0.3396060718191273,0.05502398715985157,0.41508449938479935,0.5874910371608305,-0.746110172134634,0.8545416631628432,-0.42865323399092425,-2.2617391732357945,-0.08984104658833947,0.8620869133778487,-1.1896010026992065,-0.4028198639501172,1.2766003115332116,1
-1.0105150906282026,-1.7986937316444518,-0.2385577297001515,-0.3254959739719248,0.44940777712016305,-0.08674785293705245,0.9479611795732275,1.057449718056083,-1.9453876795896357,0.6238582759390627,-0.5494556659453269,0.16929362507259,1.5046965733273787,-0.17904910318360623,-0.39702567250044335,0.07288230693343362,0.7619095935001065,-1.3600067649385457,-0.41557922633282407,-0.3655224587656989,1.100620844852962,0.4422730744684048,-0.6885948106901275,0.7117542299561639,0.32104159417196965,0
-2.194871875862054,-0.0158833425180277,-1.6004353788453427,0.7608457703904906,1.9287215276456942,-0.4360647220851392,-1.5663965158557203,-0.228644110193916,0.02747660189814327,0.07350212030414982,0.5132092623171335,2.207995264352387,-0.18161912214296438,-0.2863911192852152,-0.24294472008701729,-1.2533197395050486,-0.07704234129834342,0.46444320647704146,0.7564772813591427,1.0955202842615845,0.6659499052738254,-0.05825130905036138,0.2770034758436425,0.9110083031989533,-0.17432432639541007,0
-0.6797165771288313,-0.33911372485566177,0.30861662513535365,-0.08290202964631621,-0.7291201969636569,-2.823980661635436,0.9295992033474311,-0.9054677188522255,-1.0246218146263808,0.7279176879368627,3.2351957904169555,1.943948266777262,1.0002748346927088,-1.04716954612851,-1.2756113522238126,-1.7838711182031572,-0.6487406519209102,0.8841457091387912,1.8421732985632464,-0.2751614122411473,1.0292509125135254,-1.3953538405933277,-2.1168863200379917,-1.0115161923198246,-1.1437550188393044,0
-0.3183581926585058,1.426922763996783,0.45360675462611144,-0.4208346872243705,-1.3203263548622302,-1.0506048180618157,-0.6613198366461414,-0.832613586231412,0.4128892051862121,1.3944063239368527,1.2916548136431878,0.1763129423410319,-0.44127142878180303,-2.6724456334731346,-1.6725401071688415,-0.7722198245380876,2.0872203776091287,0.9100595435418257,1.5004915728611117,1.8523848209610678,1.346945963213155,0.47843155103753077,0.9861931263537136,1.6748202534200938,-1.1743015827773537,1
-1.7637496763751674,-1.1757379746892729,1.725418637580027,-0.9429840303680579,-1.8554193735323923,-1.3079723042986153,1.3927488868602038,-2.018255751010061,-0.8758257478920812,-0.4227432072735936,-0.201329183759843,0.2248289613674188,0.23432671666113553,-0.6735097499897902,0.7272050675642953,1.3674320804166835,2.0744749567080665,0.5935683297570713,-0.1451898769534714,0.12075901755422352,-1.050432767485712,0.35644886339798953,-0.24731838488191304,-1.4847765082742042,-0.9148482136954679,0
-0.8369367476199021,-0.7893234271905358,0.3805692189380897,1.1768424989559012,0.008944531291843583,1.0586115934986888,-0.8937539800333114,-0.9680990322622367,1.536782620251761,1.0700622233358548,0.5834348147254864,1.455171419706165,-0.8847718984581135,-1.573744629099584,-0.3662359280614941,-2.837527277941749,1.564838999647855,2.0786246011579292,0.027037806042700785,-0.02785598398469183,-1.0063858736349798,-1.7943906869302442,-1.711143824030413,-0.2736739370484005,-0.926643456932429,0
0.9705780845585338,0.482484362873035,-0.05136296386011438,0.7714735687148042,1.54934563556018,-0.39334028263199056,0.2983433929536873,1.679866751820971,0.13692085643458224,0.8755799691797903,1.2506786701426096,-1.4414853769270346,-0.9332933309665734,-0.7949370971947485,0.03126862510231876,0.357163648788266,-0.10107447437298067,-0.3429318665450366,-0.6100330153372056,-0.17728760245821995,-0.03082687707135956,-1.7984419183117963,-0.4486470630252746,0.28574296663403964,1.9897604722964113,1
-1.4552039801918566,-0.8364416177770886,0.0010051920803100835,0.9254084820551869,0.8508367986223535,2.3049477854366627,-2.0162238457418256,0.620312010580787,-0.2527029385654821,1.014994496714381,-1.172734561334237,-1.1129455291659005,0.6903816785135932,-1.4731734791854532,-0.08454558011180348,0.6526861546080408,-1.47068512505205,-3.294905828175908,0.28088700666425,0.7667454981613545,0.007784228192100784,0.29489875528173537,-0.9584024673533091,-1.0153434677342856,-2.8656835202905193,0
0.14619223123322825,-0.4106768533712861,-1.868154533421009,0.869166242010458,-0.8332459896791282,-0.4740433248415702,0.8251501214114134,-1.8214042921778035,0.5817112914214955,-1.6108752218324243,0.9859156756689184,-0.834756050873841,1.97072909338334,-0.9031916207164948,1.6184843546647345,1.955192830246969,-1.340020181428887,0.5231712817467594,2.0578954564060257,0.42308949724816647,-0.7724430437229555,-0.5509907180714122,0.01835477431515231,0.48338206815799156,-0.01704237630401384,1
0.36946285810409585,1.580398297991017,-1.5337443278443963,2.5567105135668773,0.2696290002423037,2.78710515448152,0.5951870492873412,0.08374679712872717,0.5415075273751652,-0.9980831117992377,-0.03948547558678539,0.4689528295139021,0.06844179222560087,2.7423733283252765,-0.981037683874419,0.2973997829615447,-2.039507514885935,-0.2679138893777561,-0.6388072957119606,0.4239010648903545,-1.19739475567747,-0.47797254172918036,1.3989723011265656,0.4161803190737379,2.0955030883514154,1
0.17780426972577856,1.6100491719115786,1.0309513185447818,-1.0604839829078645,1.7155557099699905,2.0301620713280686,-0.7598469200439782,-0.45090890898011315,1.8963190430213808,0.616809078918272,-2.14939559456411,-0.5496231449563117,-0.41468964338039827,0.10378210205420224,1.570538142422683,-1.584859024358425,0.9223590496616628,0.05133096770398482,0.17675493109532564,-1.84511048024609,0.01430223588108226,0.31704919565462986,0.9746911490827754,-0.24770151160118012,2.256147431434438,1
0.7185327505589404,0.42110023759523796,-1.2753977790323132,-0.39021168148375535,-0.2083765837039866,-1.2048326078217704,0.18348841430586932,0.1815983834837117,-2.089720976220265,0.5469708986929517,-0.6862547037866672,1.500994882615451,0.586259007399133,-0.30910937574592334,-0.06224334077130751,1.8226513440913747,-0.46073916317634805,-1.2416566064592727,-0.6312716698846312,0.21555489671633,0.49747253545597914,3.972226492492204,-0.6098684293575263,0.9053296478386198,0.8494329838039012,1
1.1015262151556064,0.6771826167035169,-0.37226489264689694,0.774724896123745,0.28078122819558304,-2.6502523967829754,0.7112588029768423,-2.3727873105736688,0.34711073928830616,-1.0414059037300707,-0.9286428467023076,-0.75621057992158,0.3688567979067405,-2.313654852381431,-1.1532185917987872,1.4198282358722398,1.1383302938138609,1.050584465991874,-1.4009943272854906,-0.614790984318695,-0.33755546454389795,0.01375187240565684,0.6668670450331736,-0.01649130588409109,1.1459964361179473,1
-2.1281200493468746,-9.511619699076324e-05,0.2729685434043696,0.2511825461581275,1.8346346275873684,0.42564743090641777,-0.004305855483065307,-1.056171364973519,0.044929905649035984,-0.10800376258443675,1.950678022849023,-3.9028854863905824,0.20468784259241568,1.3156000197733229,-0.9477936941426972,3.810707647918754,-1.1774227447619312,0.5347544226345784,-0.13973791014625236,-0.6815049978683407,0.957837862702813,0.2623596101740435,2.100734029372696,-0.1277167817389761,-0.4788123576577886,1
-0.16194408195612808,3.8558847999627965,-0.06664491641206283,1.0013663388858163,-0.06203294915466373,-0.8408055503452337,0.8053964720110057,0.5214946255842012,-1.5610008096647887,-2.1263174807771263,2.963773988908253,1.298334089558118,0.6460554485240371,1.579349556762073,0.045982617583351204,1.5662801565150404,-0.7251119625397218,-1.3804078656873746,0.17314870095405116,-0.035232294689885826,1.0385653656628335,-0.9204293106704756,2.631065269566975,-1.2633344927366017,1.1275233922568555,1
0.008909613737503319,0.0069717196021558125,-0.30615493675206495,-1.435906677584522,2.3066934641657983,3.0903187861449943,-1.3612148670263464,1.0601122343632121,0.2154218769998706,-0.5149722726413162,0.09910451299781375,-2.1394111609908144,-0.15254969594232826,-0.26297431710765307,1.543726236654325,-1.7032546844823446,-1.4729781561587674,1.489901153745018,-0.20752788472128864,1.6593351495899176,-0.004705005915220939,0.2212811350095326,0.01579114725637276,-2.7545244961424005,-0.7009432468156619,1
0.7466476253295431,0.32817606116766324,0.019431202911220025,0.2322277190840784,-1.37448098275414,-1.3826270237138938,-0.8410147090334223,2.053988823866275,-1.0163818254638,0.7325866373784744,0.3616542508763313,-0.08624341432660998,0.7938389346199405,-1.6786459806451335,2.6363805458492204,1.4625945419765678,1.07593673633807,-1.0267265499949119,0.4761932821243837,-0.7533962738211442,-0.24323001404161748,1.40692142495526,-0.5318573286986896,3.573293533480583,0.7452987894914239,1
1.195468656310179,-0.6004842471377163,1.0168909842823175,2.3230060366218024,1.733479519155178,0.19397804848589548,-0.32411888618898493,0.204593658259988,1.8226270759301557,-1.7831244899174847,0.7017579380822717,-1.4649481562960318,-0.579702902330059,0.01895008721089142,-1.3204688112836642,-1.358854558418272,0.7141954316330115,-1.7812842912583,0.4085705086605561,-0.28869345961824333,-0.22096285776601024,-0.8418821160089327,0.4807581809542717,0.16651552949093607,0.01888725862916496,1
-0.07797802302169732,-0.2321263171970509,-0.4707265264884383,-0.6744396717311764,2.33326521933036,1.7881199120406068,1.7291156356161275,1.1846076327068635,-0.30325846008381474,-0.8738299908559326,-1.3629537699361591,-1.2863734806387774,-1.2461208206511039,1.8737835317447096,-1.180799093072134,0.6062420979726865,-2.062227986996051,0.6516865034852068,0.1566879531464166,-0.4717696537291537,1.1582187871727718,0.6086873005273947,3.0398869889659057,0.23231461994505115,0.17074100210642473,1
-2.086814318423189,-1.4029066657579152,0.029094493041683267,-0.14572139317518207,0.29716904153063384,0.5583648606163624,0.8049354924220585,1.6904367860277885,-1.9434399094637431,-0.5832267009711303,-0.34106935635312885,-1.8271909270554587,3.091027527572364,1.3494596756886128,0.4114971580273327,1.3088754457168987,-0.8374943874408843,1.043680940988787,0.6860608744289307,-0.30269038530805614,0.03381230131806967,-0.243832702665719,-0.14471231347860547,0.6084094753245461,-2.196205787266685,0
1.6749188217976716,-0.09096470897552231,1.45801495355558,0.650970035911864,0.5448957870966117,0.6133114396228654,2.1961257102100804,2.3916894792125394,3.1886767995551697,-0.11642131930961355,0.9745884391938441,-1.971722949236642,-2.2027050236850116,1.2874051621177274,0.21712365842656461,-0.6747467888903689,1.2594942970586764,1.0746796560977947,-1.9411853217965982,-0.25192641151223455,-0.4863219354037488,-1.8015624386500873,1.831845321705089,-0.05463925309091403,1.936215139696785,1
-1.02100546426169,-2.468763940273814,2.0142105138191857,-1.6924075225795814,0.8599898941065194,1.119275503191312,-0.1688326241813346,0.2890524072567588,0.4058654497956178,-0.5837155453211346,-1.7415796343033385,-1.2068255517555722,-0.9392985183455724,0.10237235284774436,1.4528690411580079,-0.986681981444973,2.199550595242082,0.23382760577339173,0.34205307132547236,3.60485876259964,-1.4134906138723942,-0.8743962066376764,-0.5325273822078268,0.5015123001789317,-3.3737991083789494,0
-0.7745456974613472,-1.7385991248652055,-1.6378984818268956,1.4620607805786214,1.17733138539592,-0.5426239422632702,-2.162579067987951,1.4777035203688085,-1.6477421492397737,-1.7585686761185821,0.17671021900098433,0.8519460383194848,0.5852847065862612,-1.81393570861052,-0.32094616483401905,2.247803657898962,0.7866340593240806,-1.308572069529366,-0.07984836738303425,0.468491475304315,-0.47224547809414885,-1.0553877831169802,1.4431266874000641,0.5659194434023962,0.31687009618542916,0
-1.4308983987157033,-0.010022938094123357,-1.5584464184745008,-0.9395320010353436,0.5631071281408024,-0.21707231466794266,-1.47567131359872,1.1094510830788702,0.6831828479066793,0.47762489385596907,-0.9728797445486638,-2.7371745203222875,0.538565646151527,-2.772434812677848,-1.38255850991648,1.1951655418564446,0.5424642671131754,0.8532944963124257,-0.5709584276832882,-0.6824262717128028,0.1473055635648819,-0.8024817747753068,0.07495084120077355,-1.4612520786469911,-0.5676302879861748,0
-0.3191765492000021,1.261289544510067,-0.9776656354204853,-0.9048599278147398,-0.5366069019311476,-2.093455959776194,0.2733190283939606,-0.6724524812856667,-0.6901112599702495,-0.7867419308747201,0.7032953617301269,1.0291226633489845,-0.41596439977439936,1.5319620980866866,0.1513695043341372,-1.097692966638796,0.8217935385845844,-0.5230482679924822,-0.6282652710561678,-0.6757919529340541,-1.1496689888214116,0.015957182494899524,0.3099437029670916,-0.3387101028823044,1.5588237464537547,1
-1.2392833804702217,0.2017532465962964,-1.2326193101336358,0.18220463244954863,1.4382537137029825,0.5581316652636208,0.48064270285457167,0.16472351272408114,0.945560603983576,-0.908308169303449,-1.8996655977122072,-0.5660319185851221,-0.08342490761984184,0.6020856402617701,-0.7276666674579912,1.7369473104086746,-0.6254188611423139,1.7250851634242206,-0.868106406412575,-1.6934536731673502,-0.7542187368086501,-0.977034978919253,-3.508750707714339,0.5626569439253727,0.8674063487837882,1
-0.61261506761579,0.8411759919337543,-0.4494889228988705,2.693951338109127,-1.8627499646294514,-2.3407491809691447,0.1524097688845545,-2.6871514255589686,0.0034561535284322875,0.47558791318718135,2.9069004947141237,2.632796797565586,1.2056779715872672,-1.9536122558859854,-1.2628596421307519,-1.9650994022363886,-1.2654327706094601,1.476265060687624,-1.5163144062244047,-2.317751550438883,0.14163808387256743,2.252269830176619,-1.0489156614421444,0.19979182709879234,0.7698121367024158,0
1.1384665055833123,-1.6241434241191537,0.1557093264576329,-0.8318475314930749,1.3634388091662915,1.4273446481309247,0.07828141537903066,0.014336860149215758,-0.7862496405609477,0.2572976017672812,0.9383428576019925,-0.07594601969582426,-1.2741470643976616,1.1523135951259107,2.5250523092202464,0.09588670928229054,-0.5915031079560845,-0.12897714041473496,-1.038658489458516,1.5380718174430383,1.2672719199160107,-0.6791754227237139,-0.05616719264514963,-0.8123125206209749,0.71947633502747,0
-2.5022319497821006,-2.385776060403134,1.2595318949415402,0.22812513658975858,-0.10501021135148503,1.3037573454389046,0.2645497883170723,-0.23590526566376258,0.5096950543539757,-0.20087303294140246,0.9603953586548677,1.1250617176151347,0.5791974147618127,0.09746772081686625,1.3092094998490766,-1.1937094054398907,0.7035272691199633,0.06617671017995086,-0.7554200110177598,0.10849284776857739,-0.6918623068860884,-0.7825856736772856,0.7974347478082322,0.7314199454132712,-0.5628580134147132,0
-0.920735906771901,1.492176610363674,-1.4707653162572902,0.8909119347065443,0.18960003909743117,0.937645329643704,-0.41877227062757905,1.8548079253910814,-1.0641461868391349,-0.8487566313938065,0.29220832166618765,1.4903285856549737,0.9768047133525994,-1.4252368437615281,-1.514525106398595,0.7168627473770977,-0.2741120687160382,-0.12422069908237171,2.0013887469663545,0.0257266988281889,0.8114079675548527,1.997058219416,-0.10441571394355792,-0.8547851944250413,-2.3557648147208603,0
-1.3644889276369423,0.9440150151399599,1.233055544587815,-0.5412492052869038,0.0012291917901418037,0.11268645889795982,0.2954895356234448,-0.06576842271687022,0.8156545607400817,-0.38484582943799817,0.448350978090096,-0.9503071361303681,-0.7016731109824008,1.3812640757386876,-0.7574692915674315,0.7909532203659873,2.0248017432943026,0.4331227810369145,-2.6196080895463765,-0.2947347475226534,-0.32482496535199235,0.13817385070780952,-0.11400688704898998,1.3307528408472096,-0.9348988305489766,1
-0.952989822277693,-1.0880399706553496,1.2214287092745624,2.185040723438363,1.6461959183511854,1.1377162266479262,0.9812106000429976,0.00584428265206538,0.44624841132211884,0.41200024971977484,-1.0361592450855386,0.45199220207003477,1.5523462898430633,0.3099087254366937,-1.2364192031799315,-1.7880413294713162,0.03364900999245632,1.057931450001905,-0.5709242880950637,-0.18279385338951107,-0.5381291296708532,0.11387786807980838,-0.41422205613460494,0.7886893579688676,-1.2567666039229644,0
0.3026637015270286,0.022528873832411644,-0.34866978710439633,-0.28588935064316745,-0.7642118898568336,0.17994062566854008,-0.7672980758006731,-0.58889939383775,1.0665190485608678,0.8523821229190636,-1.65164619788036,-0.7515614035701359,1.641872606923944,-1.7121198869784533,-1.479287194227667,0.3305379364577653,-0.2187631193338575,-0.583435879468895,-1.3050816187467755,0.8208978698125764,-1.2819113003308367,0.6892295486548772,-1.688122456581799,1.286531915777212,0.08388754848951319,0
1.9819134510615308,0.5751222569527232,-1.5879518873195784,-0.41313340759963396,-2.153508251222374,-0.25155354136198954,0.1863291649681786,1.960408027429896,0.4473361466253241,0.26046045612360713,1.7426654123966272,-1.579124023835529,-0.5096329541004838,-1.8568720605341678,0.9619220418972432,1.248789635731479,0.7768353699293358,-2.032984356206905,0.6352117925034103,-0.8324288933832905,-0.4634540949323749,3.402325814685187,1.7233482884197628,-0.52977385266719,0.8299207445107353,1
0.5452652414588594,0.009099996008366792,1.7762962006359326,0.4824328358371955,0.6016177875691943,0.05540373790662334,-0.30391838278125216,2.4717887222632315,2.3243967319073753,0.7656230978878944,0.5498144697122028,-0.38704771312444486,-1.463503165750529,0.8815698050557785,3.893289372051842,-0.7845791634848551,1.177784515507461,0.13398894579158138,-0.9827176973790077,0.04768135854153849,-1.25488944391545,-0.9999347635725288,1.352386467957237,-0.772557708187375,-0.027083668545546613,1
0.07460469158626873,-1.7297451389194503,1.3677320001964417,1.0112629532963082,-1.3709697139027515,0.9694621272849415,-0.6818752621476203,-1.915719060589713,2.2752562807249315,-1.2542289626579681,-0.05801373448690761,-0.27602708787784297,-0.536784775003211,-0.4838573645286799,-2.413746590899359,-0.9402037750091051,0.4444612802901683,-0.2818157455556414,-2.0258466390525127,-0.7896313127347792,0.2708311473542049,-1.414655281341818,1.53530505119028,1.4001324488377263,0.5068706323877763,1
-0.6410286896835602,-0.7320408235726532,0.010984651932122391,-1.4792215046328923,-0.09091984835542721,1.316631028015275,-0.32696370718369183,2.7792023568504898,0.7836598717835785,0.5727710947521663,1.2898127388134564,-0.11998495279841209,-0.4101313234367986,1.1693326135815398,-1.5988123399326502,0.32999098254182935,-1.3511343064927974,-0.5997920529603213,-1.1956228926701433,-0.6376248513476481,0.020997866983290092,-0.4059343382667536,-0.7502045203426955,-1.829632259543568,-0.2802866415815686,0
1.6088275179569118,0.567164303732686,1.2397418752009108,-0.45706475073317077,-0.27500031351053883,-0.8125072714280321,0.7274549484693512,-1.8546637287209673,0.5370087221654143,-2.142583808708082,-0.9089119033970019,-2.0767601778048763,1.5322016882062228,2.779460218433209,1.7968715895722105,-0.4248034505714622,-1.785922153470344,0.08557235275936803,-0.7514589124072366,-2.9887475222591404,-0.5730327605100176,-1.693441772623706,2.6281323740501152,-0.6932809317767886,-0.15999552383528537,1
-0.1276927671584035,2.0061573048670294,1.0656542158203375,2.9555572439144204,-0.9446389653692773,-0.8094388443401315,0.664941486214514,-1.463591380456696,-0.7326422735915872,1.8806185723036333,0.6848664036656887,0.6234165249872694,-2.422833167816655,-0.4954494269319726,-0.17258604218044915,-1.8319680500492102,-2.403250977764744,1.5739444654543515,-1.4320781956702784,-0.08017705379259965,0.2954135755701326,-2.569372363258967,1.2011488520730529,0.3845256714470219,1.4106531917287373,1
0.5669484899318269,0.2950986372734607,-0.3636621058163275,0.05061412565803125,-1.2088649373186948,-0.6630940900546578,-0.24884126043275806,1.1604061667588255,1.024527023121998,-0.41998082575943163,0.07157933384445636,-0.5967805083746374,-1.3629226599476445,-0.6704941277989114,1.4974724270283235,-0.47968131075941367,-0.10077341501511483,-0.35325189727204653,0.9666582293878359,-0.2655050189386389,-1.9257735504926194,0.8928387125758795,-0.2136427958477647,0.557812280371802,0.9806299385747411,0
0.7336096466591224,0.8930023496997626,0.06908769373723,1.1830337045418486,-1.058154668602708,0.4639635336974247,0.5657746642378598,0.20265241971014047,0.49395085927795357,-0.954761794083795,0.057504696017434354,1.7081829219853335,1.9612866024631948,2.849941871928031,-0.8897165685311268,-1.2507464973623297,-2.0402683490229583,0.24169605210683445,-2.199265339831641,-1.5674268496811232,0.1945721045494602,0.40616570096490423,-0.18417149344010675,-0.9400613866262136,0.5305116653579118,1
1.1652531447867562,-1.243908322214397,-0.1989841272571572,1.1973893669735496,-1.6441045055341879,0.5180742685905114,-2.24780741585702,2.9112422466111254,-1.1054012671621791,0.8333942562654483,-0.9167458732040416,-0.6033022358764272,-1.557014950759389,-1.7956537662556191,0.5761963818371935,0.974502799920125,0.22262838934898857,-1.2569873899921453,1.9183522306708638,0.7139011027913413,-0.29957704170025234,1.7557479742784161,-0.005808178047249812,0.38470196114383887,-0.8227700098052395,0
-0.19494185297074018,0.1458453878432996,0.18644855737756133,1.1837601197968792,0.4308299597858727,-0.3467512586956036,1.1300093572085985,-3.0284329436865267,-1.0388815360782042,3.6745338081159487,-0.11951872100866046,-0.4437679065808475,-0.3975719429962121,-0.10537690995710497,-0.8736797856961311,-0.24892054046986029,-0.22392915058189347,0.0067296018296010285,-0.9729236444282161,0.532532806216159,-1.0451604142376312,-0.19157788591701264,-0.42975097822440605,-0.5736084405120294,-1.7288280488571481,1
0.8926720584634834,-0.3720100312884293,1.802951065746266,0.7312700865655414,1.1015685366301844,1.8638650643196129,0.09525154466390534,1.2289096798284342,0.5732762734692036,2.0564194179546775,-0.8054219685461281,0.07362308950858401,0.8914425068803216,2.0915170226276407,0.6394171962805034,-0.0428367155832724,1.5395208782604322,-1.5153082329750696,-0.035964066622537705,0.7352175268128404,-1.667804609717196,0.09234819091855895,-0.25085411118751955,0.03906010935326609,-0.5176097751978184,0
1.8111729252603843,1.2666318987772598,-0.8054149775483632,-1.2577922649553683,-0.6760854197005493,0.33307096330884584,-0.4508219681307707,-0.7117115973053111,0.6596900364038792,0.9334180460221988,0.4544692859379022,0.871219833613486,1.312363362537291,0.8672884414915567,-1.957394980458563,-2.006404847777929,-1.5828931729226792,0.017234106787217762,-0.5293704245248045,-0.6531548176383247,-0.1363118446778489,-1.8754795962995696,1.0929295385717117,1.1608863942337515,0.8886013573779155,0
0.11525557467837655,-1.7494046725640984,3.455215536873925,-0.12828931490145284,0.34242217124981633,-0.6981730792754831,0.3573050050587746,1.0123314109696282,2.9012616852301605,-1.0047085893449912,-3.614126941108288,0.02884491952842627,-0.11711006402673085,1.2274013432204756,-0.404525690402193,0.4227241209109889,-2.4721326900109273,-0.4603919257816339,-0.15331574189788078,0.24169539667593487,0.771394185797319,-0.06833223874697802,0.49419171467476075,-0.966237471762333,2.420327578827277,0
1.9461661508664974,-0.6010439601453248,0.006030319794792627,-0.17751192704001917,1.6230255940604636,1.8577778780957723,-0.8789153738870193,-0.6959022124700953,-0.7602696912890946,0.7116234561173324,-1.0748600809811073,-1.070657828382668,1.5297744389600227,1.6877883548746735,0.6795941364375737,-0.19862077398887507,0.8564658326825345,-0.3219332412587526,-0.15342096165590358,0.3851948506154459,0.8401190478298636,-0.6732140316410888,0.9980941812726096,0.3663054719714602,-1.5348318150721734,0
-1.0811466966758105,-0.09080616317994045,0.35448098377082504,1.7378793478020993,-0.3594560075574432,1.6809792364308052,0.09502606980312861,-0.2383924521708306,0.5347080479504099,-0.2151911127216476,0.2200993034989393,-0.2587228618122086,-1.0344394522746188,-2.108294562324098,1.5228071214555512,1.155383080599231,0.24065265622216653,-0.0375468892060522,-0.16742714786796453,-0.15227967400129655,-1.3167910017266418,0.5966262051941258,-0.9736424341503507,-0.619176494588531,-1.5880161860812096,0
0.23315796019343626,0.3726445099507746,0.3046279179531439,-0.25977418105162053,-0.7424151582115369,-3.0159477485745674,0.2771731014073475,2.553998488149378,-1.051742728259304,-1.6479720923336152,0.5334648227061984,-0.07624297074779754,1.487602089530938,0.6551243190257858,1.1180501039772364,0.16914976393840064,0.9950918203202069,1.9943701830701261,2.2421484737332236,0.8577214072855013,2.652389876284705,-0.7148844322363136,-0.3510603548067289,-0.903897665278924,-0.1314653356932527,0
-0.8895415691597393,-0.9641038533444838,1.2598820399479225,-0.28728673665253246,-1.853284537921677,-0.07470199769371116,-1.1600681800933588,-1.2471751394796133,-1.0655372385206054,2.75780962640494,1.6795513934452557,2.2686494890937574,1.546330168425846,-1.35602328260445,-0.702966372006605,-1.8844517857446477,0.3522734996889064,1.1552540469401467,-2.1518200514779044,-0.5853543806007244,-0.7629816576060086,-0.6093692569872255,-1.5844077000499275,0.7877375511532542,-1.0456738689908636,0
-0.1681359261217934,1.0553789028021907,-1.7481434908085263,-0.87774118763072,2.1288994306118063,-0.9731656322392743,-0.328512454730746,-0.4156390697921234,0.3687213211053063,-3.0502415681779596,1.071067098175797,-1.292761801141523,0.12315470856056271,-1.4539754222782337,1.0435537426579913,-0.3153236903991127,0.33541237914051547,0.5475158058102464,-1.5410594785292453,-0.6698976881422286,0.6976685391289005,-1.516897377230947,0.05517405364126082,1.487388321571021,1.5280091886145757,1
-1.0414861391246744,0.6842740114893606,-0.9828483061678907,-0.7348393987573923,0.7946142312489067,-0.9436079526724037,0.9821965265676147,0.3026713336955492,-0.562094213747373,0.4562168879891906,1.289368718255703,1.1157626255016744,1.9343941616184643,0.06535119119421812,-1.112003244177846,0.9745727699100933,0.998384611588885,0.2455469825372194,1.462101170618313,-0.08330972485654786,0.2063277590993744,0.07137167092297092,0.09357918693551154,-2.8574266011633007,1.061289793639924,1
1.1867055632071069,2.5012824636357527,-1.153008620471909,-0.9157315335381288,1.7862413928248857,1.7257657645513342,0.27200329697310094,0.6361830121714371,1.4026703149360462,-1.207871764077673,-0.545693985482651,-0.9296298861571202,0.012729654710412874,1.3949249013214948,3.101849899279339,-1.1340658885110337,-0.8076986443630431,-0.4204308505514212,1.3906629859309916,0.259307260707051,1.3719927668549499,2.4180001323855347,-0.6529578991363959,-1.5623228501685003,2.1776609193323564,1
1.7799304562059914,-0.45471255449844994,0.7308419959255039,0.8012229780179172,1.349164543338703,0.07223601551981418,0.28428775005997153,1.4040965137679626,1.8059071133495435,-0.20384894891975902,-1.9534561540026698,-1.3514400396503534,0.7976417247012135,-0.3556761495750312,1.1571799924199673,2.548314542643022,1.037158253369112,0.7385497483361182,0.5357316942575822,0.8572271659785335,-1.1332735130586233,1.0901575311481597,0.7182405556626484,0.2067194768745575,-1.5145655695491076,0
1.4479096524571875,0.8354925111532477,-2.3434320742375285,-0.8149548531994101,-1.312907790484238,-0.009186556514450793,0.41758954698579065,-0.8255330310282727,-0.6335504105864579,0.6684596313414692,0.6703874974753821,-0.07520961406857107,1.1400052751208987,0.8467035054702107,0.45464080234471427,0.3997959599559514,-0.08260463989080326,-2.08263776537943,1.332121745928827,-0.03373482546078069,-0.8978664201871576,1.6259476962488173,0.03374334706312021,-0.7654947170463617,-1.089169481763784,1
-0.06553752914054528,1.1409120659002787,-0.6612940148408541,-1.2079846906466463,-2.964519923362209,-0.9741849440378914,0.19516841747862002,1.290771895580945,1.7763848251189205,-0.39351650654616444,1.5732282378939955,0.06026622457448952,2.1275087264812225,-0.42421284370195833,0.6593501170625872,0.5282817957921224,1.7288295001535168,1.393108273661554,1.3139994456652946,0.8167806545171163,1.1635946062100588,0.7150594558518195,0.3948512942691223,0.46473887738093844,-0.6604340875882776,1
1.1525271619565642,0.8851699643533357,-0.30843093866051513,1.8736644148723087,-0.7646224316824632,-0.9027144978314675,0.9977519506059596,-0.9387023650177181,-0.417269038758613,0.3466462246262174,0.5405782507438628,-0.7734989957068623,-2.4588578471349716,0.0032608604999314617,-0.891513537277701,-2.2512764432595413,0.7475319499167887,-0.3334334214939256,-0.5407425537585206,-0.6828493240655605,-0.5725753660519992,-0.32935218278451345,0.42858808838999657,-0.6165511658508306,1.20258256058148,1
0.497209046235246,0.12933283586598243,0.2789918477494304,-1.8053155744639413,0.8424929121469349,0.7162347399030906,-1.3982417597132577,0.40452014323332014,1.7264296023539916,1.63516401855698,-0.5433266958057721,-1.2226602529148234,0.40314845822791273,-1.3088420236596308,-0.5495696638841087,-0.16621319374466903,-2.1169493259011527,1.2577180308161031,1.1038060595551369,1.1258050926588492,0.35989523652069566,-2.088414328506608,1.1063239733554766,-1.993811483926787,0.12896240277581095,0
-0.9649752242250245,-1.1820364670183512,0.06361696001925776,0.2924689457544666,0.02882682496997846,1.021385082535961,-0.3909429615956249,1.0146376363151333,0.3600449554722135,1.292042835448192,-2.8376434913071247,-1.7716397422995864,-0.15443990158922283,0.14286079178266198,0.2606624434504029,0.011359489614662377,-2.1505754827411976,-0.5050936135111898,1.9219192830552938,-0.8147221717474898,0.28303118767731367,-0.10586803448181137,0.2943976889529858,0.8542821437893395,-0.048321112649783005,1
-0.9356175080026112,1.6522837074183183,0.5544769418611062,-3.428032633139015,0.8849430951669472,0.23220657684694124,-2.359030545703189,1.0393489096862736,0.45949433213188795,0.060495937277628975,-0.9454507145211857,-1.401849527567077,-2.7213208982857138,0.5488965591484394,-1.1922385957044876,-0.9872949630169724,1.0536557624818257,0.5715104535235739,0.2668078964953254,0.13899311809847437,2.508415671311785,-0.35193510755699364,0.7104987961285829,-0.41795932552413445,-1.9260533194060627,1
-0.758650491328327,0.5384582146669696,0.022980990340046192,-0.3186817226308061,0.15834530351491596,0.8437500681065605,-0.8214595086542651,-0.8740678459836922,0.2552738018214495,-0.713183949178799,-0.5340559499720549,-1.6400374321926356,-2.6215804771770084,-0.6963376039209929,-1.1180880694232957,-0.7477482892957434,-0.5349444730911224,0.8185422298196725,1.4524748528147813,-0.5753149677058612,-1.2524701672030687,-0.49564356179229774,-0.29924610074187863,0.1725267704549491,-0.5522676335574841,1
0.19967788721035046,1.2635278968866288,3.171347158299555,-0.2183163443556428,0.604661231741603,2.4183766343392614,-2.286898903367131,0.6737661891334052,1.9512264779799358,-0.8917143218647418,-1.3175827050628015,0.0888771551458451,0.3057822916646198,2.164352005507859,0.9899316207710818,-1.6618302374476168,-0.8990384495745964,0.9898549576303054,2.0211773502517816,0.9906106889554864,-2.0541538523099785,0.8705130422759497,-0.985830478997441,-0.3261738304213142,-1.5384179562231457,0
-0.3326448154175765,0.6258085731113571,1.071898293743655,-1.4693587239442691,0.004046469001833055,-0.5769213493251347,-1.0857762459561,-0.5451728588567897,0.2298471720587166,-1.9204744103493594,-0.5932624722996258,-0.8353736646348452,-2.283544762765711,0.4244372219975733,1.3507931099125745,0.10201158032640195,-2.2614587804496216,-0.37415750881684007,1.7263426773562225,-2.0422988346750373,2.486620218957945,0.7876592700281517,0.3360610575377808,0.8179199169761933,-1.307348791833201,1
-1.9092785911517531,0.3897532016093871,-0.626010199080389,0.9591193282418085,-0.8540215784810264,0.9867370843894654,-2.167804807349818,1.411800092036168,-1.294303594528653,1.5277974377352117,0.9783691275384663,2.038147499927921,1.6302790961855733,-0.48944160489624944,-2.703700054333699,-2.674282281282792,0.12936897480194243,1.1954568042439608,-1.487645556057909,-0.10096465282739178,-0.9685844388069298,0.2590253855815188,-1.6967543342307008,-0.6491974972041105,0.32049383822357724,0
1.6880674852918682,2.2518461841252346,-1.0196900929843506,-0.3081058340011105,-0.35971751113643535,0.8320988273775911,0.19022201127548066,-0.34887998074743554,-0.4559180969307342,-1.6814450578912856,1.4977617050599439,-0.28356893502941044,0.23819755001159662,0.5978592789027769,1.889712357736724,-1.119028932154385,-1.7845813251775717,-0.9533606035236573,2.268848771053448,0.34299465497703974,-0.01875165397377619,-1.0938152988861773,0.6643834066462848,-0.0791864648416396,-0.6899158449224987,1
0.8381376743974553,-0.38560420178786603,-0.1581431902074948,-1.2244328103582665,-1.6150472291935354,1.2496512717013433,-0.6697741026953951,-0.7215084523089633,0.6575675386761731,-0.6395076701034587,0.5638488094675237,-1.3895873081035128,-1.1911790837146998,0.900868556080136,0.6446882993091083,-0.9476589897156317,-1.9630260106961914,1.1340624634389709,0.5196854182367849,-1.899995032855161,-1.0363973049030333,-0.6728007556079456,0.0052527995557409835,-1.1818466647700365,1.8788244191332941,1
2.5439830307030045,0.6735403387714867,0.2492971741289734,-1.919875399881345,0.9895655631524829,1.9494868832120171,0.10101108077946871,-0.10305342518881533,1.2462685070577588,-3.6018212075603437,0.21621704011776588,-1.0513170546197192,1.113425734746914,1.5381113489828255,3.271680400120496,0.3031572047683648,0.5713449161069205,-2.363164188085665,-0.20742969113354193,-1.0684860096351374,0.06608599013931078,-1.3623812176383496,1.2348400737213305,0.3342187198466821,-1.887737792838351e-05,1
-1.5692761477696073,-0.7574232821921473,0.09036277359729175,-0.4596373552322767,-1.7667989494383385,1.4002094537553949,0.2203291218442907,-0.3324426108263117,-1.3168344972310915,0.0010064788774833966,0.8865189686098629,0.4121790819639481,-0.5467840725068436,-3.173470224754654,-0.737185466038042,1.8049037572330395,0.5996261523821533,0.16984745873300577,0.8152681663048253,1.3329700836316194,-0.6044723113538455,1.068541663539067,-1.103287787442919,-2.151935929771876,-1.0405496788710868,0
-1.478974173014276,-1.0994677795458445,0.8882288744024738,-0.0811003987867086,1.0343102364222152,0.7585808861073446,-1.9712082315373052,1.0510498428295503,0.18206519683239591,0.23005214107326577,0.7203189510834298,-0.42602737710451777,2.121099943338514,0.37087542119434913,0.8317959427201144,0.5165419453294704,0.9719953747283798,-0.48637248319052917,0.4854549938639747,0.19527753188312086,-2.5469990995632577,-1.703483873973804,-0.7691968925876553,-0.883621397991669,-0.6190964352335494,0
0.6897640142168354,1.108026623525996,-0.28820831058881746,1.2521586234491786,-1.2926522433045409,-0.5319453117276499,-0.2587099204308383,-0.09661130085858705,-1.3824295410525023,-0.9238446776727439,2.018628011116657,1.9108623948716361,-0.9683118717439444,-1.5292068536216037,-0.5506766629592732,1.3942880442147532,1.6632467210954764,-0.033179374546258966,0.6849019951968842,-0.2494797305944479,0.5839891640513282,2.463183263965888,0.5594734157457834,2.6098758951781047,-0.9839205818835589,1
1.73917049843668,1.7371073096785872,1.8444078824964618,0.18247215608776884,-0.6457211017994515,1.0015622992828834,1.4434044248192381,-0.10804495787329121,0.1757372539509499,-0.8456979201061283,0.9984380486053712,0.8513958894866825,-0.9485176791096916,0.9027408972219855,-0.3803318725648007,0.8752717467483051,-1.3833243362696108,-0.7729040241987448,-0.8661875902006058,-1.7371060101675877,0.40804596682878835,1.0466046164188314,-0.6392523991203801,0.45838346816151815,0.9237021644685417,1
1.0283090491954556,2.500561482818336,-1.2949787783779276,-1.4198374998293124,-0.9354932726751284,-0.42207440848794003,1.7675621862630926,1.53914817977999,-2.258922454643747,0.8217507039509545,-0.8942624899035252,-2.3162625766166083,0.3754121218632904,-0.46336157457294486,-1.8752559977049916,0.7932469510257522,3.208526051134205,0.16842485715365396,-2.0254728127158916,0.4648319098871152,1.9001398061803063,1.636785947474979,0.2532777156279087,0.4537144552912638,0.6362924865234904,1
-0.9782555391218998,0.01887857701069473,-1.5869059323356365,1.5783739518568334,0.17725937798838495,-0.12873604286648344,0.8448684490900453,1.618115084824268,-0.19387962187657953,3.4756998273712316,1.4886303309030884,-0.7799374253500719,0.4881171707260481,0.2634210244975804,-0.6195217475929626,-1.0699304274798007,-0.17287700925531335,1.0893375300032389,-1.504377811525171,-0.86395643777706,-0.35103769084546327,0.14598373918461374,-1.6042573151130695,-0.9083109712053611,-1.6637632998540028,0
1.7856576815517806,1.0995636163358984,2.0383404853971663,0.5221935112210236,2.6277447976554065,-0.21285869041322658,-1.0675116079603968,-0.510761871427207,-0.8456949666028416,1.6636268463077117,0.44981303170485065,-1.7081759495969049,-0.48232983815451547,0.03911310189558692,-0.07871437302674726,-0.9278700774358374,-2.7331413332938705,0.27254578784717587,1.003354430726635,-0.8133609957750891,-0.26702039125964505,-0.6725489999598504,-1.0733227134665595,-0.7568673547611038,0.9391923059052203,0
0.8073152018932395,0.7165270121501403,0.7762286222071852,-0.3718105884715477,-1.2669682164737466,0.7942575809053969,0.6996180512543148,0.34385310717159223,0.2889340401612459,0.05163021209336127,-0.05131372619882832,-1.8372669274186566,-0.738076355859825,2.1214560684403327,0.35714667068778205,-0.8237279804591376,0.07547040807529459,-0.8696113719711303,-0.47618226719560747,-2.8176931155989977,-2.831949065964361,-0.8114091583378176,0.3445383592948103,-1.1584545034301845,1.8273098085223753,1
0.2394329188884241,1.8376574211659333,-2.0733871797675683,0.24889644719545398,0.35097552479486904,-1.9564900825221347,0.9430036919835593,0.21765205948540534,-0.9422659571866843,1.1770328989410552,1.5506892024313539,0.21718153068891627,-0.12795561447654547,-0.13897769885059752,-2.1317728536651384,0.2214233558213568,0.16558550724256565,-1.141460607935123,1.577100166632,0.8690714031594657,0.9054496290273217,-2.211719091475821,-1.03858267822664,0.7687874576477625,0.5703429304020464,1
1.3274644464198908,-2.530016770954995,1.4056758009349828,0.34131652310035915,1.6272923722804173,1.4326155513929875,-1.6590657363916739,1.025635135628183,-0.6776739149903598,-0.11542426144899996,-1.0686960743438492,-2.7746807803050424,-0.48433507551721783,0.1835703851864393,0.6173123202716213,-1.1142955981547173,-0.5226367179579913,0.18514273654730956,1.4938539071051022,-2.378638694418466,-1.1328154789871598,-0.19558028300585453,0.46509080743635073,2.057864341010499,-0.6237889642706047,0
-0.005868553073199417,-0.575122525249761,1.1519538457148026,0.4809519155339299,-1.2119500000845216,1.7622096362676822,-2.4268719289776595,0.5150785114932378,-0.07727879196322783,0.9833164979154545,-0.28526682723940144,-1.3871023645136678,0.20633340181975107,-1.5158219395170693,2.64556108245598,1.0978569561665432,-1.6738901471056986,0.2811343887798515,-2.102814077344916,0.37492768023905926,1.431446084592379,-0.17801187775456295,-2.633806630787299,-0.917894471183204,-2.4997267567296975,0
-0.5387774389376317,-0.3263124058706499,-0.7093916422212652,-1.1807032966419087,0.09181664816820535,-1.834063903681436,-1.1374573653657423,-0.3615047320711018,-1.1641496568306875,-0.5856856323440215,-0.7067395478277305,1.0734286542919105,-0.5906080451069756,-0.14731042509870185,0.8433501314015367,0.11566933515815925,1.4728558275436034,0.3171967334173228,-1.3183312901553068,0.16492282704358918,1.8189412110544403,-0.32148010103054214,-1.2236710775411446,0.1694059931670414,-1.509502331963868,0
0.5805245096076933,-1.2097459942589712,1.6309950482066031,1.7372543501872586,-2.017148490770928,1.8315584819775004,0.8441297076238334,0.04160631234084533,-1.282846063749543,-1.7619118145568253,1.9977117145533727,0.9650233581008875,-1.2412036136703701,0.4289173780818237,-2.7793323842999573,-2.0685874980756767,-1.1154014009135242,-1.6437112719184312,-0.270102970576682,1.2292242832034255,-1.7470798468155457,1.0141490780633147,1.9139380258857264,2.6754215372998504,0.22011927154142963,1
2.7970421999066746,0.5327750360626915,-2.0141238834151123,0.3752269987375504,0.6405449439091788,-0.5621807309625937,0.603550844353604,1.9054324894010186,-1.470670557303088,-0.12660720359096933,0.2942714204092055,-0.8962066368299193,0.5368375255661348,-1.5059160751750948,1.2118992341203576,0.6057216854661844,0.36508546357837174,-2.0790456682666325,0.9963984088354215,-0.41221802759402726,0.6285766705658224,-1.3552302666671405,1.5518227078504943,0.03811765966920244,0.33589275033598764,0
-0.8356143988433802,-2.1700213809254145,1.8323061873203077,-0.634132880471155,-1.1756357893705847,-1.362826476680477,0.4575591110997923,-0.7297025060810597,0.8915293237185482,1.2509510618406627,-1.143815100174189,-0.15274407301466253,0.11672720405356452,1.2581496272218329,-0.6784931986685637,-3.252518007663176,-0.4260932269472575,-0.06721636241444817,-0.14984662733287024,1.558739626991452,-1.698137249812115,-0.6320185896698076,-0.8421385632535128,-0.0693422095267297,1.980517081465811,0
0.1750022482934051,-0.870278479942068,0.7688682159874578,-0.2492401865709525,1.6820931231605947,-0.3497657223079491,-2.4700528820723386,1.2023909060434697,-3.3426562071566277,-1.3666032519998546,-0.9758642553895656,0.8677559361206819,-0.7068534735340174,-0.24944987024021065,1.73091944337468,1.7893417524105288,-0.047190481696401776,-1.4624930673594774,1.2251863414890782,0.29033283058983506,-1.4298945818163407,-0.8695139742970086,-1.3710162399949177,0.06328451213215658,-0.33016311612170857,0
1.9628081017654433,2.626168963751531,-1.0633457767218086,-0.1436214626800463,0.7493437603983804,-1.3036098467862158,-0.08318099716197536,0.6201381287355481,-2.295212377174548,-0.9636206352812751,0.796867372882298,1.2053644254379914,0.6597272360024327,-0.8735194234446401,-1.0974259302208127,1.6073860661996404,0.360281653446632,-1.1553262884197253,1.3407849079888903,-0.059812503497882474,0.6883009915480806,-1.913669891856761,1.1328003004119584,0.3088837354499338,0.6297372454148699,1
2.0134500244793934,-0.7857070323601274,-1.2903850999721045,-1.3305422316130286,1.2956077567163466,-0.3518506178729166,-1.3905073593082022,1.3641940782603768,1.6145934835031175,0.1043446247552755,-2.534794664136351,-1.1451381608571118,-1.0047259073062382,0.43047823253095724,0.8421922749599077,-1.176200305136858,0.5906477591809777,-3.2011486278154746,2.133500277426635,1.0357571223855655,1.9464669458318324,0.7495707111345374,1.871731555336631,-0.4305180972024957,0.3525000061916998,0
-0.9590782346926429,-1.743507967308065,-0.25194417821167264,-0.8781270211122015,0.13571372819004912,1.668609156469675,-1.6171252128144755,2.209002066073853,0.4160104224958039,-2.093222416124458,-1.6564326884264684,-0.4445504816657639,-0.36992406892244845,1.9708543447503135,0.6524943930175384,0.3332457311066462,-2.378046743293821,1.021766566852506,-0.8955435048295134,-2.0484001852727602,-0.32382658958093763,-1.0882866310794987,1.6433406445692218,0.43731053194413255,1.0459605906583063,1
-0.05080153129986825,-0.24562017602844494,-0.11948807032166664,-0.04986044868680428,-0.592229235726263,-0.5203691150218274,1.6848173861754216,-0.7520693136309998,0.9645527696347942,-0.8313242769750696,-0.03441965112916619,-0.0759096239538335,-3.9317116837134223,-0.8374148945538623,-2.6702631238584806,-2.2848788263382844,-1.0621244571988244,2.1092616542139195,-0.39499739382759425,-2.639504634199615,-0.6082997112137696,-0.9736332609510555,-0.5110595375948627,-0.1354889957569626,-0.2449285438922547,1
0.7459963182063251,-0.007957204817769403,-2.2747369242037343,1.3572461299555725,-0.9685127690605813,-1.7039417825098155,-1.0572397835060756,0.7113562903755052,-1.4650809359855823,-0.7953266235941477,2.809829315839371,-0.4916618641693239,-1.2520421417505678,0.6116366001004662,0.1992058213886988,0.20865929552819662,1.909903660789377,1.3525747488577784,0.0062125824587690726,0.970896926278052,-1.2492094122568584,1.5119581403972155,0.31233348605159195,-0.5589925104415827,-0.6210319893607783,0
-2.3154780406488165,-0.0071315424702173,-0.9159233777917483,1.5219842010141367,-0.6567032321142565,-0.7134000052882283,0.40709367809478475,-0.5385996450404217,0.4488949128429695,0.7460820224653208,0.2744589177261562,-0.13740200082434767,-0.8522316922168836,-1.7841395311896937,0.314968041213833,-1.275796086651001,1.5366349173057339,-1.3103371544680034,0.9463794879263826,1.1866350462056228,0.23135216811059908,-1.6944665401935763,-1.5058202216743264,-1.2875642955686852,-0.48246691604690134,0
-1.2708990337889114,-2.1420532566468697,1.5646013687397797,0.9294799079180065,-0.8207572999225557,-1.3909490191160443,0.13787186435284382,-2.001367597025387,1.0613353937678545,1.5028673235823633,0.2640369270556374,1.2542724615550287,-0.3247308907969808,-0.5193775464777546,-0.3729251294234403,-0.6451504046641992,-0.5390103726225348,0.3945016271209411,0.21848184686292216,3.2527450950145083,-0.6793306592443749,-0.39675969047621273,-1.1695813590145745,-0.8528372747609323,-1.5405611293755348,0
-0.5515229473563287,1.5059959550781825,-0.9396639440538297,-0.6978289752938244,1.4075065110564018,-0.7973490896271467,-1.6370740391621634,0.9372318078901788,-1.0880207622038178,0.45915975253842156,0.46946285731959225,-1.1236611745512235,0.2776112944304254,-1.4461804783048038,-1.3166815359420445,-0.709323145248797,-0.460723260108017,0.058884646364611326,2.1777350259332104,0.11282139515605977,1.4295823879630654,0.005424086725303923,0.3236791181227644,0.29245083669518945,1.0422913523204955,1
3.1914559147283375,-0.4891829929956833,2.1605206371504577,-1.3770994641669945,-0.0018929647899447177,0.8902802501439255,-0.6003070190385428,-0.8797690080954119,1.2014375137672573,-1.3337845587703696,-1.2860891999546809,-2.1855656709381326,-0.801571231477713,0.7414411635638115,0.8315532398448202,1.221355835055189,-0.20978709750384827,0.12539850671542374,0.2778072952178131,-0.4125675213970066,-2.0231377918332134,1.3325178162143407,1.4891984122600412,-0.30561425414428095,2.210942077654607,1
0.3919053931197256,1.6594526584433755,-2.1733705348092736,0.0679673263419146,1.0040484135596437,-0.5734525735957929,-0.6756118376040992,-1.631418037266088,-2.5816368856419056,0.22080877975944987,-0.0964468457989951,-0.8156255455174972,-0.39756471133993276,-0.2958398472040164,0.053040204620200426,0.30769627456141907,0.96750756766389,0.25756203405640377,-1.0970154423290661,-0.09037438684344834,0.516273775036931,0.6206268273643191,-0.2751040678653904,0.27189149001671303,-0.7016182307270497,0
-0.4947041157796326,-0.867685683634084,-0.6360992992879466,-1.4541265989788754,-0.23043789666157266,-0.5950049324511391,-0.5972280628083351,0.349522433053458,1.4660774804627428,-0.42117886687548617,0.6526781694543045,0.4325144008576538,1.411609371437169,-0.5257564859630431,-1.1973194630866482,1.6903590905896881,1.3627009356271311,3.5179269169750933,1.3682018639294196,2.4318079724298594,-0.5823228898194786,-0.5262931625057269,1.6400914638026631,0.19683893195040003,-0.3747621873145467,0
-1.0450249141843688,-0.2644247364341754,-1.641792240820773,-0.37070753520569044,-0.9388086926180989,-2.1599811065797754,0.5792772046304354,-0.5502021870836148,-0.07548907509521496,-0.08176727800805572,0.16624880294664424,0.7044759471788793,-1.2749454939121563,-0.5177696291822702,1.578132185912302,-1.1686407434160493,1.2134062708805688,-0.23467326423011536,0.4809232283833669,0.08617049855073783,-0.13411158033138082,1.014438569907347,0.190188349833621,0.7957225175193078,1.809985965997696,1
1.5828152568771998,2.244577040587947,-1.0847616533393216,2.530664177432352,-0.5048560674313016,-2.1730527235591657,0.7451201916836233,-0.8119690921849503,-0.31042833797802205,-0.667554629474467,1.5693005204854846,1.223876058386968,-1.2670794051552343,-0.14530103861206684,0.1884415523782862,1.625076368307918,1.38573760881699,-1.1496181866158488,0.21552128303813212,1.1118215938152574,-0.4777049025005502,0.4047440737135003,2.49575596525846,1.860375642926897,-0.3061093180784645,1
-0.6341228227580356,-0.8952520168018148,2.4743747262586053,0.39490840702566965,-0.02778565814782774,-1.2232002040662184,0.11014951353110644,0.14086461740277234,-0.18513719792618136,-0.36961434073476607,-1.0723516010568563,2.0265031747652147,0.16000880526776748,-1.6018904091854471,-0.209809043927631,0.8934749440826998,2.747778976583413,1.8461741828222866,0.03812116656423947,0.29626057552429014,0.6829096346430329,0.1083606992319136,-0.4724655747525304,-1.3532117753337407,0.7059999716020788,0
1.1051143594581703,-0.026322854103008664,0.4585583095373357,0.013429721003075656,1.4904183441532595,0.9819909399404267,-0.46306488657808553,-1.1500992827599368,1.1750717747229311,-1.2057133882891171,0.6961614773789232,1.2365091176570981,-0.5922431474159243,-0.12447615816995461,0.3095819203028788,-0.027786955821486853,1.1024011700336163,-2.343118410783499,-0.6979855138391917,-1.6967084944788229,-0.6326698757259144,0.6784634436320667,0.4603964889415443,0.08856158644985776,1.7276897637300928,1
-1.668346008061809,0.21841114640235465,0.06134260902633504,1.9233032396163428,-0.09750358272387238,-3.1873026286952575,-0.603321541379142,-0.29532354080434653,-0.0024254079138078533,0.04146402859123449,0.2614187795299344,-0.34367991234801704,-0.09084473083106981,0.4480369707945665,-2.242139492362932,1.4050340157702248,-0.20084934716911695,-1.2040467434041853,-0.13257258482213513,0.7689481395309653,1.5703032985644003,-0.9076911955606743,-0.7246932672310352,0.8903502060177543,1.0530732452017333,1
-0.3840945529489933,-0.3315719962723776,-0.9118892977954176,-0.3969686287785389,0.13872104935281548,-0.23102538943684925,-0.03423592621476368,-1.7906190459972213,0.07132618544759162,0.8052363500088957,0.009790187501839853,1.9586441109512185,1.8306451812956759,-0.9412771808856508,0.6522022903306518,0.9705532189162588,2.5718068392704145,1.4170103794767541,2.1414981168371234,0.9334730371337567,0.47576474134070207,0.2602336778354178,-1.058145039960685,-0.26460575230836814,-1.0629876254896848,0
-1.9071883600323498,-0.20272812848485494,-0.3623160217216437,1.4780116460390713,-1.3620475908824057,-0.6599520903961464,2.217846819852336,-1.4101264998578413,0.051362963955746355,2.4399654374961894,1.2771164669614434,-1.005650662471269,1.3223350236677223,0.13738732517596564,0.15380311054069984,-0.684123540593606,0.8528452613820535,1.5989295689687952,-1.8015517900439617,0.8871515180693128,-0.027824652012569256,-1.54878882578716,-0.11685167563241072,-1.7716417881541395,-2.4842744980284093,0
1.0739932517490354,1.5064279355397296,-1.479536606340624,1.5218288561813702,-2.074651075236244,0.057375108023819565,-1.2956100811805258,-0.0973325045461299,1.2013059696254138,-0.1373920169915085,-0.00274228349391048,-1.0232610146029175,0.4706118059478406,0.815886430642047,0.8054970086515398,-0.6238509077605053,0.015954671819225497,0.3943873909994159,0.8029672125404794,-1.5516715916060084,1.7523529917209109,0.47066540717054894,-0.9948249717650028,2.819649716343096,0.7311263636520647,1
0.11246020603632562,0.7547019293259605,0.5157572706812708,-0.13380445114434414,-1.3134756310258389,-0.6040879154636404,2.010111994563297,-2.021545161649468,1.4762903438662627,1.6508410509689353,-0.6922648882289568,-1.5586830822874003,-1.516636717318506,-1.4345477556287554,-0.285534399409522,-2.72915842092838,-0.317510768226493,-1.2552913561017303,-1.3365765635523912,-0.20972239775104157,-0.708290766596374,-1.563410897756821,-1.9995009674109623,-0.002612740307780137,0.3237852731111752,0
-1.1038563000425836,-1.1668169030003326,-1.6738354208633572,1.2228499137624658,0.8323775011055753,-0.5197718178877133,-0.1401954515811603,-2.182259189930098,-0.13007607711046487,1.6124247924737865,0.4127133022060069,-0.3260608380822053,-0.6859284623795326,0.4228869187828317,-2.7230183681728226,-0.2785462593889379,3.209922865027245,-2.01602603498852,-1.1025118630432305,-0.34207080679178936,0.8117261130392313,0.20384960045099182,-0.38002680422470936,0.06633861095507149,-1.2418348161196775,1
-2.1910994970389925,-0.6619944856097826,1.3902536071879752,-0.8761806214129767,1.4050606235237277,1.5179546742014327,0.17094629949178286,0.012123910974863206,-1.5135851547828556,-0.4664937057243056,0.7068036577322951,-0.2756370890719914,-0.7629292846308413,-1.939902237003374,1.9528697670468531,0.8630270455442299,-0.9725356896056685,-0.5377533204871878,2.1389140771197592,1.1235255915596536,-1.2497281073585007,-0.6017540162971452,-1.3175613798455903,-0.9115799948402374,0.4993443361056759,0
1.392018578193001,3.2729794549900344,-0.009799942529426259,-0.31526373567151994,2.5047069341734423,-0.09156558056940167,1.5933522532383204,-0.30489687343618377,1.8087754583924032,0.2203859226555801,-1.6560564491833514,-1.7296339443727842,-1.492585507604061,0.24569625265433737,3.1467708638527947,-0.010894845759798669,-0.24051105877959755,-2.5394024987133035,-1.9897576865259472,0.09285738994587645,2.3355195876033994,0.7197715133736795,1.2676702224980136,0.1684975720320988,1.143836025833163,1
-0.49384138287853635,-0.6648027394485132,-1.4806532982886527,0.38689462199039243,-0.4297981106451576,0.36884085025514274,-1.1802223094799345,-0.06721932334491715,1.2988666700620763,1.1539544645686854,-2.0156092906676655,0.9364797192619972,-2.1311065004337193,0.5529471180378376,1.1126541579381624,0.3859032410656412,-1.2154749157995204,1.584065954080572,0.5072093695723939,1.5375387320413358,-0.6768703979420669,-1.2688529799386412,-1.869531365927122,-0.05272038726969375,-0.7358195410085364,0
0.1219807332473728,1.8826573756090323,0.13739555675283333,0.46553105513040555,1.3475389644991385,-0.996296356530547,-0.8868279303871458,0.5831990901982341,0.6405693214767588,0.36575157726406426,1.663910217939103,-1.408923426303192,1.5417859315017584,-0.5648811406859533,0.1549869524949956,0.4777404522030235,2.80517005888407,-0.46622322057402543,-1.928203719027306,2.4844379425409917,0.5079746533520106,-0.6974992132860081,-2.018003005694437,-2.291247807146985,-0.7492369617386958,0
0.4544156591079653,1.0187875876975296,-0.7611681918717962,-0.9865433963158236,1.4373890551191892,-2.45254012439186,0.2470369562510666,-0.37486965999068234,0.5754794064175512,1.3899067293568772,0.5964325218940879,-2.4817708995511714,0.6386313849326001,0.7969766840470405,1.4887544501247714,0.7829990551549589,0.1824236068078799,-1.9616130243979475,-1.2098805944312092,-1.721001896297996,-0.09050189853019808,0.6628096225388367,-0.45831941151983435,1.294142690116661,1.0700026360643762,1
-1.1909486099015343,1.7854142393574473,-1.1631249671397865,2.339943594562371,-1.7144441350125583,-0.7943447129790129,0.46860795446162906,-3.0144269122892093,-0.21329094084059796,0.49577722170480243,-0.28724042867250255,-0.11700576417289754,-0.5772059274546011,-0.33490867228300525,1.2399623527605144,0.03849663919370944,0.03998656067145395,2.9982448723523594,0.12622749789935406,-0.31495841004549874,-1.5653539229357414,0.04138933792110544,-1.4428080328676842,-0.38512338988905936,0.2585282741789976,0
-0.22528276787805673,-0.46122686391555423,0.5380596750021198,1.086255667306833,-0.21929025414349396,0.1249661880372443,-0.04852555588757934,1.6838848940667368,-0.6011632642337652,-0.49325873294761435,-0.5804467706936441,0.8794366356934316,-0.03688694875567744,-1.7248411479938026,1.5216788772304355,-0.03092049670513941,-0.9061778485328174,3.4021489319623397,-0.6534645456303465,-0.5561570417328687,-1.8567606924484377,-2.3459277046701774,-0.2665793601361474,0.23521717116793972,0.9548689612646973,0
0.8780673998306573,-0.33827899795102473,-1.2394986380537694,1.066374695295508,-1.2773957877508364,2.3949299874120777,-0.09377926602986897,0.01699725228992688,-1.202728849262448,0.7104476951709093,1.357260682710919,1.6008851834881925,-0.2862948834242717,-1.2483039373623428,-0.389721364498021,-1.7229910003567999,-2.0003113818872844,-0.468906582761924,-1.1376335160226967,-1.5338750003493802,-0.5366225688021248,-0.9114661543805701,-0.10690084171290823,-0.7099179145461205,2.4536627223557446,0
0.3405723285943359,0.8964465643273765,-1.042148423861017,0.5401092696285076,-0.2750554708335352,1.265014426431462,0.273438363762322,0.3034174843240423,0.12219333867114925,-0.5589613768841823,1.0036182161442624,-1.0064932110293685,-0.42577169312800445,0.3405098084202337,1.9459278701836389,2.409113465125565,-0.8678182614959318,-1.3892484207123796,-0.2954656709316098,-1.006947703330675,-0.8930133910807755,-0.5411970682201956,2.4648278590049073,0.058468490576255694,1.9770037113025738,1
-0.8835302653534548,0.37104705149976563,-0.1302581859521228,-0.47429022858126274,-0.12087606783990168,-2.3589587385784685,-0.1440525917266915,-0.45727831264501706,-0.4691763888108242,-0.2523900792984297,0.47277530899800385,1.5145253815019608,1.7442320125525101,0.48884331257718083,-1.1752687310946726,0.09844988780757036,0.5402515958295072,1.7078024194472534,0.5465698740501523,-0.09508616397731792,-0.3046144003722512,0.8718396253104095,-0.16603150768747987,0.2591366465065064,1.1744379236693478,0
-1.2150921996560404,-0.5659862384547328,-0.12903953709233146,-2.3271627231317327,1.976562350952678,0.8715006527709273,1.4552314312794923,3.0092711169581237,0.15785049222613318,-0.5386440249305593,0.37972480009304993,-0.9004336541613072,1.4970883764086471,-0.4041660077910785,0.439874111383617,-0.33884868941170276,2.826805049275075,1.5129800042495314,2.2177649626913536,0.4514845045787603,-0.14233188836542832,-0.23920825963436676,1.5957334237906875,-0.8312300526568448,-0.6753732511714252,1
-1.0125696372517194,0.3936274947611827,1.317812053493165,0.626238592156374,-0.7529411011471199,-0.11451710751755162,0.5716804049285815,-0.07321464872446581,-2.440892834285947,0.22713560033036945,0.7175128502273275,1.479456962576474,0.4305326272363202,-1.3418353559517953,-1.030195504450279,-0.2373382321173414,0.7683177008872135,-0.031067376345278896,-0.29135143125472407,0.787776569425941,0.4024104208401625,1.6572369361842587,1.733632084496142,-0.3527899508436675,-2.0094554005902974,0
-1.3180972857525515,0.19563419269620977,-0.16048807056402503,0.07245300617356454,-0.7149795570898434,0.536589465902111,-0.08111574165233235,3.2629228258656524,-1.9494979954826377,-1.1113022366813528,-1.0185271497360664,-2.2798506698161543,-0.18092444678317643,0.19571793155621175,0.19639571249336174,0.5224105711470517,-0.5852171330161762,-0.7127418098098357,2.325531990866174,0.4684780666199692,1.3484368597741434,-1.9994093803189577,-1.2473471740646513,-0.20093057005765502,1.341752199552682,0
-1.368285889511202,-0.5120674000374187,1.5986009573449484,0.5815110055528866,-0.6497912615758624,0.1832909408518668,0.7783310925044358,-1.6216656625292079,1.8216965871898145,0.2616878468130266,0.34700816632446263,0.08146539515183862,-1.3935415672110745,-0.1328400214278953,-1.469421423725017,-0.8387183407399981,-0.7262042952908118,0.5629456080306381,0.6398723700355676,-0.725563710514855,-0.8909061044546722,1.0476010520817904,1.1746355823872219,1.1312278405689071,1.5023490866915594,1
-0.4042706799121356,-0.4675295705744217,-0.5485295858266198,-0.8480453996477627,-0.074603372079453,1.6744104311027919,-1.2531723607608722,2.3044711322541174,0.144246269760883,-0.5024342128070565,-2.149741981283123,-1.542121382972251,1.3389475344420234,0.8811352364462159,0.2838663065572985,0.42753658519145243,1.841801470287484,-0.26482036360027217,-0.2777132752050223,0.5264864289014077,0.47415188646841544,1.3993149908747986,-0.2055359546890732,-0.020242830451253968,-0.1359929612821532,0
-1.1377289584078936,0.035449959480461535,0.4442827170842941,-0.7093145875112234,0.5517410112578115,0.44974699688360703,0.30704923118791433,-0.002023884584287483,0.4991374561527241,-0.6226852014725831,-0.8041123830016785,0.9791742067829168,-2.3281636146117046,-0.17708750994834888,-0.2868612774937321,-0.12898353193710932,-0.4517098202316908,-0.9438817893477326,2.0551346537703368,0.04346331816961535,0.602394133431132,-1.388214301904237,-0.5093136975877829,-0.41211114358286716,2.1988511582406196,0
2.1342421924016244,1.739640216465292,-2.1155627630699114,1.7667699093288751,-0.046602511171933814,-1.1259359220298166,-0.6707703178987514,-0.7248538648527296,-0.0961177763813558,-0.4296314627733497,1.3443620604430606,-0.8270563088855108,-0.003622100369068043,-0.5565989744366312,-1.8465474064417715,-0.2789853446547476,1.3839239145356608,-1.1469226889582496,0.45683510730294463,-0.050030789308961765,-0.8521237589509758,-1.3415635593829665,0.27401065621312404,0.5861094641349347,-0.30837947811836686,1
-0.2887624022930769,-0.05491242326642466,0.5564750372734791,0.052843343647528435,-0.5009791858713626,0.2896358346297053,-1.3773699286180887,-0.44079024292324714,1.327918666461838,1.1350390504160939,-1.317415984302452,-1.241140033378441,-0.3629256640728651,0.8943612730767969,-0.6038866466486079,0.7568846686617777,-3.428857159157687,-0.6812927172400776,1.3017375756763139,-0.5815517185012405,0.4270026944340872,1.562699656011825,0.47691350613326733,0.6942447923611446,-0.07771783268546939,1
-0.4424340375204455,-0.8521664566529225,0.8181618784304018,-0.23082480836732178,-1.3793336115078683,1.7634436704197323,-0.4006206676231538,1.0685705679010238,1.5997340402198381,0.6728229487145178,0.08879653992955727,-0.9473780636548359,0.038380887121061136,-0.8363441633584604,-1.8433585605282035,-1.9543972442268513,-2.052135477202938,0.44409866674368814,-1.025221041663922,0.08179253019367538,-0.33125665796035875,-1.030964229253396,1.5992052254182552,-0.8740916530933172,-0.5760735475190177,0
-2.421492410392282,-1.2375464953594673,0.3715099760838515,1.8847242381393334,0.5246776859336227,-0.09929654000918825,-0.8251226010024778,-1.214809705951164,-0.30745648967558326,0.6890941647929432,0.14369152246738076,2.4812293452924092,-0.6615929550148626,-0.33765291198214187,0.8299494352183401,-2.2662716365865623,0.24327501183549427,-0.35852514776320255,0.8194671727045412,2.0541242716727273,-0.07393188531485874,-1.1229929619996937,0.104456675252805,1.2144041412059585,-1.3789509456416673,0
0.078307605862004,-0.7235702405604109,0.14992822795269434,-0.894776955138902,-1.1031911281570346,0.07234794960889335,-0.20953312600481966,-1.1982149658062555,-1.2087740309776853,-2.9983214970505916,-0.3147810154914211,1.7618889412803853,0.005527935092946912,0.31494145855652644,-0.5851944999639531,1.947498249433385,-0.005124410466807394,0.07703310592431378,2.5501045786721632,-0.5259983534764937,-1.0040448660053762,-0.0249275024846356,1.5664257770320913,1.2870409502274174,1.7490807985991794,1
-1.7159709830650307,-1.3217046989898118,-0.17587863316388663,0.5991239108543075,0.3660524255742629,1.682963954844438,0.40801813908926343,-0.5488515867400474,-0.5937379549524168,0.11753284697605543,-1.5970838724249343,0.7830192900101238,1.2194631777075007,-1.1521727983253576,-1.050788003771542,0.4028481161733226,2.2384078542828445,-0.010956729586227953,-2.115905805159112,0.5031241154999861,-2.0077921635283196,-0.5031984223147293,-1.9313840054093188,0.3580013677465086,-0.46067812894463783,0
-1.09410874057686,1.122141492299542,-0.7662949742016426,-0.7309343904799659,-1.2861473375931984,-2.7104434969911804,1.0844759412271472,0.4245639070394741,0.7981571371011137,-0.9237135055393694,2.091848963796186,-0.1325629372151052,0.40190709032448746,0.18206730607345456,1.045410374149263,0.8678465404533083,-1.2860092842177193,-2.082765651013347,3.0184901853444503,0.31330954513105225,3.6789350462160173,1.7334358147623838,-0.6631726871115672,0.0732764390638938,-0.3247649487995672,1
-1.0695186874400808,-0.42194299884814385,-0.7071786185938598,0.40218185918056215,1.721314666215752,-0.10127640224555687,-0.14033777604554676,0.36514785559555674,0.9753757744303905,2.039734997025832,-0.36956099410389054,1.1381544541182573,1.1618443408051655,-0.73229572384226,1.215265532212551,1.5960520044952922,0.5601860889228079,-0.4847485560032577,-1.626406213466404,1.2943086398469255,1.061454119038886,-0.12435161622705176,0.20159361674193527,-1.0640183978332336,-0.6903959704149208,0
1.133646634796242,-1.2473730656760562,0.6499309081144813,2.7840361040627144,-1.6818151828257466,0.763758079618675,1.2045985694070414,-1.631425655682171,-0.49726372818253833,-0.5152379173973363,-0.5728680253749774,2.233955498550549,1.2069887014678207,-1.8964531935935587,0.7030740543362834,-0.9882298525771835,-0.7826948872770022,0.05672623215871908,-0.1833703218086868,0.4238682601210956,0.5342928474512916,-0.9312714369632658,-0.3976600484625191,0.7282678182027399,0.4634408421305688,0
1.7299482587928932,-0.4796551108114673,-1.2892785293950677,0.5832914612435558,0.8142593759909768,0.4023335512420709,-1.2653194556902916,0.2820415852490561,-1.330364505856699,-0.39636258285049836,1.1530888781471704,-1.0230605983197791,-0.674702068529335,-0.31630156699336065,1.1360731622786724,1.7833812321483773,-0.154162830870405,0.8044001980425638,0.14579866283933063,-0.008093393592977949,-2.4440419592646223,-0.8650839830316821,0.84490001619445,-2.010468174154787,-0.8805571211803755,0
0.6240763044267315,-3.5387327902682597,-0.1553914004525695,-0.5219059995384587,-1.266828968329171,-0.556047637167673,0.3816774009684768,-0.6296230349014647,-1.3446580517817082,-0.07542961377958979,-0.7670857847612984,-1.3064178652364506,1.154849715262333,0.2839896805251604,1.3360494562511454,0.3507314253763304,0.403677779614973,1.9366465572011458,0.19249090915957323,1.186640356665912,0.35523445193079906,-2.1041513622215056,-0.14303174784130634,-0.7124775716728318,-0.021787522729162956,0
-0.6912972869173148,1.2327686083288696,1.0693418279956421,-1.307765435230253,0.9460859213749063,3.4159432452655736,1.3117320216531296,-0.5289790770421331,-0.5353897394582896,-1.4097527808032426,-1.093912124658694,-1.5568917737534105,-1.2076253600295301,1.2640421008098666,0.8128701725189631,0.10754418236359503,-1.0135030204662865,-1.1311369497951602,0.06792051541634914,0.6753413575494092,0.15540661928526783,0.24367922306035872,0.690192964223777,0.3506153543865009,-0.19669042626163208,1
-0.04373921765143013,-0.15306390743604756,0.05310134310845632,-0.8168857162290531,-0.12838389992879096,-1.253148380614505,-2.5644255514022927,3.973570466753256,0.6571395371527347,-1.2902753065134456,1.4578826952205672,-0.531558696109397,0.6700067591618686,0.5321877778186167,1.5033761041639053,-0.08982750025770025,0.8279915716418985,-0.8525945100985934,2.7129240152119727,1.0093221205286778,1.8148900151351615,0.5203802070394754,-1.1280036034440326,0.3414072757850152,0.8631863376482543,1
-0.19624344283263556,-2.0746978246779513,-0.9860674144139983,0.6385639447831877,0.04715571568809468,-1.035779905787534,-1.3074991723407223,-1.0224318327158262,-0.25355396420338744,1.8097043583393941,0.17900707123205667,-0.402149122319186,-0.5414603540547421,0.1389983373626525,-2.968617554659489,-0.4302863507237506,0.6269871141268594,1.6570721026810071,0.22384342894725173,-0.7980515473660389,0.6959813261830401,-2.4275208062501634,0.6281407813439565,1.0733110477839274,1.5535833440601945,0
-0.3371213193650571,0.7767239877375359,-1.2558450497003113,0.40846331638580113,-1.076078436728468,0.0033607083693063533,-0.13010667393312625,-1.2798522041733664,-0.6967399350070008,-1.8339223144598196,-0.06996977164529594,0.5914683866669082,2.946046213827485,1.0325942657095644,1.3861682041235428,1.7010188699004423,2.56644267322456,-1.1646391650138774,0.5844752043310328,-0.5299900242042271,0.8579300840685414,1.0534136417973254,0.5431051968460743,-1.1890096755219293,-1.0519938582896367,0
-0.954706277869938,0.3231658997977067,0.02986517753043405,-0.8205709349529446,2.27385987742047,-1.116359135938143,0.22730180912237852,-1.4013257975023525,-0.6843924769040792,1.2227490672657109,-1.1770117932597168,-1.088383080163421,2.0223668813592384,-0.4451731659404942,-1.8295110783941517,0.9991789676895666,2.228974747008985,1.711539921304207,0.4130078363184946,-1.4243819844350403,-0.03792903891779409,0.3773909950330054,-0.2154166442565304,1.156594443477439,-0.07679596471280636,1
1.2728850370383114,-0.6257862748462526,-1.112610332788357,-0.9913643906052679,-0.30464097573983157,-1.6656930151248246,0.5054182216509945,-0.9340995875693914,-0.3245063010818269,0.7856577938076357,0.8942184507105015,1.9026353050351121,-1.7097724625252002,-0.23191415443136365,-0.1732940015315163,-0.014581747008609036,0.4141429667837818,0.18717999110948091,0.2469356595463995,0.7403080425862737,-0.8545364964617699,-0.6346152388803378,-2.6865877685105337,-1.2716421648529082,-1.2511523891559408,0
0.3489916802915616,0.146076789264652,2.111155158593004,-0.025883970316887717,1.073632926074764,0.4259105649131287,-0.1447998917774962,1.193092947123589,0.3973251780827474,-0.6410013614346848,-0.9712597389561952,-0.13366412221165702,-0.9073268587102101,0.07224552758895708,1.7278835485844999,0.3449767564381241,-2.550065092985068,-2.446134482532471,-1.9209017602151417,0.6628601947896527,0.055975823946382175,1.5482165565626032,0.6471537664170324,1.2508377274211386,0.4374331864689618,0
0.6311392218014429,-3.4850897674817634,0.7496461585354154,2.1732904902097427,-0.813845909121071,1.7226764095292477,-1.7805809034508822,-2.110434898713437,-0.4073791697122736,-0.32542349902289425,0.16370593406462358,1.078150795850867,1.192300365151005,0.6166576957033696,-1.1184036095113943,-1.0916168081914475,-0.38507901092555236,0.03466889607947354,-2.695624164558387,0.11067619679213207,-0.28778558556062095,-0.6713415473477742,-0.10822776956683666,1.5107671219784424,-0.1311018959155166,0
0.9273606271210526,0.9723240574103286,-0.2901959767280573,1.5266695446008136,-0.20190846113144406,0.19341418114905762,-0.9368198529763454,1.6725443169340577,-1.3614600193172588,1.0498565171149483,-0.1424317411364826,0.43738722267368635,0.5984948708029391,-0.8492449519033196,-0.008755113755343102,-0.37891800397218356,0.05764996312434678,0.9447200050355217,-0.9940624237911342,1.892766896603244,2.2040115230642505,1.1003597916443288,-1.7208786080718952,-0.34533138289755644,-0.025106799502771615,0
-0.9022433431499874,-0.9785473062209915,2.0494688791564184,1.2721328673691137,-1.027384128705552,-1.613423666354172,-1.0462484108997139,-1.2301429636227372,-1.7561431469997206,1.5927499716671378,0.18347427210538675,-0.334155588036695,-0.6929914543671958,-1.3339035452499592,-1.6647031558305923,-1.63187063698496,-0.16722190232513917,2.4515306921904365,-0.8845713619832524,-0.36773196127126956,-0.3627290432308742,-1.492374093450369,-2.4982521899613928,-1.5360195829172416,1.6806318758936765,0
-0.681368431608852,0.43875510811960744,0.012660043016171962,1.3824676439567607,-0.6068700534596276,-0.9150578074869999,1.2388992340916998,-0.5223998214438181,1.1808366708264428,-0.30121523955228463,0.36737721698837256,0.7763580949524532,0.8070850392051133,0.34191120846172307,1.903604327365676,0.25719129049711287,1.7613377412947755,-0.20315333887545134,-1.1615758513693901,-0.06609660549687219,2.584395053890362,1.0916815459991256,0.8376757413051362,1.2715004588968974,-0.49969060873930304,1
-1.2624309657776789,-0.7136341625804046,0.692371478283803,-0.07955665440049131,-0.41277141022418606,-0.04891369121801026,2.761790905878626,-0.08808083989315607,-1.3191070319944376,0.20611441962564866,0.8383344164206182,-0.2502752253262759,-1.3125797572720386,-0.2996063274110168,-1.8931188011927353,-0.7190903302692686,-0.4053105088495891,-0.16841430669174723,-0.2636781907646096,0.011768678629710039,-0.9725681587570316,0.6004775913007436,-0.43001658750457,-0.14642018802629747,0.01926243131539293,0
1.367452449468165,-0.6651641562328028,-1.956468073017043,-2.810118827161713,1.65017098516408,0.26801850306532815,-0.7671734921998529,0.3132562974600845,0.6640655731247758,-1.485187865713872,-0.051281286439606055,-0.5152133553627868,-0.8117960269031536,1.371785001426059,0.04024162979826812,1.2949249964569642,-0.5217345660552779,-1.545288592955268,2.412938853092892,0.6158767028056076,1.3250375504587257,1.381516354498644,-0.18687470629548708,0.8428941849198921,0.01045878165317795,1
0.714943909956899,0.7791317653708054,-0.3491672854806007,-1.7255253796068608,0.7947288191698166,-0.14401509707244675,-0.07852147490919953,1.0044290635136934,0.3187698243240489,-1.1239634542927281,1.1913645857541533,-0.686788078251002,-0.2798633347409858,0.7280040689317241,0.6098598194898527,1.2062174171240003,1.262506439040479,0.046329258122808636,1.8046029514515602,-1.2408553711976635,-2.097029333883226,0.21129925882082246,1.0932395160630042,1.2282761474446082,0.8645095485591033,1
-1.1330905867810843,1.3723674326271575,-0.09030958217693741,-0.4986011372739899,-1.7250162557098465,0.6741261656483691,1.6360711489521307,-1.7571017101222712,1.3372128575740383,0.4136043570357158,0.5241011530558972,1.7351240984014056,1.654573764232935,-0.5318589715254182,-1.2625335760082383,-2.1108675389062714,-1.6484936161854606,2.3786638603380488,-0.949614676543346,-1.009666561197644,-2.2135088275638406,-2.8718403128725063,-1.2060533579472483,0.08958865964859161,-1.2084686279749217,1
0.011404635946115821,-1.6195734929331995,-1.9093973328856022,-0.5617895131327599,1.4441589987862682,-1.5513656779195333,-0.4773673235990773,-0.7768680491732077,-1.4424831399135676,0.0837172189892087,-0.773049826210892,-2.0936184111622422,0.632683915665059,-0.0662717041783979,-0.520925770913491,0.10290731333246234,2.511345795878585,0.0012256377120820425,-0.9751867768840922,-0.18987512639213666,-0.032267142264979676,2.0697531525572677,2.066803788132035,0.691027269072324,0.6924528743500532,0
1.3080921251790572,0.21389064402974178,0.09664711774374168,-1.4694763054120787,-1.7008707765809792,-1.4797470188571396,1.3076868379695736,-2.4832249582090213,-1.6175239756187398,0.027430982541557077,-1.1159475088916175,1.2706918829480114,1.6325857530262504,-1.4932609812294315,-1.5332996978169264,0.8087831155544833,0.7772495315803254,-0.3899096233876431,0.35864058702039125,-0.272939956203335,-0.2165701712981104,-1.774846149620949,0.09020352123679776,-0.8019824479573174,-1.133029958857657,1
0.2944396682924052,-0.35923109591009433,1.387231044558437,0.6903841905550464,-0.11248889998616497,0.37658485139277953,0.6596858051144612,1.1558007942445734,1.1732164025491618,-0.006272863587834299,-0.08750271155812506,1.3686726911280078,-2.2711044421003588,0.5686190735176687,-1.8441679817417493,0.8700661098844387,-1.1408028718880436,0.40823979749738837,0.1091077800210768,-0.8778796340375541,-0.7141538631958122,-0.9869542582701943,-0.4485835347146242,1.1133855427019688,-1.3620391766212527,0
0.34364243192691335,0.15206879837951104,0.5149789800096529,1.8400271682037885,1.195262027863271,1.3684707735756547,0.19263860187505633,-0.3796496423143414,1.901303518236415,1.5675243274562143,0.6422329600797623,1.4020343997864178,-0.7086726503292078,-0.5184152357401101,0.11773143651873122,-1.6818078006184134,-0.5314082879291303,-0.3755416641640338,-0.261762959370165,1.1196690480275024,-0.20940519434343052,-1.961005892679792,-1.2156824192589788,-1.9206921606554461,-3.54993360445212,0
1.8712168657402357,1.0551456556141494,-0.7027006113607233,0.16849183217314467,-1.1427506538233132,-0.2961878494102239,2.2103036102345635,0.09278180863786645,-1.3820043449787764,0.43975296163518574,0.9230814133433136,0.836282135669502,0.8526391680773016,-0.5082412056928398,-1.7320997825112907,1.1740380528366454,0.258689380512575,-1.3116724310881263,-1.0870860223442782,-1.677661273273844,0.4728292216401535,0.24741148782722655,-1.6219158663936688,0.1574464274837636,-0.1979308886668414,1
0.7042793434806609,0.18324954167429117,0.08922473992182889,0.7254530625206145,0.03787603265099326,-1.710660749934644,0.8996697751220919,0.7097566567841649,-2.362427919603414,-0.9777177794670203,0.8040245172638141,2.2695870262409135,-0.13205245418457368,-1.0027051025372535,-2.969553325275635,1.6446720622969102,2.4342209317621752,0.7367104123844797,-0.44141371526386697,1.4151408003991515,1.0612653339873506,-0.8260018209972757,-1.8582385268472899,-1.0535700968289294,-2.0217567879830396,0
0.9032272475933225,0.7472709819191877,-0.633566996518532,1.1980249911543888,0.0005507935294886135,0.05725725029948592,-1.30935848869553,0.9490580891840693,0.7784597776709735,0.5122388105813669,-1.5353172772066017,-1.1237675743457514,-2.164955471043613,0.10589995754736736,-1.1903735336889327,-0.19174037142512357,-0.5172620555090335,-0.15978102116290935,-1.443406943002242,-2.5188943464298093,-1.6594421530686159,-2.401747718398666,0.43341114013304155,-0.07723522026368868,0.519290929695052,1
-2.6936025552913514,-0.42113629071346304,-0.10585029129898715,1.2112842176289753,-1.4371863973321175,0.3043841801456338,-0.6143770508347991,0.7153283334932148,-0.5309934663367197,0.3928929961193547,-2.594544962831989,-2.2571327640884737,-1.9967154774114755,0.8071440073591517,-0.18769844173896094,-1.06906349730949,-0.48000594126396245,-1.9609857442436496,-0.8127883204642157,1.5625764110812794,-1.8790257662929353,0.6275997119205726,0.680683561682884,-1.2928890734745515,-0.4219391593120238,0
-0.4555488037832761,1.3415075732358497,-0.16897252692289177,-1.1170936306141008,1.387950419905916,-1.3485102794834205,-0.779193615914873,-1.5648061620458693,-1.8818518651250962,-0.12760819001660983,-2.0366092381303753,-0.5982842075385626,0.35859243203732494,-1.0732598505670283,-1.3071887965961588,1.602291993942623,0.3058562482428475,-0.14288913086770105,0.6328753093637892,-1.1614261727621402,-1.2366976430474232,0.8946778754963486,1.8461708060275719,-0.0727532265625229,0.8008518594901389,0
-2.113984617332901,0.8773132939749699,-0.10432034942262725,-1.5467436686037657,0.2931715327500406,-0.35031454285774866,-0.8461468600695322,0.03155824224904563,0.7021451743392416,-0.26427692168606753,-0.6545798383477744,-0.8440830182814993,1.2820435604668385,-1.4708426752582473,-1.2203904641177605,-0.9951899682346095,2.1680205087585467,-0.20049292281315198,2.0899081114644464,-0.5067180232229365,0.1876891891481821,-0.26273909713903815,-0.04982173201663975,-0.7539828575808543,-0.26016507661562643,0
0.18250447571126982,0.026439712730935483,0.5981413636989472,-0.10092282071518693,0.14044473212138286,-0.3764844097334617,-1.2054510931186915,0.5595489799595381,0.5711653490432173,-0.41092947653093426,3.3289538383003565,-0.1692521705943657,1.0220860092558888,1.414587383195516,0.7953346172693417,-0.37924254646073824,-0.7046394069057971,-0.8911668398132655,-0.3476367675323605,-1.6052523569021755,-0.7578486753901819,-1.756255403672211,-1.1252241399622953,-0.03195037935183642,0.7073452769875599,1
-0.99358090972681,-0.4523837942460792,-2.24883406331817,-2.44320412138059,0.2166388503652456,-1.2476485471421366,-0.6784816686484598,1.26347824947613,-0.7065979669401239,-1.3820417445170736,0.8116350763112798,0.3288135133674706,-0.6538492513333409,1.072063589694363,1.8213694788056813,0.7001228577770537,1.424699616315452,0.9733906453684191,0.8957614709328025,0.14441935466422323,-0.38556893639048884,-0.14127545780904815,1.4344859976839506,1.2112007635775819,0.02991452137314282,1
1.98496034658833,-0.04833940255209933,0.9216452999784638,1.0193515084316922,2.5726833361684727,1.3868351109303312,0.6084097475414496,0.7106269592510648,3.4079367662730364,0.6004318512184775,-0.9926431403653116,-1.117079611002957,-2.6998905223110103,1.6281330321625345,-0.9936624525740466,-1.289794217823339,-1.7103149277939962,-0.05849971747904903,-1.607861558696711,-0.9122360085904015,-0.6293121099128451,-0.7025542343813967,0.4196459693155274,-0.32829177351008265,2.32873027418155,1
-0.591483648979769,0.9500860960641991,-0.35567189071567684,-0.2107650691160918,-0.5102396020006288,2.2898040860033895,0.9818864870944741,0.4973488003129377,-3.2773909473236404,0.21131607821319864,1.0556057058230723,1.2998411803424637,0.9855406228405036,1.8634887127683286,-1.935588697427956,-0.12289126337011536,-0.7506688292406117,-1.023853014186052,0.985882828359841,-1.3993087173712293,0.614703321669935,0.5092377216637125,-1.2990667785572574,0.9642472189817723,-1.9830193737257122,1
0.11143704300694737,-1.0626366343675229,0.8525296737222385,1.2069459310617603,-0.9234014337071824,-0.13314585609596197,-0.2750681283546582,0.6242539959447111,1.3441214175409741,-2.1402798738299857,-1.40206467810743,-0.213169590636608,-0.8528690152784988,0.02219894256506938,-0.5305623834219477,-1.010971145467589,-1.080980097479317,-0.646537030461598,-0.45093923036040706,-0.3496193247094194,0.13098017896891556,-1.4208757651961665,-1.4410145284505753,-0.10662767541483878,2.6741034598506306,0
1.9719064888769897,-0.28656697186748487,0.06798849174935084,-0.6691184809974681,-0.5188339737017702,1.053957772470917,-1.2580547432531959,0.5067384615918071,-0.3660116539504741,-1.4837240593118737,-0.03682884595820479,-1.7004840787971447,0.16309634966031739,0.41238604288028347,0.4659998935141899,2.1479136650575814,-1.1580328287167743,0.3180534666283996,-0.9188501089594336,0.5632353989032551,-0.3853146319982126,0.13103783780370765,0.1481253118464816,0.7856159429332856,0.3427786286552101,0
0.6562668406151296,1.4717538346286276,0.7746931934209307,-1.1515794678360243,3.9127774687760057,2.0888592009555405,-1.4105766187878115,-0.27633005579525416,-0.17581818313384512,1.442757099286273,-0.5429103513936452,-1.793562622050696,1.029020107362069,1.9058390024457972,1.43927186066627,-0.06299385841624278,-1.8616258232785126,-0.010824752697738194,-0.08244734277084484,-1.6396784732082215,-0.22821703417988365,-0.4730669159055796,0.21613874626788898,0.4802042013832719,0.8284503651183633,1
1.2514226406716829,0.09630367088477144,-0.7390090316003928,0.49245954852347645,0.6413289854244569,-1.185262481871952,2.4376507664425406,-0.5532324818468941,1.0868690185269403,-1.8762829998616177,-0.5632478550051816,-0.4244488107654828,0.37595884546146774,-0.2985000417729141,-2.737673394047902,-0.4118996132402108,-1.062541750819442,-0.18531654096001293,0.2535430840729582,-1.1937709809669537,1.0335186770697995,-1.7167714737766824,0.82723352207994,-1.1330996880370658,-0.2875443617070711,0
-1.0211171684132418,-1.286090898123576,1.711282358201219,0.4414218554357735,-1.4114401424267768,0.4111036553248588,-1.4553412931634246,-2.219104863744373,-0.22449082261919437,0.23677098986960887,-1.0495219169567886,1.4408219446611015,1.4350198289793432,-1.7933742033753008,-0.24396846507116246,0.5526475859137414,0.8187385600835556,1.151755314362755,1.0342696137414071,3.0263176770070395,-2.443094045663593,2.6132399662493664,0.573560094171815,-1.337189300110735,-0.8938013942152305,0
2.3835843071931206,0.12997812464531633,-1.0572742965426523,-2.7417866006626435,-1.463246860517493,1.5981556060487687,0.15647576788629425,-1.8033187471230865,1.5685112464964066,-0.22498005142716937,-1.4134717056655317,-0.09898312787355018,-1.3879402310964972,0.3324324528715193,0.7086916067015909,-1.932167833968339,-1.2606576986832843,-0.42233495436947244,-0.24586823514859696,-0.6592265531220081,-0.9152203704230664,0.14621380170519055,0.22168024235980965,2.8170075708795124,1.0741985862339172,1
-0.5054233601506669,-0.9685536907475911,-0.5078632395056586,2.5274631313283518,-0.8580047081426049,-3.25564893994348,-0.44824420199449944,1.8193019219942792,-0.05690439255886104,-1.4565496305470913,-0.3161750042952693,-0.6942853592814022,0.7382279752960179,-0.6179919612763181,0.1976065654123288,1.0171037539527616,1.100760280789744,-1.1960309651622951,-1.4110796968371038,2.292428029427551,1.6374722824572177,0.8497508593380143,-1.516191443409825,-2.869722435085941,-0.22628807628920933,0
0.9891022001745606,0.27285499081862563,-2.116736063443048,0.7699000716288058,-0.9217045326514673,-1.4487740834370098,0.9016271722738504,-0.9334144189430084,-2.265023249564208,-0.4188947442248374,1.1026244824894929,0.2524134628128356,-0.9340228839184028,-0.1790700279820545,0.05082461825555995,0.1318231017814563,0.1480264290748659,-1.408658959412463,1.0404195768948723,0.20459870204607422,-1.5937171520989932,-2.412402274257153,0.2685355232219466,0.7627684155369787,0.22376242547944303,1
1.4858819681954438,1.252706268904761,-1.3692640884707536,2.6623384534186183,-1.7784260020883762,-0.7914754249667293,-1.1355637635051377,-2.0064538805585572,0.18049750461597203,-0.050438499434086376,0.1738069108000757,0.5461722815768704,2.66620066651953,-2.466042330618965,1.1472230226911333,-2.1963118140272604,1.815204282926869,1.3389276182778678,0.11477821201374583,1.0272983510314813,0.6157738430781295,-0.8618548661306901,-0.23034131016996023,-0.45653735963266534,2.1854694387140694,0
-2.264465503582584,0.06188392324031855,-0.025709728661781117,0.15389285989736612,-0.9593635196427829,-0.09746446460165542,-1.5868100990252132,-0.46013799488493834,-0.9361232002341109,-1.6979470304259818,0.7317608949513799,-0.24331665927808044,-0.40212473231259954,-0.23959065692313675,0.6518237982962135,0.8959686025021502,0.027298113720474526,1.006830238194253,1.1851220888347838,-1.3349239283383045,0.1721979099884126,-1.0479405133555775,-2.275354592812451,-0.45566627272035354,-0.6695569855012329,0
-2.4188907749229793,-0.39592860728740137,-1.154341496064073,2.179131738948174,0.12813440651034058,-0.17531391926827578,-0.024536467434744913,-1.5325087390233536,-0.17015959003358527,0.027153981717405018,-0.2087446195025175,-1.3734199699604734,1.0731448957246796,1.1559875235682084,0.328734864973947,-0.536659643223267,1.7681211960084937,-0.4056436607615128,-0.9438481530179128,1.008270187901602,1.6819463555110192,-1.5044001060281986,-0.5311592487061437,-0.34128176561943624,-1.2210666684084392,0
-1.0001440323122506,-2.2578868965457914,-0.5774297683676739,1.6256537210444164,-0.9865296194706146,-1.7843396886784364,-0.3512082262963131,-0.7495883362495659,-0.1660550666065962,0.8021601182228625,-1.8478001366534134,0.19562785678870775,-0.16740078022252985,0.13634721856190746,-0.4305207289974113,-0.6718929807379822,-1.183423902690695,2.7093056188873716,0.6326487018447418,0.9848545113699496,-0.45071646970398144,-0.5621343737692307,-2.141531952356552,0.221073165301091,-0.296153598385803,0
0.1788289922733448,0.021930241679491896,-2.108417856952507,-0.042097169697982384,-0.7176195164727508,-1.0574845627390348,-0.13704219342557755,-2.3235752774107774,-0.014278502041366825,0.2469887742380183,2.2846556775664304,2.5740860938590804,2.4304863532842216,-1.5117504603805885,-2.410659024869967,-0.3918332022887906,2.2965681894124255,1.5781064591756333,0.25304849436483506,-0.5650762203886713,1.2102962186304826,-0.24571778230608915,1.3733109608704865,-0.5447492063523298,-0.43865397876270473,1
2.9342823245134575,-0.42488986272939505,1.269812978132367,-1.139369661309558,1.3900532504259477,0.5623509965471722,-2.0417809397500912,2.960693501383818,-1.0975226107708236,0.5399335464721329,-1.9713703411415253,-0.9608340380846979,-0.3182624099962531,-0.24822583173525137,0.5979138111715704,-0.468553548497399,0.5516253868907193,1.5593869702821248,0.254875109792113,0.10950903600272663,-0.21327415908991684,0.7812674678324325,-0.22950515818260092,-0.2513890507844722,-3.0677140087431716,0
0.34002762847627177,-0.29116713030611174,0.9149931498923248,0.3119795887638408,-0.792761896302925,1.2609169381292367,-1.3909320409610122,-0.11370720241622004,-0.6898456958195456,1.1499242078639134,1.3065529174497392,-0.9520548005806808,0.5078073159703265,-0.4515182271481587,-0.9644908518131129,1.6865822865874236,-1.1374742987686506,-0.9843417050504815,0.046048652590284254,-2.610056467255884,-0.4197194190815787,-0.19828480159386103,1.58981791382182,-1.1221888725717317,2.2059348471981313,1
0.9164140425924221,1.7970252881679325,2.4071523296531954,-0.7666761000769343,1.6256262139845332,0.6595636666473719,1.671938143907279,-0.37366662603345285,-1.154985254747194,0.6944270017848702,0.7452695450250895,1.3936610247429546,0.44665712623762355,2.1835717660213803,2.3332467244424984,0.04262334575982432,1.2965302715567204,-0.5340541395336837,1.7346270303634597,-1.8447250811702407,-0.4357077039289132,-0.7752196577787345,2.2541552148285824,0.26550610536894215,0.7675909903347359,1
0.5194863334173457,-1.0118759112694904,0.32839367280750614,1.5107440040360296,0.11400024881112736,0.049515155836159785,0.26583440593583746,-0.8177555767645284,-0.22727783676430274,1.4983181505176095,-1.2738245871355343,-1.6527708404502002,-0.8965410110386793,0.12173571392522356,0.09635929786797326,-2.434898086079942,-3.368030752026999,-1.519399615937798,-0.9159854010063926,0.8086867803132538,-3.097943091717511,0.1201959323910009,-0.8587106602815038,-0.5562610701705155,-1.7142742239350894,0
1.0346624646967126,-0.3731688166869871,-0.7466040781946358,0.535151176411355,-0.0658037398077212,0.08289872104176788,2.670917620410957,-1.628308773482281,-1.3325126772368394,0.4141954670896276,-1.3327909455612246,-0.2048933670735456,-0.5683758896836889,-0.479374759984068,0.4814831860300342,0.6224141959033476,1.1131895556614373,-0.03487274191949108,1.4068987689371113,-0.47142928789011473,0.6405120648523931,1.1484099894136337,-1.5525814769227808,-0.25634664583982103,-0.061595774464230035,1
0.7851103748842585,0.7344982566151129,0.11558093318248697,-0.9469503779288386,-0.33331709437139034,-0.3258998185662229,2.6455554522107976,-1.923350200785419,-0.49942897253547136,-1.1320656245567244,1.018926999209732,0.4746413557921572,2.1940167019725783,-1.5199031027333356,-0.9463356913948189,0.6244867626898999,-0.3442125787549698,-0.945902414144203,-0.01021690861299851,-1.419471515966155,-1.8607080417793094,0.4492341178913453,-0.10000313552901541,-0.16686862681897408,-0.6711784543459595,1
0.9962657542118641,-1.1811003542567904,-0.8001387230317251,-0.3706817300655342,0.6787085371206275,1.2973750324190834,-0.3405607808727845,0.3371579162338553,0.4995370702866582,-1.4732230940988513,-1.104809854396066,1.003276515797383,1.5742421679440932,2.0551001565792144,2.4474709133720287,-0.8971505103464118,-1.0398174572776522,-1.3264695784876959,0.16058358977381815,-1.1510907856490302,1.5186508971679362,1.3667308227264716,1.5396038128071166,-0.09079751027164795,-1.6050990862951586,1
-2.8195704778356374,0.20891909886578303,-0.7906094382387958,-0.9039654839069495,0.37407563957228784,-0.11505663672246014,-0.13695363933357996,0.3372426651712307,-0.7913149093882226,-0.8306008695285791,1.1442705593041427,0.7393559329745725,1.7661422252437449,-0.04471082659947234,-0.3399166754317091,-0.4384462773255251,-0.29267049488196195,-1.130691536240904,0.7316026576752331,-1.360520492142655,2.0413271882887742,-0.790646673619565,-0.29853545131291626,-0.0760653542190685,0.3874868668901389,0
-0.9736084507364865,1.162800724865297,0.4667420877039064,-0.25059943677160934,-0.006026242872782084,0.08958168913213616,2.18150121325053,1.0431487682250136,0.283421885547527,-0.38155856719182135,1.1826711117118118,-1.4081974177534669,0.47640520920967555,1.7297326509479045,2.5275343105065926,0.5776951984941537,-1.9334701488669717,-1.1495852099407406,-1.0829994649342125,-2.0384791474311177,0.10881416770970065,-0.7698119220514659,2.160900828118383,-0.45563468243057953,-0.25500048418556676,1
1.2123522835876652,-0.6358740380289274,0.7957790265905921,-0.8188172102396709,-0.6887302302426843,-1.4794636985612217,-0.6483774283896042,0.09843300098220725,-0.8479857957724708,-3.3367757012915193,2.408067197424722,-0.9236119134698485,1.0003129874629564,-0.30392858446835447,2.7102915190532344,1.3553279868567851,-1.2204474918535808,-0.07834669822153595,1.2624070841603627,-0.9122076911386249,-0.30339828568063554,-0.6024838096566553,1.558757651110977,-1.186196971155936,0.8889742701425956,1
-0.9231040280969811,-2.0524146779173926,0.21491581615445643,-0.7654910344829647,0.13398399601707245,1.091560170966437,-2.1568097964359723,-0.06291233601683388,2.623821611477931,0.9105401894387413,-0.2942141424168612,0.5778696752707795,-0.7472550066243253,-0.9764873871511897,-0.7228170767917154,-0.5204193791162767,-0.22418943118004764,-1.2046037517037789,0.07280975543945774,-0.3989389838639902,-0.6086783701961089,0.07212267602583125,1.9550600253107568,1.1886168814162725,-0.26969156951489615,1
-1.5178818365893918,-0.902074089476717,-1.5136380000045695,-2.2818526064233247,1.734360713852656,0.9303808910293987,0.2309237296634793,0.08395495289772148,1.6456035735509358,0.7106642665753866,-1.748433440003046,-0.3828428061327664,1.2251274130239311,-3.428303240674103,1.1207811587054257,-0.9878039919497922,1.249690109653104,-0.16903063672203988,0.10661070751299823,1.422726251652069,1.202963639513254,1.018184558785678,-0.7531337643485575,-1.7060501453282915,-0.5194664812964862,0
0.48883631378053494,-0.2704149579631927,1.3760951284023506,-0.479189194387992,0.6761029521743853,0.3549421387099828,-0.3236502790252456,-0.7096094859844968,0.6648491016254295,0.10654157815247878,0.21305728509658267,-0.5534686724689706,-0.9592537670022558,0.9087697681128849,0.5059840774717034,-0.5301946308808652,1.8323000807949028,-0.16909167628962096,0.25944990666522033,-1.512739393593109,-0.426545106562798,-0.8541482033401795,0.28452477511949426,1.332799819317346,-0.14682773958336215,1
1.5591754068863568,-0.5504180568235172,-1.498408224089333,1.0774807488903841,1.4084561258286488,1.7513214504208128,1.165797317021422,-0.032808232158883226,0.40303281480815234,1.3502723001287196,0.7015113899408407,0.7563747321216485,-0.7551144904448832,-0.10413611212631291,-0.9578356978571914,-0.09527588805673609,1.5405688898007852,0.416034652351994,1.074552609687958,0.4498644682964619,-0.6833474400001954,-1.1603717444541393,-0.13700834152875463,0.43675636984392946,-0.41950511287868986,1
-0.5873593375166015,0.2948382911492421,1.0878872315183297,1.2235263734673942,-2.359923287835616,-0.4171395080741274,1.509285047676709,-0.9467211453202138,-0.08410867893923507,-0.3645990757322075,1.2743724225423962,0.9601669874817276,0.0018849885063851879,1.2239825403273579,-1.4479709845371398,1.1388329579023093,0.46918583781010864,-2.0186260989223856,1.541008276439195,-3.0886252827306553,0.9308500085236608,1.1435600902213374,-0.7535351599689689,-1.274641871642808,-0.7887575248681876,1
2.5665131190055614,-0.9658063220704629,1.41868889358758,0.40513260288864306,0.8219797752484133,1.0023897305122316,-0.5933284201317842,1.0369512273346801,0.20353446569172695,0.49279881415727866,-0.1496177880116638,-0.9553889163590201,-2.651538505290806,0.45118195306729936,-1.3984552609994352,0.39075437633990207,-0.6791777679363362,0.056701349482430635,0.5406376168050617,-0.059777043837339505,-2.413897255539942,0.5847455151935494,1.3930175455766465,0.9037688428671327,-0.3128292388087913,0
-0.6322546110698686,0.4805937032872212,-1.1668134546711353,2.143250064012917,-1.6143689842597444,-0.08710645297793818,1.0123605518770944,-1.1482936536540915,1.4807924525927514,0.2858364718687125,-2.2121178778032173,-0.5972435807748709,-2.0691751657231032,0.9950264997335054,2.329783378120637,0.456199053786685,-0.3133949340814417,0.9334968182181882,-1.0417960067357723,-0.27253993681332656,-1.658166542175291,-1.0966000285847377,-0.3602259229083413,-0.1443832831811278,2.051242953648205,1
-0.09578065715872638,1.796095971822564,-0.8430862756990505,-0.8215944745793766,0.14171663896781214,1.0575245045132493,1.1834832281185133,0.3342287692500888,0.06439475437344744,0.15061150829405856,-0.2890496998322232,-1.3044367628789024,0.3904410640591708,-0.7460324259337678,-1.2854768344035896,0.8991892450736376,-1.153115389596196,-0.2145261009692594,1.829216903379957,-0.7618477513846894,2.4625095926172635,2.041263688237739,0.8155092490743405,0.49830278081104795,1.475472828891222,1
2.0758889446118225,2.6836730995278715,-0.004030644070642353,-2.775856162857023,-1.5991865694476877,0.17976819724097115,0.4668731167337881,-0.46409912709779116,0.9149975551647079,-1.6064078043679673,2.1954100155023077,-1.375371086954927,-0.15922391400475733,-1.0684902980891067,0.44298353533910123,2.520159145817792,0.609125532638795,-0.78505905947587,1.206644545147021,0.33135918486447896,2.290424065381792,1.1248787291301459,-0.1313023066948537,-0.902639716475818,-0.47619780612705015,1
0.8199807805561589,1.1948305603537197,0.1386022756691001,1.3418594663040078,1.5607848504099655,1.167746095636603,-2.5557228373934775,-1.5220918334069902,-0.7559380961828699,0.27016884169811184,-0.03834807891811831,0.31196111699455287,-0.8055371456613918,1.4004087309888835,0.25366248686524623,-2.2753834186092035,-1.2288019793621812,-1.234521239743652,1.2405498511963282,2.1510442736313826,-0.19337926605712186,-1.4522482681167215,-0.9089961790053971,0.9386029475072684,1.5224136176050949,0
-2.541272208646481,1.3387674689766522,0.3360005347915516,0.8261603634575002,0.5638104884145123,-0.9328515652912619,-1.7946507612662221,0.5852630453077152,-0.24843789843197045,0.09683004481831305,-2.0964727814875,-0.04891197681489734,-0.12066860750587233,1.610545926966715,-0.40365458943846944,-0.639085511068617,0.2296405656569352,-0.21812036663749956,0.4007270168513761,0.4878930751454981,0.8434451550324867,2.000273031780564,-0.2892705100739679,-0.12553173824567088,0.4988011561924258,1
-1.8997045247553683,-0.818148750092951,-2.2337599906138794,1.0772845911512605,1.6190204414034386,0.6236761707878841,-0.9500769909857939,-1.6015861253693506,1.0075497555413757,2.115537029511765,0.4296886844422854,-1.3924088853536425,1.3227601649056508,-0.4772708619287592,0.9007753876657927,1.3977725282120421,1.4857770277326678,-0.22441965323089821,0.1480183638912666,2.159381468277627,0.3114484876209377,0.22430594837280782,-0.22316481466209387,-0.02439157653681745,-0.013860080378217732,0
2.535695607309625,2.2627562041553215,-0.23844345804372163,-0.6463039781909706,-0.8226215738757647,-0.1677929224158733,2.9180896949492863,0.7530086960006772,-1.6108433409135674,-0.566925044913228,0.18741089308862682,-0.7820101050972414,1.3697625339618344,-1.0272614418219659,1.727440931217488,1.3072853253681367,-1.036455907713837,-1.2975139470804853,0.5920720784599096,-1.024250715165152,0.9149539786721613,0.8653797070143979,-0.4733543575413932,0.3878143657022433,0.024902847624668767,1
-0.9454307099476781,0.8140850301620204,0.8677939116683684,0.34867703139143436,-1.256617611296773,-1.4597542652748463,-0.7486337772772433,-1.2423446188173033,-1.6058264515768914,0.48766471046489984,1.3157604898227224,0.14360826669972027,2.1521793731505463,-0.8658748317645402,-0.6378436613466175,1.3734830923516785,2.1709375245852924,0.3118772904235322,-1.0497474641034075,-0.3434504295628612,2.2562309752951757,-1.1242731149620844,0.7748449058905369,-0.25796801177815976,-0.18043051955876788,1
-1.0733772027292003,-0.3752467417604786,-2.4834728397091026,1.6077853981484722,-0.9842124079868801,0.808691999758342,0.19264986233274028,-0.3195957318750759,-2.1320508436723733,-0.2669807062490396,2.1812776764978485,1.3252844522704685,1.147159078151734,-0.11647182151699376,-2.045785765841285,0.6176668401871385,1.2466641064331727,1.3681752232437003,1.16354913940516,-1.5075250679958274,1.0252959008672624,-1.6138481115931276,0.3624558993344489,0.7227934900224735,-0.6252734142374756,1
-0.6967468397761126,0.6711499315532792,-0.7827393405749485,0.7477743316971524,1.2306264116911776,0.24474332890801087,-2.981509681485197,1.452863436299335,0.8542970494570006,-0.7981414232250669,-0.012869080050327608,-1.6320784438006377,-0.8227049378483531,3.1031718863557387,0.4156539586742887,1.0620647839501736,-1.2277773407306507,0.47802953871704,-0.9888116103275757,1.0117356479969,-2.039939205772534,2.468991613892427,1.4373138231138425,0.10546823404329106,0.3309216834934019,0
-1.4018936667070057,0.3506077988027533,0.3435660821735605,-0.6178490940962746,-0.3607714575178911,1.7703567633659683,-2.6757991102179055,-0.6033383763375861,2.12386424427903,-3.3498092995610014,-1.6002685160356318,0.23793581944575187,0.32934778885036015,-2.4056758275481753,1.026031263396758,-0.0796942615368538,0.8087963927129214,1.6228455242159008,-0.5241900418308396,1.068918684913129,2.14094299760808,-0.3313260616367457,1.1414621910384357,0.923172453058725,-1.3899644228470835,0
0.3041998046126616,-0.9016868417995954,-0.01877425444289335,2.2690135994884724,0.9753633231827387,-0.9113934119905781,0.5239275051510746,0.959833716312819,2.316242554168837,0.9133361230482717,-0.4545522596224351,-0.9217283059726417,-1.2655791924371211,-2.240016201861998,0.4630503098020796,0.5612566549486293,0.16274162006280735,-0.19877406941369474,1.331204987977584,1.9293551361831311,0.7706067851890575,0.8289698059494675,-0.1540225533389849,-2.173195381812775,-0.7154972409411325,0
-0.671688385916332,0.8303844333107105,-1.2914844008847362,-0.9536768178675985,0.3358703396852024,-1.8291708297767135,0.48058688861403615,1.5523857253879982,0.2095899541300303,-1.2121722532210106,-0.5226098625705053,-1.3619935833391608,0.5548273936316963,-0.05809224077706854,1.2337131300511728,-0.40426107069362605,0.22619125426896564,-0.4828236881400205,1.9027597157342824,1.8677582718319863,0.3837614112614052,3.722950455004834,-0.789114458525668,-2.026604278384006,0.23436794350712437,1
1.9043927337093214,-0.15570700161163548,2.744934042628218,0.541968799189948,0.30691429907340617,-0.34263897220921646,0.8629119560731869,0.984056370005476,-0.32814782292571665,-0.9765235342199611,-1.8954831553117668,-2.4461529827994535,0.474172426253896,0.7242667337205937,1.9863364376998325,0.06346842619345462,0.5610811754923133,-1.7275091848347097,0.948021505874735,-0.006343905173641834,-1.4590140730656738,0.1372357382153282,0.17626796640421186,-3.0948447754357256,1.4378700162925382,1
1.196214709608854,0.4328577740604062,-0.858748440635753,1.7061699252458964,0.4989353285062461,-1.2562184390853477,-0.8397109916063603,0.7447731096846508,0.6732416104682694,0.6727584203957497,-1.0102591436647397,0.11863636055667476,1.9667549855201643,0.5512263916177568,-0.9487325220398692,0.07692334254882532,-0.4744781714720232,1.3426165605718605,-3.6054573866059156,0.5613939913399227,1.0481477252023763,-0.7601485569515246,-0.5350502998383184,2.335909809895257,1.065184609536082,1
0.20666923403173162,-0.5124932026379594,-3.7853301959193266,-2.4478293978883827,-1.2763856680768855,-0.8564251213526882,-0.11594516262629279,-1.2897259661020293,-0.918550670920971,0.09846980742641642,-0.009054122292121325,-0.5773307376946083,1.161610812876301,0.5419330105529481,0.0943322984763783,-1.1605619464218808,1.2036723799915108,-1.0968058859429055,-0.27010837508853003,-0.29805241343080124,0.8872877606188813,0.5915032708630714,-0.09563856800755133,-0.7699997121334798,-1.8020114879046558,1
0.760473948034289,1.2266407283758594,0.15431465687141527,0.7433411751608875,-1.315718390534299,-0.15643775976780633,0.138161047405836,-1.67289953765918,-0.8267673271043345,1.4731669659040303,0.5481553347182253,-0.40064002054507986,0.736670048940018,-2.1051313007062054,-0.44867087387107396,-0.9644551388181251,-0.4654252450005872,-0.7333896808538336,-2.034760618084922,0.12087724949743955,-0.33715992597717026,0.8492647236863485,-1.6826548419175629,0.6893582516540747,0.23863408251446042,1
0.5969455735398852,0.3466722240081005,0.46217911715063054,-1.4566210316085764,-2.3033263875233816,0.5441218037823486,1.7862865627254951,0.3134430610867025,-2.0585117477251553,0.7705288187444429,-0.9056041636925072,-0.19139287466842358,1.109451473887464,0.3338367217157042,0.8237126799982349,0.8737532062229767,0.8370002781101716,-0.582736318657968,1.5080489605303904,-3.0397249887042754,-0.4746485102022081,1.1365089458662299,1.9644855010094322,0.9846964958786586,1.275630874158192,1
0.35820355975557977,-1.137643332117781,1.519578213641626,0.7071221030468631,-0.3055621137496685,-1.0855327499633036,-1.8091131636719457,0.20243473576211393,-0.7308697217139591,0.913573654859958,1.7967852164516138,-1.6764772449904166,0.33304727769953724,-1.7955378002246682,-0.7978879526694223,0.35461790267942567,1.4814217374909533,2.03495717377056,0.4106256411543828,1.182133951809692,0.9083785332256833,-0.054959516226386396,0.2223890301134267,0.49863511849859965,-0.6653524780584226,0
-0.6195573631523531,0.21511393388402167,0.5164121866424213,-0.19125938008105658,-1.6593388049277114,-0.8958529423831062,-0.024374259500960505,-0.7792817443337173,0.31112548580458443,0.42341116373851073,0.1377098720501606,0.4150773310413292,-0.5246913767752761,1.1695814523639059,-1.1789039057829962,-1.7067974116343831,3.2554486327038834,0.31511983511182307,0.07964327160897444,-0.7857196377760698,0.5544467418020934,-0.07700799137630776,-0.08435891642341836,-0.9377424729164203,0.7304531984382947,0
0.7345374750602125,0.003845203950607723,-0.27874852416919527,0.20849540859658577,1.311759497922186,0.143290631204063,1.5594560192345037,1.5288041342513055,0.8301183023421368,-1.1503234966517508,0.7368478799149234,-0.6745659869821012,-1.1216090871471411,0.9826797163158355,-0.26016364329887154,-0.8336521582696618,-0.4724219000723131,1.0973479179681478,-0.10519717389560174,1.1379845417081222,0.9699684230355409,-1.9196769552394652,-0.6388619744839213,-1.1887688506508465,-0.04118642017341456,0
-0.626055750591797,0.9778866132637078,-0.12584514124472546,-0.16119908203479777,-0.4483293475938492,-0.12908826683881755,0.8570799941052782,1.579630547464757,1.4024331920170374,-1.3952424992173185,0.6719808208600635,0.5551802443736233,-0.09141950002427235,-0.8040734864119706,-4.167892337915476,-0.02308961820073538,-0.7888602824768547,-0.26538111810540577,-0.2904924460759583,-0.9335355812154237,-0.2360845651566403,-1.0711132852890866,-0.762812404572113,1.6271179342019026,2.0825917140500603,1
-0.8453683115771907,-1.2883023774466835,-0.5086162417278126,0.16147069170531614,-2.3198116318091744,-0.5878997448980946,-1.7080813086216695,0.30218801979475246,-0.11277149636698403,0.6336218960529667,0.44472254404701816,1.1166995152834325,0.3556970540541585,1.2032909032425594,-1.8141730230977062,0.7023154434548571,2.792271844730744,0.7057203354655528,1.4029243943370358,0.803157999780331,0.07956892254849512,0.530180529609401,-0.6712956064917349,-0.11506800092495623,-0.096485762806088,0
0.12598593426800064,-0.3653018745269908,0.43673349156563623,1.2474807381511996,-2.8366479717435795,-0.8934702740227893,-0.13547421229311507,-0.4531924154632591,0.32571124042842825,-2.017732786536309,-0.20643292885350498,2.0134695706968024,1.2691407395033272,0.21575232075754053,-0.4337020495003595,-1.6444664539843101,-0.1670997425227938,-0.6491950510842799,-2.193608659459203,-0.4226249418758582,-2.6706574061058896,-2.2511088549351466,-0.41466608495584417,1.5672793513318828,1.7500585626942295,1
1.2515791574992143,1.9558890894269356,-1.2019429143114104,1.3091462863096,-1.5829112719328913,1.8872445011060006,0.5714875216114939,-0.20284158269628688,0.3073539871362209,-0.07818657206395452,0.05935650710313885,0.27024875240380763,-0.34068001282680316,0.784831312563007,1.1323813066815243,-1.7486195321469304,-1.7493508555366866,-0.4714896164760576,1.1864529777646853,-2.0078751853674803,-0.34756892601389977,-0.24222394036724804,0.27575955365212124,-0.8783397512128804,0.36004756119294345,1
-0.6095876185930869,1.5855498089389926,1.1417312134893285,-0.8105640639110786,-0.05861977472097797,-0.14705983214560697,-0.32996632632723255,1.2727087060403586,1.4153614038315097,-0.9607283527557243,-0.1502148224767979,-2.511539337364492,0.16542598260220345,0.028236418515961037,2.4069658339281896,0.978016850680678,-2.326530016442817,0.37737190171419877,-0.8821011954850715,-1.2281923353073314,-1.880229175815405,0.7301784609619021,2.5874193363190408,0.7408340360086452,2.9915311168521117,1
-1.3259877548156103,-1.0095721699404903,-0.7138114702659676,-0.1638179861582072,0.8186008155667788,1.4619060952651661,-1.2598454356695301,-2.6156773156166633,2.0089737889664234,1.6113890454970647,0.42539887392632325,0.6573648077441349,0.6936771669038035,-0.2840604293449558,0.23275966098569922,-0.49521927067686483,-0.0006858193119500255,0.4393294888212606,0.6824147248013094,1.4217076578129482,0.24491714704936135,-1.5988938355493267,-1.92507255062635,-0.28739051420299444,-1.4288654200556379,0
0.19182742006933107,-0.2813510837990092,1.7808696564004658,-1.244949724403361,1.5798036363630126,-0.6330474628808852,2.623495765314554,0.7206918636834401,0.845975728903544,-0.13304349803958193,0.4410623172976506,-1.1203420947111336,-1.315396382590043,0.6121767908084789,1.5940098591342662,0.958683342904167,-0.6350729970045792,-0.7991555890644777,1.5044079172341407,-0.6130614741803468,-0.9998994490356432,1.5154181611750746,1.624652812857604,-0.7251633056842566,0.39133981561994,1
-1.0684688601118804,-0.887145233879843,-1.054986716634997,0.4636757344195126,-0.8737531688006853,1.2773826961924333,0.9329355246023006,-0.948579487672989,-0.3780985828220258,-0.08885912468808257,1.1789480980831506,0.8885784266816898,-0.8350520136634403,-0.576304885349444,-1.7033149027291044,0.15005790776860475,-1.4570456499472313,-1.6095637477604197,-0.9615535093918489,-0.1261070749876556,-0.02101142670840843,1.646933230213945,2.1505251034129715,1.6250609663700164,0.8310663772714539,0
-1.591285675066688,0.11068726417236965,-0.41259383505005887,-2.6113691716189056,-1.938112324553272,-3.784517978748137,0.4001133205614212,0.8688332947190798,1.4014091157397628,-2.198189743701043,1.0467261028476336,1.13477078082102,-0.9706404807239045,-2.1382003400482152,-3.2312906991249983,0.4112854036785658,0.384638856634401,0.6549682759838232,0.29137805013486245,0.582562770835294,-0.23471115840111745,0.8142293758057013,0.8463609031034117,1.9677021181124648,-1.1517780038531367,0
-0.05741367554955748,-0.737089810488711,2.15554724806975,0.6594545520087137,0.1498250862230298,1.9920251209982838,0.6731943432436674,-1.4074392266207194,1.5218854420047534,-0.10818818530443675,-1.1250518250439894,-0.6268695514180785,-0.9363291123712749,0.8538263315357463,-0.6426659487018158,-2.239111143140897,-1.5397834857209656,0.6705723627690221,-0.19870127430012074,-0.7924039983705615,-0.4898574101414085,-1.9570642754614913,-0.7523666314169994,-2.4356833871903327,-1.1698066074365985,0
0.7382940557146799,1.3371944729522331,0.1401488715497581,-0.18695219837864874,0.7095806253631103,-1.5198688705744061,-1.1130019362299046,-2.051460124674469,1.4923211733871182,-0.20736730171922543,-0.7188182073909812,0.3282412816534632,0.4928209876326122,-0.0927054511947299,0.38282747386863436,0.010046145232170622,-1.1800516268100207,0.019054112251361444,-0.377049054293842,-0.2142143968501352,-2.556000784690255,-2.5634652246566425,0.9816698335583821,-0.7159721559076035,0.4914999386614378,1
1.0371628370176538,-1.0635472358034739,0.67132804421133,3.012206504699136,0.04497884122575169,0.19435541174109605,-0.4973945687243219,1.113120721190779,-0.524759598691679,0.8342670349374387,-1.0127195272647411,0.4125626448539722,0.3635589801823843,-0.07584834616792058,0.13949402517852616,0.6893441865156874,-0.5816264576337764,0.7545163843202968,-1.3537010839840922,2.6651703650094687,0.7019741251936666,-1.0718154606230916,-1.6096666486117384,-1.4304101954992152,-0.044356106720888855,0
0.2999548598204972,-3.0682770166609017,0.096089248002375,0.5647938249522544,0.6128367058677602,4.387295636534816,-0.7793584751592,1.8051813922044033,1.549940378158611,-0.053072780986312434,-1.7885393546837047,-1.1261398401054854,-0.5809659987481,1.1963873223789474,-1.5997183571210805,0.17089976698591458,-0.20595046972635522,-1.4002998110550138,0.184074395109888,1.2441280832505186,-1.6804277951236557,0.09273005609378172,0.5011658541980025,-0.6226448498948804,0.09442250713896483,1
0.28357804782228063,1.6598666356077956,-0.1594243465956604,-1.2881034416033836,-0.3487384735999096,0.054101041977194675,-1.4886749828947996,1.2039463917608255,-0.6874468975436103,0.19129849092406898,-0.07661433598829631,-0.27749904970535966,-0.19680468089178998,-0.6951807796200224,1.8036716550686627,0.41652858073636334,0.173480676605804,-0.20552290106141147,-0.31712117556956254,0.14103809677379198,0.8087418263341909,-1.1343127858068411,0.6530245164403111,-1.0017998996252266,-1.6616981124585635,0
0.2854477490035932,-1.2145002142792207,1.8008385904351067,-0.7250439956224212,1.1503789071106607,0.004834316033641095,-1.662338669816842,0.8276937091440089,0.04991407599911646,-1.229646138996548,-0.8327164230160112,1.4665081594441811,1.7306894678435945,0.15271745789033886,1.2708346373222215,0.038453866465625736,-1.3320591340205847,-2.7427018015695768,1.3041855811470622,0.5178353302476688,0.6444624839251509,-0.22868074477781736,-1.2544696978354013,0.6363949265266226,-2.7437630357248435,0
0.7042853016549966,0.588469957739967,1.7043010566994523,-0.99104571815402,-0.357426630119377,1.0836237732862433,-1.0116735756906512,0.8430889586381446,1.738674483955481,1.7871398693351312,-0.19185035026965658,-0.9492507192702666,-2.041019963639891,0.4549421255872512,-0.4011693429476851,0.4113306003839353,-0.006333958612628754,2.4619637820016607,-0.19883181518234833,0.2400617013644405,0.2339304854478913,-1.276203453134158,-0.2254215061812534,-1.510367229083224,1.3623069284482505,0
-1.2688496962842446,-0.6004535516722606,-0.31366847734216763,-1.1910249347486315,-0.6142221957925269,-1.0523568107994559,1.360624310773368,0.7947215611661154,0.2914316854896888,-0.6488609220543766,0.7578389133606901,-0.37794033850012976,-0.23119284661240597,0.1560409131524978,-3.3928367071611754,0.5249334375695377,0.6556720446412834,0.44906568787333934,-1.2629600928595814,-2.8707238123748366,-0.7909817269545333,-1.1975452915679732,-2.3621239274618437,-1.045283901636744,-0.9782722363751742,0
-0.515772810964637,-0.5875077980069722,0.9700164734711703,-0.013685682341609162,-2.6503757197164965,-0.2566384127315471,-1.735568950014532,-1.6258660541467007,-0.4336737627116002,3.5263298189505745,-0.38061257407773935,-1.1499747665137954,-1.477116197474154,0.3156755571151462,-0.007232299619531535,-0.027709512094726607,-0.2725006778023958,1.8856907872636541,-1.5650293688866768,0.7594060222374955,0.36202613627862223,-2.317700783345143,0.21345027575969044,-0.08948043820952814,0.004375281847852033,0
0.8273676672015279,0.5394762326325975,0.10163048201348068,0.6019857150714336,1.0129055512010197,-0.9068613687016592,0.5819825484805485,0.4673398948038363,-0.5985809701223981,-1.0712744473667624,-0.5893760411679592,-0.11893814771949157,1.4657249871422062,0.6409569679449993,0.6255689002972917,0.4880973352741678,0.7699531366804272,-0.6595542662771461,1.5612565576059079,-1.126640791791262,0.6825411389516609,1.5116631819976876,1.0687517609809751,-0.5847497184377836,-1.0127819604550345,1
-3.040358259859433,1.2249676424761862,-0.775328855642134,0.02513924251371729,-3.882617533972885,-0.7936055258763821,2.44895354552647,0.9006488819225738,-0.8679160960574656,-0.3385298380012952,2.50339198642079,0.08111191978935334,1.2451899375503066,-0.5291351496039951,0.38361303533578406,1.4185915865813263,1.620929337727421,0.1579664557946605,0.6903899898630982,0.1908225665403772,1.0554621474605674,-0.2544630879150751,-0.3338215755980645,-0.5494579521878267,-2.027157318767566,0
1.420383143822431,-1.5630943826251857,-0.6894645259179865,0.9370424696593039,1.4006113246630574,1.1289054200253923,-1.7887603764432112,0.6190387195481531,-0.7390194047130889,-0.790348569138336,-0.9663684721760865,-0.326098848557146,-0.2426114456530432,-0.5747567663456065,2.0592448388413347,-0.22655301967450558,2.046241812404763,-1.0082971762954704,0.5314856952210717,1.7658710184357747,-0.3028852649922147,2.030263269778386,0.2035041516760332,-0.10307356746336173,-2.234235137603288,1
2.3671566822971437,0.741046395072257,2.538812950224663,-1.911787085026492,-0.23084062282399595,-1.0860486594559176,-1.118770572201006,1.443779861670043,-0.06386667608765073,-1.0172355309349104,-0.6489641760287849,-0.33849164632501333,-1.432931345952674,-1.444959966704837,0.6680421055053202,-0.08213575082714061,-0.015190444852108409,0.8971353623221011,-0.9781238533991437,-1.6910856611573193,-0.364542634255286,1.2980499826767704,0.42358361515325205,0.41261522336035017,1.0366670096626025,1
0.9720880458927103,-1.423932840029672,0.17861946872506484,-0.6031696439850333,1.1980218146033754,0.05666282745072215,-2.660308583598922,1.789806606964778,0.6056577157414086,0.7487011845739198,-1.5995270202685519,-1.2833661722489196,1.3923570676402837,-1.1800316153479045,-4.151106123037861,0.7348353250765385,-0.3661945743065933,-1.7923363243675066,0.2598311322372525,-1.4167527176214953,1.5456569582592417,-0.21027131068278238,1.6275262031449471,0.3537636050172721,-0.7566491640965829,0
2.367481749220189,0.35890856622982525,2.1725909320137458,1.0274726681431954,0.45436234094175676,1.0219240824837916,0.23125846945491813,-0.1678471302345934,-0.4531873101087435,-0.4712403848818888,-2.944518652489778,0.9585620403548438,0.32262991879174463,-0.763553110866329,-0.08283496278794755,-1.324076927412103,0.6854436584596606,3.676390351937056,-0.838877877828261,1.1461903899082098,-0.40367853855314406,1.39995957119376,0.5607830685400762,0.2498765519475562,-1.9332526404087105,0
0.37876640069955125,1.7164829773643944,-2.514757532940752,1.9932512891542025,-0.9280453551136514,-1.157874810880716,2.749340397641098,-1.620074423494852,-0.414286784280194,-0.04663617305567708,-0.28481975682483807,0.405914659248585,-1.3260738527750338,-0.018953305587641855,1.1047585332793877,1.0706451769896268,1.024294782758844,-0.1031038530476432,-1.4296251749191784,-0.4183133053425051,2.1699086248183317,-0.047882741322680444,-0.9293654547276228,-2.6941286343467787,-0.859432848420336,1
1.796710998369739,-0.1546453227860751,0.05000579250809317,1.3398070746595725,0.080411038478307,2.2521345463140547,0.14287835266144544,0.47131385006644244,0.4097541775380277,-0.30471581122036295,0.9199851478065117,1.1304890428610936,-1.4264168349508988,1.537560660451021,-0.17187546828322064,-2.0713909491591975,0.19135843953058024,0.1993620519111129,-2.528758170593874,-0.9447504887265206,-3.3662096438650817,-0.4289643638858176,-0.02446912740168916,1.0209019781608797,0.9764788468813657,0
0.03035409290907609,2.132703575906381,0.757639655676704,2.156187300378688,0.09042169410186193,-0.9971243200376252,0.8045369786306465,-0.07394511379680317,0.17814860685945344,-0.12104861385575352,-2.542436072203082,0.287192817854974,-0.64365283622554,0.21698093137797242,1.9066306916801001,-2.6520092266480564,1.5788516348231652,1.3128739898502153,-0.014019158660797393,-1.040280988030466,-1.5500913837451802,-0.9803625558237397,0.5407606504899456,-0.7355498201536672,-0.15894363670781486,0
1.5963333755343303,0.9518901883396689,0.7851247562339745,-0.7651429214860874,-2.685682171123858,-0.5481485690396021,-0.4644823567228479,1.3581295810485896,-1.4851319805616021,1.470429758424618,0.4594743448851307,1.1572136498275762,0.010331741033240083,-2.7915306071500385,1.797914280605506,-0.16342960281326158,0.32404959396189226,1.950280504125728,0.7353269320111634,0.6448182796273174,0.29757077537180066,1.0358470359404506,-0.22508869828173578,-0.28808215448941227,-0.5116342975326739,0
0.7681629872978388,1.3689901306802643,-0.4092617763739794,0.019141634705127687,0.7643524041391098,-1.1087677488795693,2.0766382815499034,-1.1276326790879874,0.9586216078155774,0.8159216661057147,0.42819722422381373,0.7922217710016614,-0.060906880531925944,0.041277955396835514,-1.6317800075853208,1.173601009518209,1.9227313830405268,-1.0314502489842607,-0.2525618495921101,-0.8393487346609738,-0.6705775554728544,-0.7016903445634726,1.063128269965327,2.690770898846636,-1.811209616547849,0
-2.1394432411955373,-1.3800902306623841,-0.8551797872244985,0.4336919360434825,0.7397203415176345,-1.5799091521281265,0.021167458093560687,0.13127244601666588,0.47899762610325025,0.14472053527723638,-2.4790041447207107,1.7842939285387274,-0.12211596225048908,0.7665073356964853,0.46102206659199807,0.7701490618469737,0.11168790478231999,0.5835635770961701,1.2984383595157725,0.9163724415641413,0.22886324091380483,0.41387024280812146,0.03852864378809007,-0.8182460099305381,-1.2460109568338422,0
-2.026711231636178,2.7459480589588403,-0.7693701559919468,1.0734645553942257,-0.9246336212930023,-0.07920019939105749,0.7229272572232227,-2.488738683675334,-1.0441140158433975,-0.1970051551947853,2.4962769130696607,0.9745764972898149,1.3392650258931822,-1.4284814895929554,-0.48929631233820187,0.19548921735539604,-0.6353701995763472,1.9137928159029416,-2.539863187019731,-2.6614151334835587,-0.21058344488513206,-0.9954968467055456,0.3176053567633298,0.2506347886461646,-1.1002988365341284,1
0.4845044196605636,1.6487552037877746,-0.2320722523807766,0.11336570999022025,-1.1631440200911531,-1.3408044236718715,1.5935403978882676,-0.06834723253881814,0.31937326377727443,-0.2826792406377748,1.3608050571638268,1.0123063139240591,0.4747057014901194,1.2446872642974693,-1.6392203536613807,1.2945755810890456,0.18797856285097583,-1.233953054112607,2.2474164333143216,-0.16889162620776238,-0.3460576369437442,0.30328009647208914,2.0419589438630217,2.3765283030720523,-0.03821745272314281,1
-0.12112637182403496,-0.9139992488490705,-1.014728250440636,-1.1032761805180424,0.3418812029656402,-1.2577947598902246,-1.0197515078747252,0.5877786536762408,0.03975114435239052,1.4124214435544664,1.4017147065626228,1.9026489688838384,-0.962906989016787,-3.4329618416176464,-0.325436202888683,-0.5671443114652627,-1.2634905172600057,-0.689397957628584,-0.7607208288539106,0.5846494931260177,0.28844091590488063,0.2946095511834522,0.02811621243732143,0.1138500488765315,-0.08948309539501009,0
0.5912927134757734,-1.1535474054408592,0.6761597324875588,1.7243175853657946,0.7985969687319971,-0.16036097209198988,0.2977987314740891,1.0872243837280418,1.3130736300867887,2.4572579126149,-0.5906139011165761,0.014527209584883238,-3.297898379010126,0.4530609905363093,0.5525816927398834,0.4403169844605862,1.991488019716538,1.2898019105465306,-1.2824230158230903,2.456377881384125,0.35317893227832736,1.0610333649549024,0.37690786178605606,0.2717966910740154,-0.3696590059400459,0
0.6431509090478991,-0.17104758477684331,1.1682543002074328,-0.31751972439736176,-0.19290570513068572,0.7758508347465745,0.2571045599840732,-3.0945203374041372,-0.6188008214808892,-0.6018596910857303,1.1468616121469666,1.0343901712706671,-0.4633379921682361,-0.45439811709768796,-1.702745564088267,-2.274762643876163,-1.078517587913364,1.4879957874181997,-1.64131094029162,0.32616323716515594,-0.8116997560844812,-1.6189131436003086,-2.188669616702631,1.0854122965257809,-1.317820278339983,0
-0.1809130781296371,1.6320985248339666,1.0043692803650233,1.1423975382419327,0.11474270092671691,1.1957586365789543,0.6254249149033659,-0.36967365595132257,1.7534708514203508,-1.6364955942685493,-0.8574257770746112,-0.2936221431846281,-0.7518985441558734,0.06555855062892652,-0.876522629377098,-1.3003487999891892,-1.2006564704378069,1.2526690286653228,-0.09239166194297088,-0.6916802904175859,-1.5492615281048263,-0.7529050449954691,0.6231376594180364,0.02565892928630037,0.07590611269724323,0
0.9116862071197798,-1.1200585743921376,1.446588374372973,-1.447423336751086,2.0932658983636645,1.2510610985681834,-0.21790491421046088,1.8226873626440523,-0.6496570644579899,1.2020301052042968,0.4246941541236021,1.7685629750981864,-1.2379971334866742,0.8001323252713619,1.8379078307845982,-0.5363970019372586,-0.8214612007738382,0.06394056334547038,1.9450847282441903,0.5312400518483431,2.4585130560243336,1.1807937970541578,0.38700678132282795,-2.3072755175415938,0.02347471988614358,0
-0.45213524425257756,1.1690099318560665,1.9306131520840801,-0.16602228989955048,0.9403723019328993,-0.20114813992670189,0.022121092888588878,1.4912154562604885,1.4492162096302463,-0.5714380112916858,-2.5170251322490165,-1.3909225550699518,0.27602925664194167,1.2376192214589992,-0.3340268474230257,2.153101932947868,0.35577182359931847,-1.5555675235144384,1.1046519500698007,-0.5897091513066556,0.7246730096322497,2.5952977556694266,2.1630071243163673,0.7574625149996823,0.7581677425048772,0
0.6772289708395001,-0.1418520617024361,-1.0016319695322518,0.09330974588665453,-0.9692060012587984,-0.7101906660614198,-0.32749125226752795,-0.6706543237834464,-0.23527538938177606,1.1716846203824822,0.13959218413284447,0.39688147749589475,1.9263283606572896,-0.413264820664203,-1.9532803008377755,-0.4189701301270198,0.4213266714775038,-0.7402368279429064,0.408113958371583,2.6870057722534035,-0.3206695127233927,1.1173303999654984,-0.7612283909718394,1.212741409431956,-1.9482672380125918,0
-1.4418901931301285,0.2744880213001287,0.021817593937624946,0.0005658062031745348,-1.0715871668642665,-0.1401269504181204,-0.8057394674040725,-0.960753923850841,-0.6479235409071522,0.3369856324944881,0.9002065654100471,0.8039009823488634,1.45346336474397,-2.0136133168940815,-2.161150393991599,0.5097812242097248,-0.17014592211386836,0.5923957682321757,-0.601288258483413,-1.2683699208194574,0.34258524094613946,-0.2008156307410634,-0.5758224207330781,1.7550129413325937,-1.2874734223376376,0
0.8096236108759152,0.10301904406180762,-0.4429040511092249,0.4304748814528202,2.7054045586073148,-0.5659357761051735,0.3824096118865929,0.8155013103442541,-0.309147417779767,-1.3299156555789926,-2.0654404831429813,-0.9238985508542749,1.3820334826698277,-0.1687019186103884,0.6371941623275401,-0.8442721266056062,-0.09056005657495231,0.04001894990550703,1.5377842477099872,-0.6824935510403926,-0.5638770893066452,0.8347918522550165,1.592330508120269,0.20657341982027316,0.02130233483428745,1
0.5557713992571687,0.9407324030763318,-0.17645773801828635,1.6398622467540767,-1.7940274130860883,1.1488673286227125,-0.3571441192772422,-2.4307359473133188,-0.003321253394218071,-1.1643168919633582,1.517658745497041,1.9489039362204381,0.006995137632825332,-0.6982087518239513,-0.1172022573889101,0.829052349280636,1.2829411229227914,1.3264608523813433,-2.4546050495378386,0.578979224297981,-0.12358122653212222,-1.2769471705720536,0.7682316046124403,-0.3537619681473028,-0.3255077151336977,1
-0.00574502737257887,-0.4827108575026531,0.0734842072032666,1.6985481836422378,-1.0278254187921005,1.126124227343212,1.3904526737073286,-2.8427409161204737,0.37404694395133475,-0.32552803814615894,0.34224728054138376,0.6751776360668432,1.000038269786336,0.3446129499084643,-1.6075979976375716,-1.8824118233666813,0.04776501416109148,2.4303281219052204,-0.4060267027057842,-0.9430648395877826,-1.3866175863187855,0.5742001852941092,-2.56209093364912,-1.1173918272419268,0.623693367982535,0
-0.5621285555914078,-0.2686904111033416,-0.2637490907576824,1.4423889885459162,1.856416225463155,-0.23488330972695715,-1.9894041935112203,-0.28375591599901495,0.004140721304102146,-0.14064094012045694,-0.14860849900703244,0.08370529642328209,1.0877376910707757,2.052310970438474,2.8022765740668225,0.5220524032651107,-0.7053177756698397,0.2885836660930973,0.5552727718875399,-1.2894836455646421,-0.3899776730615895,0.9254754128347578,1.6635514079248703,-1.4198075274224824,-0.37171359719125197,1
-2.1021462410718397,0.25201447262657684,2.0620491765573576,-1.5465956902070799,2.359488969834791,1.13215783954443,-1.6108694335069482,-0.09699856685925584,-0.2812491732801723,-0.9341377222369324,-0.7153290023384554,-1.2610571826525745,-1.703920692066796,-0.1408300297636239,0.7213924768461715,1.3501446596852276,-0.8802639307854908,0.11867844885671716,-1.8657399686219471,-0.5819224651410413,-2.4765956220352683,-1.9751468118500948,1.1438400889589568,1.0501567228617112,-0.8679773131630493,0
1.1707992417742652,-1.5653905292705739,0.8163450269437975,-1.3347640125686766,0.5371558754189254,1.1104956983801688,-1.6017361277013966,0.5398107351549014,0.4432167074001363,0.1138029809415239,-0.4158549456534128,0.1856805861687486,-4.601938877976618,0.8927434150707709,-0.2226231568518291,1.3537534082384295,-1.0372725964938692,-1.036563586785185,-1.6144813923528716,-0.8009596632586578,-0.2636899974109641,-1.050471128265577,-0.2555749318688974,-2.168886719598867,0.8395722791962184,1
0.07798203713536744,-2.93651180792165,0.24283868735064543,-1.2526926970295498,1.3031627111584985,1.175975297720199,0.027697459645827205,2.0491598750894813,0.16622685006803095,0.8549900965748995,0.47888301706948533,0.11241374884594857,0.18955907345899187,-2.0862056201348316,0.1739436394415588,1.065317168298014,-0.25617312536745307,0.6036149623127434,-0.03591094956552465,0.45664521821194304,1.6467679247926905,-1.8486765208027531,-0.8133910127180259,0.49978122978612427,0.3777851616420542,0
1.5837688162546515,0.02266998649749008,-0.7995112958805225,0.5282697488362731,1.8281818873873252,-0.7056422249506288,-1.0423710386788168,0.22227764109033962,0.9570521219138215,-0.21155634211953922,-1.918349116530381,0.06807617311968785,-0.6929261586056512,0.6147515571260784,-0.08914612195269606,-1.1136300149327538,-0.7804987611738857,-0.8636169679840968,1.3660330692678289,0.3698027547771303,-1.25562764262939,-0.28872734014015977,-0.32025787121140215,-1.1259352885097036,-1.1277544336404313,0
0.21098884569183307,1.5506417706436224,2.2545887635223307,-0.32400245903973823,-0.3313641091312003,0.22803819301679115,0.858846693455269,0.6236551540247729,-1.366325230191133,1.2378443454690764,-1.4347953001786482,1.1752832757176195,-0.10981589216444684,0.407506274985578,0.1405406080040188,-0.8828584409836608,-1.5173862401574278,-0.2722679126544545,-0.5389224796675678,0.3942435872565623,0.2184014530991658,-1.5933206026766773,-1.347169980427047,0.057823708701520184,1.3544895767153133,1
-1.572505500673833,-1.9010370423845484,-0.8063976851896248,0.9969139743306803,-0.18020912585324694,-0.7218818101064226,0.1282862461641425,-2.2560656902286045,-0.7822813002405293,1.8834136248254534,1.0471416830122697,0.3440881062354996,-0.6424470055646829,0.06664551702733501,1.2257337812811966,1.3466313034883908,-0.24531829496845536,1.1067079172536547,-1.50489209262582,0.9205113706006092,-1.1193699216975304,-0.23695503907351945,0.5274239998255659,0.7184485566709125,-1.7055907140463578,0
0.6615257371355006,1.7426966570559403,1.8341444992244167,0.27460490716723235,-1.4219863850565675,-0.7580230583393137,1.7134331156420175,1.0512817219409811,-2.0051843204109536,-1.0606702569852415,-0.47702584686117333,1.5765315374332394,1.2398870890012683,0.6097996395832326,0.6161647812949241,2.0253733678129255,-0.24676529845780143,-0.19400759171447543,-0.47153252601044726,2.7609047213991555,2.752730692160556,1.3823471032829655,-0.3315696775525424,1.2108789907794826,1.4092636382407333,1
-0.5479716465478065,-0.9660954559151653,-0.20047555034874046,-0.05150522067711649,-0.3615242258074866,0.40982333103307167,0.6716616051965536,1.3401337479373554,-1.1352962646361422,1.1893062763505817,-1.3400930051003523,-0.45184675306785416,-0.5012590395316725,-0.18337596387814215,-0.6206352366877964,-1.798433440642638,1.6919545596362835,2.8153283942506366,-0.8871732275082167,1.3910790406997653,0.6132672116039746,0.8872257363835636,-1.5933346281816878,-2.3759094330002855,-2.360709121873299,0
1.7858603570570015,2.1755457456547886,-1.8886450802647867,-2.238369938194367,0.4304931489922279,-1.0468718578767717,0.49569784369018743,1.2634923281883483,-0.439570114427278,-0.3171682741773638,-0.540175984804568,0.9888752393273808,-1.194667122713869,0.42042440423843885,0.8023036928929181,-1.2988958657272183,-2.5213350981521323,-0.15905446073113239,0.18871968652494092,1.5096604446265645,-0.8220117894459419,0.39630226273234415,0.15359153648905277,2.0215297116652517,2.949535409953765,1
0.6296128417046474,-0.7550080641937165,0.7667355185989758,-0.711476287051446,0.6975226652171305,0.6689112005813027,-0.41812518686216626,1.1825293929016123,1.9276852851074922,-0.203500617034713,1.7629511921038892,-1.2197194846927328,2.356177427470698,0.04747824007627677,0.3828949925462131,1.2557878166505363,-0.381546400821377,-0.8321244565838637,0.8792400277368763,-1.0799866825016147,-1.4656715759026233,1.465349489113677,0.018843284610393085,0.08835495210324226,1.1194338584071737,1
-0.5125435094872239,-1.8484500327389222,1.9798975044640539,0.5377785498600466,0.7585520171097728,3.427330473908327,-0.39968399870301363,1.0749195234160644,0.9013247929911015,0.6386769856621153,0.023241376781396483,0.247055818886443,0.19465444077416738,-0.4064524607957151,1.5557202812273203,-0.879787583866817,-0.4990240858708453,-0.7783209044284265,0.02414871777733396,0.11176601794651242,-0.8808206314636878,-1.807859659757837,0.10462626138393977,-0.12736613830089644,-0.3913702273777505,0
0.07465390676909563,1.7232436643033004,-0.9367343140282786,-0.5808960791692338,-0.5719430166223424,-2.0777024057262796,1.69871136472025,0.0019160138537119842,0.904521026248385,-2.9159023369773807,-0.8104936786537,-1.874283788808204,-1.646494857275554,0.5876613394277033,0.7466482871778375,0.5942989294966683,3.2521201290808186,0.8795188613265825,0.6449665777322523,-0.8833578234050204,0.5487470632483928,1.5063202432533835,1.1825121477552476,-0.5486020745622907,0.5270022439837541,1
-0.9093246700498536,0.2109313910538949,-1.439461386770363,-1.4894120448415433,0.6850182958274259,0.5729095008638907,0.5603801417563372,-0.3155129775403087,-0.7931681189065873,1.238513536516167,0.4671646584732869,1.464104125168581,-0.6944495429943665,0.5279192827205265,0.8363666079226496,-1.9835575340392544,1.4408478461154135,1.2133703246940097,-1.986636599901523,2.3734429184171626,0.10646576803058921,-0.07800148280027808,-0.12898646617432885,-1.4280000474455254,0.012107482391061297,0
-1.4862288699476884,-1.0747527581438692,-2.0083002088492354,0.03306080208634887,1.7477328682893678,0.3648313995159602,-0.13488701820480786,0.43985028886438216,-0.028976460524843595,-0.6028447367848195,-0.4483832774827864,-1.0014413133554987,0.19865302714574046,1.8548909943599743,2.129345891940442,0.11683181426033681,0.9881798905112402,1.7204110041037721,2.1309852375898326,0.20041216437296772,-1.2382011812079898,1.4381115275835223,-0.023212267536184744,-0.8792735165070751,0.6343565357642048,0
0.6323972561030452,1.0795952410958347,-0.23122199126393622,-1.6978767153742287,1.1106023937503107,-0.7524962427330318,0.08918175726810376,1.1451035886135899,-0.7778582265996745,-0.8973791989997356,-0.2329800930861916,-2.4625600330174278,0.3188344813734295,1.7376675092678935,0.8846330721185921,-0.18066957786940352,-0.46807636116929197,-1.452944986743176,1.7546461790093835,-0.29286384605997773,0.36659502292334123,1.1058352966446066,1.593696126226809,0.1294273063644627,1.8979048968078445,1
0.8192573647854691,1.7114412151974132,-1.5974166289556848,-1.2611145217602249,-1.964320087567559,0.877175988350129,1.0496056492870545,1.584005700435136,0.4941903778412211,0.01766517182189975,0.3949816424665257,-0.6106498701755965,-0.5892167783275948,-1.0104762565831158,-0.10395933521140856,0.4797460294809587,1.2933476346620405,1.2649290866550498,-1.0983464513393735,0.18265669899207937,-0.27072160985907007,0.30975325192450104,0.19021299776538392,-0.5916216951519709,-0.3281799278670452,1
1.275550538615549,1.5760346965902885,0.5534966831434541,0.42271024703744453,-1.5268486855813188,-1.6922632235039297,-0.5917414962917998,-0.12280581867989551,-3.1119182816694804,-0.4895646524421494,0.2627206023610327,1.1590889131915796,-0.7459922426083089,1.1578480829815674,-0.6654367681534721,0.6700501964107848,-0.024048024052659156,-0.2353628490815045,0.8780028239484108,2.4939825331831935,-1.148912112504244,0.33106026316394654,0.6024097299593593,1.203190378493868,0.39159082900410713,1
0.09346023422824817,0.858947462620368,0.966013924449096,-1.4656093682456555,1.226612847217817,-0.9296249172940543,0.5376714975590313,-0.3414388560778058,1.041015297310231,-2.6633018241976156,-0.9879748221355454,1.1746424421489694,-0.02141783511973151,-0.2674406521580296,2.261825737589084,2.491461038047011,0.36778541648935736,-1.6458907828306126,0.721556639232167,-1.1529131236706989,0.8473950076421333,1.0469840016991645,1.4678180145208302,0.7412061348799411,0.31041672444614493,1
0.24597788977594048,0.5116708803927804,0.19666388026278092,-1.526232496429229,0.9839123109534703,-2.6456859815332434,1.1555518524658366,2.4970128874860595,-0.7175684888755726,1.3477221979738174,0.11625932396745753,0.8264586712357982,1.2610652992523714,-1.6999916572763794,-2.322069854958238,2.076913068750009,1.7247190318475991,-0.521096589040563,2.4630123362603453,0.40392387210556097,-2.2093442442668096,1.9635302007859337,-0.3816350687065728,-0.7874956554961696,-1.9643710641740477,0
0.2958807545724388,-0.2878752109212641,-0.1815896133206188,-1.896443858617556,2.407684190103157,-2.0560119402210857,-0.3120858422695447,1.5889655123032687,0.4959558966742195,-1.5555024795205483,-1.0613766934827322,0.5347941524288539,-0.7096736970577051,0.06585830590635022,1.7442878624739908,-0.2641528904272227,-0.7285659768189199,-2.832008147123897,0.5123283602389958,0.21281655832147323,-0.8160837978336015,-0.018376745758999946,-2.8861931926846536,-1.1198679584397162,-0.34810400514157347,0
-2.275575123657773,0.3790613466732107,2.635790250859373,2.367048562052052,-0.0556147732312879,-2.029838036607842,1.486293156735531,-0.9978247104792598,-1.5673909595966538,-0.6202586441641361,-1.159628648745651,0.9928867517341873,-0.08941632056779047,-0.055735600050278666,1.3988370607739697,-0.9948742269837009,1.0225426130621948,0.024730609317231596,0.8314901874506346,1.2697005712925153,0.17721989041245634,1.9005580639460513,0.9669834978299081,0.8820184955092066,-2.1690316523412436,0
-3.465525044126382,1.0354082020045299,-0.14014952503812683,0.40086921882356175,2.3015139881436433,-0.17590045386028713,-0.041506076499376515,0.877771452707505,2.1199182130113847,-0.45060535778422295,2.2701712101768545,1.6586153964316783,-0.47230908603324157,0.4960794986514553,0.19073399869171245,-0.25145114499162957,2.0231927990630503,-0.41005499533872103,1.760997684964261,-1.2106757975730682,0.47054819143174553,1.9327143999585321,1.8630117381473505,1.1859310214324774,1.1105683520788774,0
0.9049627208711026,-0.011400842097884167,0.9186588506067659,1.2082923889405628,0.7074448167297795,0.4105134523059299,-1.3148409004555883,0.19937654605828137,0.749280131482833,-1.8475011589418397,-1.5306921349279001,1.293363982919403,-1.07594654185611,0.8655437966052902,0.88699096310048,-0.7938838449645607,1.0639055647843063,0.6542971544274354,-0.2196348841914061,0.5120697238334273,-0.23012611945204708,-1.3910528734510912,-1.6970755264518198,0.4707907700224009,1.5201056529210113,0
-0.9986635318212231,-2.4900722414817444,-0.7081078885448788,-0.5383506110100887,0.6216399817369616,0.2727596314013263,0.5929992895301703,0.6758781469082356,0.719847074978043,2.4176913659801618,0.6889002225502909,-0.17353944793556283,0.10186542397357905,-0.8844924942114497,-1.0821931198755597,0.28241843409377265,2.1133265798581995,-0.04336262262385532,-2.1282859362049598,-0.3868098646413076,0.1669322084122437,0.9383893583540357,-1.4232600492250156,-1.6777708919459773,-2.024568676543315,0
-1.9255811071271036,1.2049841733432274,-0.8496898664325158,0.8464816618188578,1.4958698193301303,0.07367964409803676,-2.045957914053088,-1.715363821774936,0.9008153370552722,2.066740903776858,-0.4717085083738608,0.3454174969561564,-1.0065953028577141,0.31271691837309573,-0.449131203617103,-0.47012133474997064,0.037185665219243436,2.0647403635052743,0.46645558883128846,-0.1145811106316404,0.37873498209512146,-3.045321104850791,-1.0422767456342992,-0.5943188455618703,-0.9146146521370011,1
1.410636558640726,-0.8652854149451178,1.687079409999283,1.2346593576105493,-0.9607899156939664,-2.1175343990745343,0.34740977467369705,-1.4372622980291905,-3.0520494251309405,0.5047414224278363,1.7705184568642975,0.8123582978836491,0.914705815447989,0.04897991333792051,-1.366826099895044,-0.14570144666758772,-0.485151459010812,-0.23762827373553047,-0.5552122137887903,1.2771966753521884,0.9368960004116806,0.05526570941718345,-2.2001300552368015,1.0944735754320478,-0.9872757453942266,1
1.1374841102119768,0.3049354032949517,1.8222422002775764,1.52602704232656,1.7764539572628544,1.2200469927254791,-0.33108668040558986,-0.12535401921638745,0.3090846236148899,0.0923943503815309,0.04697497460054545,0.3744561547039522,-1.4114441040169319,0.5727209479883532,1.9701144879972452,1.4962839811401953,1.9749526487052158,-1.5651070262129925,0.8719472317334322,-0.730788508982252,0.10756417893184039,-0.5420525295995111,0.3938162874639747,-0.779324271119344,1.0523060730702058,0
-0.8191839205883755,-1.3495905133927453,1.3798319308618838,0.10320180744678842,0.42790504206547764,-0.2298687955726503,0.8610012387891793,-0.8890159936354328,-0.13793915704324738,0.7308876765380036,-0.2929648960431226,1.2315065774434304,0.15297465125004794,-1.2770352782242278,-1.1842232268093862,-1.1650417559822142,-0.6725153747260817,1.4391564229470535,-4.106718533554181,1.7657990793545357,-0.26900350105920107,0.6326157944204921,0.12528137516592164,0.6704660624685226,-0.20052867181122966,0
0.8719021322163707,2.406477654997355,0.6768894619337247,0.12318706147031455,0.5884499434197118,0.039855465678873825,1.459106030687839,0.5729925449104625,0.6722006656677366,-1.164552923651696,0.1674453895307748,-0.20239461665128666,0.17352611715961727,2.33791125391841,1.9971482825312679,1.0781738835658414,-0.19737394148492132,-0.11274108738050836,1.7992189696404726,-0.3463067368044908,-0.04846085525265781,-0.4115283331993559,0.5932176381852363,0.4011057399154379,-0.3411352618285943,1
-2.255250409017776,-0.14158438971596166,0.09516083068764958,0.22674329482062305,0.8809990815348027,-1.7469112688517185,-0.7385102431499397,-1.9119285976870528,-1.4348351039636777,-0.18948130263783203,1.3055768969739423,1.1692125300067395,0.6440600120621659,0.010779839313906803,-2.9125364914903518,1.25416458880448,1.7454320940414783,-0.3875857472332199,-0.9416652369763381,0.7900572593773189,-0.015271056611166067,1.278379207413206,-0.9463115478484572,-0.3794693401738095,-0.17341973365738436,0
-0.2735355535625583,0.20529659311506193,2.930474171702196,-0.1435260695467494,1.4241393917814948,1.7561914864771104,-1.407194342850641,0.6676245343473632,0.7171332549267685,0.017727862973978784,-1.3915883785804846,1.942867860834136,0.3549789224948876,1.5457547496187933,-1.3259262870603632,-2.1428008953017885,-1.9706170693921146,0.7513355391949922,-0.5116809690899272,0.20233860304871953,0.6692384637689875,-0.18248165208999378,0.8967955157815264,-0.6985953376866357,-0.3710497238952294,1
0.7127882795184081,-0.8840825661208376,-2.6263824666715965,-0.3669994122143529,1.9958449547590367,0.5117804070603682,0.5698737938382045,0.6232418205536616,-1.1966936282432616,-1.3651942747316939,-0.5021752932642938,0.07102389286933963,1.7029412978447631,-0.711481571548422,1.1859994169246812,2.250922744133987,-0.3917818637620273,-0.8647631465713244,-1.534496858689744,0.3182040733863604,0.5306768788323272,1.766247576663634,1.3053859302160575,0.46816089002358796,-0.969801553570909,0
2.0311618585553823,0.6733739646187606,2.3941937415228978,1.0624047159194947,1.1342269667624727,-0.6330720434411938,-3.63960085437356,0.6772360659133272,1.0878466984770796,-1.7952211713839683,-0.24047620521304225,0.5054008896479038,0.8611581315662815,0.36679200258864575,2.403399815953335,2.1703442708276124,-0.940905168127401,0.8041495060536384,0.2280682902274736,0.8647919898142793,1.1628431599912323,0.2834290806407034,1.5932403412719172,1.025310901450505,1.9164332008858593,0
0.6794698240717854,0.9617250548350671,-0.34477026666182164,0.6502474613358235,-0.015861127398219724,0.9366726504718843,0.5906199532139577,1.4649767085729464,-0.21280224733229347,-0.947105804549849,-0.45313208722542553,-1.410454699490463,0.1322305050632998,-1.3871397255498499,0.8661632806220203,-0.7346307428912839,0.36064039572094375,-0.07887203955342381,1.1779123486791443,-1.3682994113313365,1.531628937394475,0.204965453205833,2.845105805937009,1.4304412907691666,0.21030906105239255,1
-2.8637180768376416,1.111540299128238,-0.45583327543196184,1.4591730485971068,0.3714546953658393,-0.8050457742794765,2.132795467749826,-1.8620931848465978,-1.0607092843637613,0.18946938103319566,-0.6248482948898203,-1.0458886194623016,0.13819622937598303,-1.5777872898008272,0.038276940360475686,-0.5403084587661611,0.3474191121548884,-0.5915741606731078,0.04963978344502884,-1.3757373838538545,-0.10673125903784576,0.6492848750811895,-0.5242228879347556,-1.330055524745227,0.6517732584633437,1
1.144297575226041,-0.3528698319297984,1.343770927473142,-0.5245376189836788,0.7917446835433184,2.1714911112913917,0.49317181528516185,-1.4868321206253707,1.3917450802384441,-1.6132206416281527,-0.2661399994167532,0.2698171531005872,-0.5064895003720679,1.6460525312585514,0.5027902160852384,-1.4271229869342057,-0.3217021691624694,0.9492396992285914,0.014063786395564576,-1.0775127844972379,-0.9963369683072418,-0.989079469672861,0.6844445422398682,-0.12108016897956007,0.971189053267351,1
-0.6682812483237063,0.10501722806964542,0.22900384837074628,-1.406786923350288,0.11661372866886692,0.6657698960657861,-1.871718554916564,0.0155218917843402,0.6128070463628059,0.09928943791780631,-1.9690051162735647,0.23454827713278886,-0.19730622443215273,0.3348945867536046,1.06423563599109,0.3759350699779055,0.3477808940371512,1.2632953249752426,-3.0585639133176126,2.1494459954615506,-0.1277227299357917,-1.3787032347703372,-1.4930974481054757,0.06500888191157406,-0.8761648331430648,0
1.1998729079374875,-2.7197309523510182,1.1003459760140966,-0.7683115052651356,-0.9583168111663052,-1.023973654550926,-0.1230901498659353,-1.12714997786021,1.2143133777254296,-0.0049194408173312,0.4381163960305979,1.3133746760664073,-0.687094129219456,-0.5770226291559483,-1.4393873212031727,-2.238792439362771,-1.2001069087316463,0.18000259444038302,1.0775829023337828,0.07336059279305318,0.6273861974353439,-0.6245502158498065,-1.247231798694465,-2.1124353035375814,0.9033047541012283,0
0.965370141215008,2.194276139193141,2.656383056112001,-0.6163757910980444,-0.6367711964764278,0.48131966746966304,0.4169446306909474,-0.9319519346943681,1.7540671077350984,-1.71578679979962,-1.7365069020375072,-2.6185436325549247,0.37210930155461297,1.8792281114914329,0.18708060519687936,-0.9117654331100671,0.10387410943884334,-1.4234018387184197,-1.2095013855679777,-2.0034325965357462,-1.0740138272873547,0.5874060480524648,0.029272276295921718,0.8194701573262678,0.06781378993178577,1
-1.6790257661006498,1.660567647455669,-1.9948140462625445,-0.17519765040733015,-0.6846454633628116,-1.0594826868185603,1.0021334246761642,0.17029801567652184,0.06758060882285533,1.2461036015221802,0.031564020578410346,1.8680525464538325,0.09272466327854234,-0.06629033144140128,-0.7218693890136172,1.4893381143076243,1.1349453971506238,-1.9316371587434742,1.1315636701138558,-1.120123201938942,1.7219187557240905,0.20940152940153964,-0.5766636330263302,0.31200764508790046,-0.08193199472349433,1
0.30651903577450423,1.3592011948508582,-0.29115027429052426,0.6386199762782597,-2.0665353571332634,-2.2444715753832516,1.4479188400182839,-0.08515806506136603,-1.8080211724315283,-2.154062378480851,-0.5570143985365186,-0.8953274643437561,-1.110749360383178,-0.9648081628081908,0.3059433093592291,-0.5238054861786764,0.7106864783810422,0.45120050200440276,-1.6586027886549615,-0.2478675516526636,0.16658709537082664,-0.7776097055070287,0.13086777677834027,1.6542321697909819,-0.9992822941726778,1
0.9955949550179429,-2.280264473023672,1.1650811181340353,-0.08391270638868698,0.3009953688763426,1.0076291959596884,-0.9757380836669424,-1.1153564968805678,-1.0033710875659083,1.0359597607368254,-2.144209024516712,0.1512984759324003,1.529209294821486,-2.320644565886121,-1.0360059050791448,-2.376041357082788,0.9584187577443539,-0.16065530803400163,0.797383168875884,-0.3972053919847196,-0.3273309894831109,0.08263298364993166,-1.199463532107612,-0.01272425376797881,-0.8973541776497858,0
1.607391619580873,1.6833348253388047,0.09557061367950265,-1.4207459562242821,-1.4628018440140695,1.072201887594587,0.8240211615383135,-1.0583856311112525,2.283811044503182,-0.5196919490294889,-0.38605269252113106,1.033988709135339,-0.06536380760946314,2.2930524651017783,-0.03236030936010331,0.6837429397652144,0.4587085963345584,-0.3724242389394827,-0.12795611902207446,0.34889681562658037,-0.1076720646704902,-1.0344409588339643,0.8366260159390393,-0.6037831059516419,2.1155062407866225,1
1.5154000645855805,-0.83806347462919,0.5349878223934013,-0.12980953217923463,1.2418084303319916,0.4175342612510995,0.9236357970242055,-1.0457659947021214,1.6926201397075327,-1.8039394478841748,0.40000227220777473,-1.6053545008001464,-0.5989841937177167,1.1812248485991532,0.7566988256235359,0.22004743512609348,-2.0347029623749204,0.11603977598013132,-0.5142500305432958,-0.8957420730187727,-1.0315289474767977,-1.6166528089869043,2.4351860154713556,0.643751802718661,-0.22597678616117217,0
0.3112330312796725,0.12664359726155305,1.5827284447603875,1.8465738657625819,-1.5801106603893507,4.278044142421853,-0.3165849040258884,-0.31688299810045534,-0.9607059771892166,-0.29449958859069114,-0.7750999451668749,-1.6970863889875862,1.1154898934144848,-0.029860878237493282,2.2936065552313076,-0.865217360924572,-0.9245083550480336,-2.990543656405836,0.2793022211967813,-1.067401635551488,-1.731318367820028,-1.1980050276018877,0.2496478947933269,2.359613253263136,0.3252856114429997,1
2.0087960673975465,-0.886043711303356,0.5084901174840399,0.7896534774981534,0.06944555472221603,0.05535829676749615,0.14487813320503623,-1.204068932625523,-1.1445619499575712,1.7051146301073052,0.3488014343787666,1.8031620124502692,1.3057161610785937,-0.125119408725743,-1.2723541457655458,1.2527576041834583,0.014520225176413937,-2.435567719386501,-3.2905470100131455,-0.9526940588507692,1.362654724033561,-2.5260818027237417,-0.9453711327860317,0.4266143671711922,-0.3741406941336117,0
-1.8416182093402278,-0.1585076884234048,-3.024964202083442,-1.6603840734609985,-0.8221128475885596,-0.2445201871515295,1.8865465354322963,0.45665403022994366,0.6469284870507082,-0.8284184146066136,-0.17453736003072096,2.636044231938568,-0.7798003546784584,0.19778731368763508,1.1347858080197122,2.031727403582492,1.8224951210167775,0.5807375041489078,0.7006804793844146,1.6320992779438197,0.7837990649745336,-0.7498956661149891,-0.9109293884140988,0.39496440479505823,-2.6457033612162606,0
-1.0552091076309096,-2.028276512438696,-0.6169521463511315,-1.122290489724781,-0.13637081427841474,0.36950653103149045,0.47756863846531017,-0.6123807316537487,0.8124653539553609,-0.7642324159888729,0.6367367506858862,-0.7039185182110433,-1.1925270334198796,0.5421054687707889,0.35218011004747807,1.5065643724283968,0.3426253149288506,-0.4786325932762495,2.594906524387153,1.2841611823492252,-0.08107586231969599,1.0359857241695738,-1.813241551813615,-0.19260197040851662,0.6688606383700088,0
-1.9181298417578003,-0.8196160878180626,-0.3722252108707632,0.13731173423026338,1.3338476956920973,-1.4620215893546247,-1.9997801787733658,-2.044463728566705,1.0618430626692796,0.9158796135404981,-0.9399091530228203,0.9326749415386255,0.4623300831766155,-1.6315922137431897,-0.6164888127341513,-0.44416576458249907,-1.046245123230824,2.1666128113067664,-0.16046051763382135,1.2031260853474781,-0.8550565648593301,0.15073652378845653,-1.3897930962547682,-1.6684790660949693,1.0314097829375943,0
-0.1767477973535203,0.6500602146797987,1.7043638099785565,0.4015079660403313,-1.3727668527973569,-0.7690093453715586,0.516261704666458,0.730840324891519,0.6975011172012756,-0.191313265347301,0.4637317591408582,-0.9492065543981834,-2.499909139053225,-1.2172574301185033,-0.11648769269616976,0.8931378176348167,1.3551550418902747,-1.2737108234752577,-0.5423946314088114,0.26376067375725554,0.8888889030517072,-0.676440333255205,-0.13226084145680764,-0.1946399344480737,0.4773820751343504,0
-0.4139465063543917,-0.6976019385099961,-0.6116136194221906,-1.711372831944113,0.4975131247684719,-0.29614328112706384,-1.1271075918316837,-0.15828859920844296,1.144985492270877,1.900510859046508,-0.6194245555133134,1.6576883435848186,-1.4431245922359794,-0.42167210608275735,1.7323760839280875,-1.5065578263760777,-0.5736566456954387,0.14296444836767164,2.394506328197501,-1.6460573631367337,-0.3813466428315285,0.39892170786511355,-0.3389753687824715,-1.2197299798368366,0.9692541206105562,1
0.27127435990654436,0.9251712559723236,-0.7769544015486978,-0.7218050264331707,0.7409220943539232,0.4621599904162946,-0.9274809268801678,1.874666029736186,-0.9215472759193547,-1.3821798398574119,0.6287886623026067,-0.6769508222826147,-0.13339800541037558,1.3090146586476679,-0.47442947847088585,0.44718898901716886,1.7646592350541481,-1.179246217254824,0.635843016404512,-1.5877892010995973,0.7882552863863697,0.3019339363649066,2.6864811633494172,0.20809719936681337,-0.40147527769187663,1
0.697665032449075,1.266468776237407,-0.20881588308579413,0.8933320225754284,0.1513226171041263,-2.367086358607121,-0.3406913076499561,0.01397884770529445,-0.866214552272093,-0.24575966248898468,-1.0088677758828142,1.3106045433536961,1.4074595687989324,-0.017502662971986716,-0.8979227023779759,-1.5563306140036457,0.8868134710928673,-0.06846791200640368,0.704342588251636,0.9025673474164544,0.7928556220804857,0.1320050724368127,0.8242640885109225,-0.19120326084216951,0.7357184701858943,0
1.0132162721964717,-0.360905273769178,-0.4507527055666867,-2.027775432426857,1.5504271115973927,-0.4097582777602481,0.5832199469847905,-0.2888040611931127,1.2070861913138307,-0.2727022492643309,-1.1654813520302316,1.3451543879732502,-0.923782321140991,1.8203255980124609,0.5227525284319733,-0.05487425946147828,-2.1567501021244677,-0.47286451007676455,-3.1135449904987724,0.48939550325276127,-1.5643829829943035,-0.004585799803355051,0.9172326241496527,0.38182975877892766,2.451444638629887,1
-2.187609823761272,-0.6853048456198065,1.060625580830331,1.0995943734842688,0.20054167511019894,3.014214222487272,-0.7505267460127734,0.9116993854898795,-0.34829355455588984,2.63897302908081,-1.202062277602837,0.5997519221242472,-0.5412675356391261,-0.5741859386785471,0.704168892360915,0.37145223910735226,-1.401515837713108,1.0022335064208234,1.8516809239231398,1.3800664657734047,1.001679486782786,0.638330943916895,-1.2593579533416412,-1.1591601728448597,2.14007181988987,0
-0.3273515270149274,0.0497576884483083,-1.8896434503684518,1.4300006812533126,-0.14875249984281486,-2.5117227213164592,2.228487810282597,-0.9921458428419541,-0.8192809261375431,0.0647958326125253,0.13034462581912476,-1.3276677073799972,-0.17256995873446856,-1.8318981409940405,-1.909157651274392,1.8390161353420142,1.8455965902548268,1.5937800166209564,0.24344760689852876,-0.8451017358759898,-1.6250503624818868,0.6559621291262093,-1.0650073935130444,1.9517401454625265,2.2251593544443313,1
-0.008974573252526596,-2.25236781001482,-0.39076284380193493,2.760374516194034,-0.39814968654981653,-1.1036972550969784,-3.0531083686413845,-0.17491576323322777,-0.5223336943259447,2.1679120173652393,-0.7838702808364303,0.35493360788728767,0.7985118852206861,-0.6985499258856057,-2.3396994732894707,-1.5862870054915508,-0.13593680195438837,-0.9974288084046564,-0.9632855006582759,0.43750446406042953,-3.2397925258733085,0.40256350167178734,-1.4031412527485971,0.6778535143487161,-1.1711319172357377,1
0.028793997573701602,0.4452646863957677,2.121066995142968,-1.1993602436783435,0.04464663312347872,1.2215483968959493,-1.9571326120148878,1.8375090797092226,-0.4549092050734685,-1.5036299080262074,-1.3956130360184087,0.24188590495106455,0.15711366876925453,1.5600241675876063,-0.5370650020885421,-1.0535574620274128,-0.1123093102967608,-0.5578432791183288,0.7033033485094101,-2.2839099596944816,-1.6184813920770935,1.9999625852772633,1.296750180915595,0.8791940549568545,0.10468627395946865,1
-0.42727606966620363,0.4955052906556964,-0.14202621872972782,0.7312787493784141,0.18318360815966284,-1.4734798764502328,0.883185910914249,-0.174413667695278,-0.2268005848153177,-0.32160543511136397,0.23500784676273057,1.0369440099487603,0.9500777859686632,1.4704668204015972,-0.7570599279468476,0.02068766930107646,0.33008708387784025,1.5977871261509677,-0.4097963565639002,0.20067456252149019,-1.6999037734973166,-2.998273646113307,0.4037314900516987,1.6231743146374462,0.5443986701047092,0
-1.4067903005777112,0.7657694434260494,0.5924007995002514,-0.7290801965264236,1.599334769034135,-1.1667289936964091,-0.8999168587293153,-0.20799874263935925,0.3082684412481177,-0.408112653459866,1.910410571008869,-0.20727323904192876,-1.5375468235191745,0.2704484620059794,0.24923918703878534,0.6259382398296642,-0.6230457151620646,-1.0771489086842185,1.4532763956524974,-0.3556524398079943,-0.09672524599169408,1.7171247745956126,-0.15585068421301607,-1.222126718723435,-1.488947397145218,0
-0.16745001234106616,0.21061458910755448,-0.21297490368310906,2.650077719178622,-1.5841392400187435,0.3909183116735854,0.10418340287294087,-1.0586577549448166,0.07065171486134852,-0.09010436433151375,0.909337788748275,2.7131189218082907,-0.7204497645865693,0.053175220750290186,0.18358647645130588,0.26573739486041104,0.3738748837175508,-0.5427183608571483,-0.13692497662305403,-0.13457964355875468,-3.3434966180797825,-0.8542831828728547,-1.214002950032156,-0.9899509551346098,1.918480702706865,0
2.1140162410070196,1.5237140910822675,-0.6215111567599642,1.7180832993290207,2.2867229041446837,1.3359407559833283,-0.13330721401229229,-1.6965250822222229,0.6457659079556587,-1.7272953158506192,-1.2071443768420171,-0.42314422375566363,-0.6448788616834278,1.844526837291634,-0.17442607873426325,-1.4950195571637819,0.09963200315057863,-0.04828679458849372,-0.09435177964221303,-2.420038123819208,1.4231502667362999,-1.7385851484786015,1.447594128117628,0.7836764244019647,2.936406337571121,1
-0.39952593053256885,-1.7615064257335533,-0.2808953333449592,-0.41414772163021796,-0.6717830463402956,-1.1549430781183396,1.8081781874064426,0.16088091230075374,1.5317949122721035,0.7734294375379054,-0.7988565472943541,-0.873089448179024,-0.09824779594666155,-0.26453267386028734,0.07634995965247915,-1.894119945903995,-1.371293480924701,1.1417329600565411,-0.9642627528266012,-1.506847600719282,-1.4704474464360422,-0.1489615770197814,-0.5956017245029679,0.6719340555984559,0.7751284346606466,0
-0.6369688050579894,1.8494173877603481,-0.7072669068668909,-0.9467246656148616,-2.0551444485589965,-1.1760061639134292,1.154895761264998,-1.4121920380180772,-1.6629331259010334,-0.8082414348693425,2.852351870232587,-1.4426054756894415,0.6318903443913209,1.6521968052523994,-0.6517168459151459,0.8132736268831032,0.3484122741535437,0.7949773953580996,-0.8810349962184498,-0.4230775180930695,1.8480307398756761,0.8627718719693289,-1.0208972961832408,1.444675889642402,0.5677313401035191,1
0.22336644407876352,0.19533822526974953,-0.42104176679253813,0.7777027724593957,-0.4692037618534978,-3.31706157300349,0.8585309024220317,0.27549237489677814,0.9717802805997563,-0.03759282975435696,0.8056096817702963,0.6732079561429167,0.7346588785261927,0.09822059087029764,-0.8085884809548491,-0.218152024574933,-0.19763093768314283,-1.259080505848477,0.2884957664688149,-1.7554609391310878,0.4180859760310572,2.0597473866877585,0.26239099807660193,1.467042197954187,0.529871051512693,1
1.808009679150516,0.30117298996791286,0.22342800082097708,-1.8808915121041978,-0.8337043789419388,-0.22459826644761627,2.9503904032408403,-1.2996073349048585,-1.3024212037862308,1.8334087036229638,1.0277688618383212,-1.3368407151485948,-0.750443774795684,-0.43917625030377605,0.36438064972504247,-1.70870239409092,-1.297959285587476,-0.5695244640254148,-0.5102137474552825,-0.18831693574954422,-1.033356087327672,-0.7290523675357123,0.7593826288193446,2.063315758165261,2.7008522558944223,1
1.731241076743419,1.1752355213816081,0.6973193677193842,-0.14231267278797755,-2.740237693696363,-0.20702263869365928,-1.0789037928494527,0.5557644032604829,1.0097536448315008,0.05405376319275346,1.9833827275332157,-0.32028307021800684,0.6486060837095664,-0.0951776440309337,0.10868785131491852,-0.11047971320769506,-1.5238521088119152,-1.657756818005839,2.166872587563489,-0.661725133545404,-0.41584983009780085,1.2311782102096536,2.187382423198761,1.5517553451851724,1.019933417576454,1
0.27246391748974563,1.4021219769805955,-2.3771771879884462,-0.05963615087348817,-0.13904473942827023,-1.4429814591530439,0.4309018251958505,-2.063993956479812,-0.6481351788962505,-1.319853713360347,2.662632511206758,-0.7606780522198182,-0.4534743160129747,-1.1406442498235887,-0.04066519947187046,-0.01674783211268971,0.4054993920265183,-1.790590265836284,1.6459856675241462,-0.470526195941688,-1.5524974125979356,0.7149372739218015,0.8667325752562078,-0.06486508832799531,0.4807936908530565,1
0.7008343789790107,1.08949683226306,1.7538977353516785,-0.4531552021003852,-0.792613669205967,-0.2242949338299095,0.3634989762619173,1.9865136906923104,1.3875613750318176,-1.416944126053424,0.5321608334818738,-0.9548181155491802,1.5400866299658849,3.144193801965783,0.5657455537563485,-0.8340991843474019,-2.3745532810475627,0.6654239226605293,2.609192419328254,-3.9054288352503717,-0.5440380420805131,0.4661132592371632,0.1942306679825988,0.013443795574229755,-0.3751362143064013,1
0.8119119095825563,1.0389673845032037,-0.5819456178910898,-0.30600798999415446,2.335788024113185,-2.867898825935323,0.9180976252072558,1.071401792455977,0.08324710246854483,0.4976857568329386,-0.8418505197523902,-0.03458582501396856,0.42720955411047556,-0.2764158413843049,-0.7853860892975774,1.1771473237242103,-1.868665772846907,-2.094375747866414,1.766172041289304,-0.7643259752193,-0.15144400852767104,1.1510094633811492,2.292953329238144,-0.2793284224308725,-0.9729488167158686,1
0.11831598511677444,-0.5416628526032875,1.5116312472219333,0.925840053812877,1.0574281785027737,1.3900547243371602,-1.0679121170670869,3.4491757885075147,0.2744587789887287,-0.614206378683332,-0.8409650245411853,-2.6656007168591582,-0.30826317622609256,0.9117999449669503,1.1485427156068873,0.9817587600552786,-0.5231582989549155,-0.3154053416146382,0.4660097917109899,0.8636542516958332,-3.387318144717399,0.7622075523677103,1.2571912182215867,0.7690146751943627,-0.0016637039436533108,1
0.0077302596775269405,0.8736390608947329,0.2826774436908568,0.31879232995033513,-1.7290974724679558,-1.6498647805683482,1.4589580374999995,-1.4484679731218562,1.4346708831028336,0.13179398648106005,0.9102000341224196,0.4909642030797986,-1.1982320658581909,-1.1470861642424903,-0.5057200009495508,0.4865005722852189,-0.3338449486846017,-0.36143405409750773,0.6621531235122541,-1.1578014832164125,2.0131506854721075,0.5511968180395839,-0.9828464503447947,-0.5436438296246243,-2.76586885177396,0
0.19220362105512045,1.0557448454712357,-1.3411714142453022,0.11017863524624949,-1.628279124888408,0.35559683445432827,-1.0570188684050186,0.1401924987329568,1.0663494768627428,-1.4859951172284893,-0.783310734548582,-0.7725999288485611,-1.1406715929357842,1.0943333021169306,0.6797193607486164,1.065896928930177,-0.8605270827501835,-1.0780426957700726,0.12893787669711393,-0.08410817670556653,-0.010801736389523031,-0.4836608439345449,3.289239983811721,0.9042462129089948,0.8293508401601998,1
2.1262021136506033,0.3751712542387247,0.35807831284921077,0.2961764465857698,1.8174470720604081,2.4277704294100815,-0.7601795243629206,1.4718649835963244,0.42789754591446083,0.4073345802184516,-0.7520341456842284,0.08781749325269084,-3.1217602420731314,-1.7797975360678584,2.23946927152652,0.005434239530342999,0.6121355796225177,0.597418475895281,1.3757500001289757,0.28646445583541125,2.045844015038057,-0.38410308516332897,-0.39809282810407387,-0.10294829837609688,2.763519536915335,1
-1.2705049766773795,1.186895043354689,-0.9480291802797964,1.0652615464550552,-1.2273360345029112,-1.7127218440242304,-0.26456421829447296,-0.8654379036479364,-1.2842013369995078,1.2194387659753336,-0.2925273920221144,1.912637622375936,1.3769033023508777,1.7434538284666403,-1.7414319351350689,0.3726153552520553,2.388815362614787,0.8153683716238807,0.5162434069143069,1.1470591464777933,0.5821937332571263,0.3434106213619997,-0.6094699642379929,0.3261119622085364,-1.6087551822312247,1
-0.7891674218128686,0.1918232112486663,-0.8178001554041646,2.1468945953482264,-1.6543790130229072,1.9394621213761398,1.3309653923646905,-1.618082378503873,-0.5665064626264101,-2.2183892579292794,0.5830923677845792,1.7975222766701755,2.0425496591629853,-1.3729726608931523,-1.5294003794073339,-0.821032788280672,-0.40060677089670094,0.7259291442449911,-0.9462838214208957,1.5253931584477687,-1.9904298049935862,0.22752665499307034,-0.6005039589218877,0.44957693171034513,1.8697870060307529,1
-0.1375692104260325,-1.9323535043261475,0.273309060156116,0.4552883384815364,-0.5432236351512085,-2.03612342548593,1.6430102667217334,-0.9504744180097029,-0.8401079167820779,2.3462134700851016,-1.3346705186930008,0.9684769704442409,1.3848711737799866,-0.8723546019907539,1.5890996622278317,0.3439779371769027,-1.1894846586468013,-1.3659089335741919,0.046274270370675774,1.9828042631216547,0.7342721865114481,0.2598033029005498,-1.0221618148867255,0.12914662234580954,-0.1860482284857674,0
-0.7915431172448333,1.8560455687319608,1.465331753812519,1.645406623246251,0.7349769142306094,-0.9832799424802302,-0.1460719704930659,0.2811915081744729,2.1290773724146552,-0.11793308554861809,-1.651043095378163,-1.0138289057230436,-2.6433330589272748,2.688061001533596,0.7833666759998622,0.4518376392687571,0.4024051614647537,0.48497372412597783,-0.12445114658629342,-0.8672648860722472,-2.316257273514071,1.289711002325707,-0.20289897633922005,1.3554096499011894,0.8107014702148927,1
-0.7270173978530192,-1.9567807455746111,1.0303842162761774,-0.04999371495340793,-0.5446376113201038,2.2839031533763015,-2.256003444673074,-0.3362408477254467,-0.3771939969984177,2.8917422283686522,-1.3948934096431622,-1.3598837741960588,-0.4233002697961229,-0.4993173184883939,0.8624001960938718,-1.1298136724066508,0.14031745533878415,0.09157381635720041,0.4541627742448694,1.0934704763317464,-0.6364117403659658,1.5507016153137443,-0.09195747744538296,-1.0501975442406501,-1.1201504459101388,1
-0.48419570063466727,-0.6858916014150789,-0.31284139332155814,1.3815931405652961,-2.692592093909293,-1.2031564687243625,1.5927677895588466,-0.5688314581846274,0.12548500688092057,1.6136199218964355,-0.4051853702640943,1.3507576905836836,0.14587012382667813,-1.7246825956775984,-0.793244625006123,0.12584179304383913,1.7309109435134091,0.15704784649036807,-0.6450869798264834,0.5056046234026959,-0.6217366611759099,1.3018922716796828,-2.3767606362502605,1.3380480863423798,4.0845316953873585,1
-0.6177027480593654,-1.4341151467922617,0.320112067015514,-0.8450679515666801,-0.38121374934630536,-2.149909265839822,1.1771814444873903,-0.17725375735511717,0.18195498859661263,-0.42023259318889583,1.9130826935529988,0.39945367569099427,0.23064124998758762,0.6181012025295674,-0.14260285883752755,-0.09640432516633013,1.5169787744023089,-1.205335939444811,-0.26511333682016336,0.5563748072557761,-0.7403525675556097,2.696508105523476,-0.45813255573343903,0.06884079288029457,0.682167680188188,1
-1.0431350153952859,-1.1266667944400426,2.1937769486247896,0.006013526391998925,0.26988349320477156,-2.1961795240676283,1.2640507771959997,0.8604397977290598,-2.2930270741612357,0.4125772480664099,1.7461375641337282,1.6238171252593867,-0.11673015396103281,0.3995855645748827,1.0628706581475362,0.6108336707880118,0.4058497307098149,0.9175658261272883,-1.3671625587791687,1.7488270059141924,1.6134780815714085,0.16664087199409694,-1.8501279693840493,-2.0340106645386538,-2.1461442279729646,0
0.03054836885428136,0.21870871805097664,-1.2667966190257114,-0.8838893669608081,1.7108664542694794,1.1602948019393948,2.9274996385029217,0.1340824276754209,-0.15238422644125588,-0.3664140252718306,-0.08119606206942387,0.99615410558923,-0.17447202144547458,1.361189033337334,-0.477452825371474,0.7805024392607427,0.6379124799550251,0.24860836109345574,-0.02315418315003326,1.6262431949896592,-0.43580259888429806,-1.2580879636121827,0.366307109505139,0.9554281299815923,0.14915225722558195,1
-0.07712911156408475,-2.132816561470367,-1.0237815180185694,0.1335789003068077,1.5683711379072685,-0.44607996843433895,-0.689313848362381,-0.18805111512205844,1.2821943493547225,0.05309193325583372,-2.299525840015531,1.0957245956600488,1.529323922717135,0.17692226689286905,1.5956905473798326,0.5576417464881438,-0.6054509686540517,-0.8203512356531162,-1.6524783576999713,1.6460469365340469,0.9927941996776795,1.1947355833375042,-3.967594950529754,0.08469207275836788,-1.239761921322303,0
-1.2761344848079608,-0.38531254378272317,-2.4321802367125844,1.0757229468279443,0.17077340922151255,-1.4515990800406842,0.19151216931634613,-0.42267167115715265,-2.151215828658815,0.7878660651231686,1.432760473804753,0.6163966667831129,1.642164172920669,0.3844082257682577,0.47386436456418024,0.6348072094947209,0.6674726036234198,0.6373894693951984,-0.3372890722490241,1.1297803114113776,0.9162110286011815,1.5191330901453555,-0.5118622811158162,-0.3497289391138266,-0.8769684487792996,0
0.9603929068028709,2.2944883273039944,-0.7764718179253107,-1.8041467723221962,1.5051819412629508,1.4628110867561395,0.3624483076890907,-0.5342014253028678,0.7694861817461964,-0.7292405609984414,1.1829860769430578,-2.0955230940711753,0.42594376370524,2.1533470201201674,0.7961020842530815,0.6109010230733662,-1.0395731690985883,-0.21985821848687637,1.6210273738401337,0.9558623288239354,0.2945681708643707,0.7198237909211886,1.310929590792943,-0.7023663351528827,1.4530538204635706,1
0.5636035361572193,1.0211955765900873,0.5892965692046841,0.13515435941887272,-1.307377736473994,-1.1593360506633354,0.6307065841059311,-1.1212854834142052,-0.27420173925693103,-0.977804931069868,0.24612969808574423,0.5012924672115441,1.8452163117555513,0.16330897929715615,1.99978217767356,-2.614681737088632,0.5396936500092306,0.7076315286844534,-1.9718132026970348,0.9496348720191424,-0.7675383251588832,-0.044321992929358456,1.1423804728588047,0.564264030343323,2.983633190352735,1
-0.02597332048835438,-1.1787534736561907,-0.8183251906895423,0.42231339601309664,-1.3360812358656025,-0.780393900958582,-1.2327264550691952,0.1295101843080958,-0.6419432333315359,-0.2140906771330825,-1.0976661266670569,-0.9835522603281966,0.38527935235056565,-0.6838886029871061,-0.14667605765854164,0.8812474813502924,0.4185867591831122,0.8286205130642391,-0.8698177387596656,1.1515330128035544,-0.9297923629135907,-0.44042367544673144,1.237209891794162,1.1531231941357745,-2.4883332207961084,0
1.6878853327809227,0.0546067574166661,0.5847733428761046,-1.0665004509110128,1.2509399235563368,1.1036845062918423,0.06061159072264993,0.5044158142199273,0.7249975763321439,-0.857364348706888,-0.17457304758561215,-1.172602780245859,-0.002409716761794356,0.49082436775326177,0.9449789226164107,1.2659670358573474,0.07941528800839691,0.9124844815161229,1.9668341846750315,0.18055419019519375,0.6085551940018268,1.8633651423757498,-0.580708895921593,0.19842324927951874,-1.983510577532019,1
-0.49374985711882036,1.2718509510374283,1.0426541111580674,-1.4663136037799316,-0.006512541414821327,-1.0513442084538893,-1.5175769761568838,0.9689162888677735,-1.041401859172746,1.80894702177893,-1.2886592121617828,0.6216417284812705,0.041805594676451174,0.5371654344713257,1.053174040700393,-1.652837962754696,0.7984199458468213,-0.041512816501441674,0.2801540908898005,1.8420373555219673,0.3854364342916695,-0.6880798781078199,0.036661290136757785,0.7702580739546461,-1.7701788421197668,0
1.4000192434926855,0.5088128957553372,2.1917120115541424,-0.5856786414116731,0.5117686064053846,1.185729743803441,0.6065099575571886,1.2272245188976205,-0.37707472802949654,0.02874717063288368,-0.553230895608084,-0.16232520440630235,-0.34969401374930653,-0.028893431687261217,0.05294097908414471,1.4431647344921519,-0.6821171792405814,-1.6042860397411007,-0.9381652845620788,-1.7638439786608915,-0.3666390556905701,-0.2777320118935912,1.869922942594068,-0.07806186699390927,-0.5474286497921419,1
0.7783522553350675,-0.4801468063125185,-0.06992299545382707,0.8309583997885279,0.7001231802392203,-0.17786781965403087,-0.4949996243866513,2.5132014663275513,0.3012558993127651,1.3398526297466404,-0.9688429805027589,-0.4522874916914707,0.9703202477086814,-1.350026845066413,0.1358329238636587,-0.9295760141259968,0.0591510902700941,0.8374146792882162,0.6306639962603393,-0.46180081208717083,0.3465039937986417,-0.3846565920840228,-1.7022279641650768,-0.04216111481368756,-1.1830673807092045,0
-0.684168238436057,-1.2719244202019144,-1.5304458551298852,-0.4023689537222377,1.15465875297624,-1.675081429563451,-0.2598913142529873,-1.3287039306907065,1.7405998549062693,-0.6913653733960377,-0.8290804225941818,0.6278518913182768,-1.9974265866399028,-0.49165931490763204,-0.7419196408915815,-0.8349650638292688,-1.0730587211119245,1.7648148755227422,-0.05053067676836831,2.1083683457957223,-0.08224229812689557,-0.0414019602221789,-0.9986532423794439,-1.3101195111014368,0.268060449267581,0
-1.2929192770480296,-0.19232942545434628,-0.08632413760698246,-0.25702273513204565,-2.980166033661631,-1.0204300152275168,-0.7861252546674176,0.24415723201304185,0.5360777601479232,0.5471934274270209,1.9079958747147856,0.6811911310557066,0.5166953198481407,-0.09231848869856996,-0.6149812102676577,1.4578072332125185,0.04994184514964817,-1.176460198276666,-0.7293639134674041,2.946284962462714,-0.21886432426210117,-0.1931194345263402,-2.1008694653385227,0.5778145210375983,-2.184146600210656,0
-0.4471884086054416,-0.20392459354073345,-0.1508810448297535,-0.022425042725854764,2.03891990775206,0.46491583326988284,1.6408965314295096,0.9122349354504652,-2.4212048384083515,1.4051135105054013,0.15907264857384712,0.0008833687577436133,-1.3110751277597759,-1.7998978557260656,-2.7135634693937893,0.3938457730402742,1.6325916445170283,-0.4393062839481712,1.2387399338032061,0.801988870503306,0.15967978188683896,1.1312837562844789,0.24350972535727072,0.804038102835983,-1.6912005379216557,0
0.12071234589921387,0.7274856451934835,-0.16478319266098473,-1.519168853172991,-1.0914560877513106,-2.2106127889893172,-0.6097102692429371,0.3512977868052132,-0.9444993535546585,0.9257643022841315,-0.313130893791716,2.54624195393819,-1.1254266708057428,0.6716441948564985,0.6112945889058627,0.581866926424569,1.078196659031145,-0.1095143878071505,-0.9920046582318438,1.8967772714027245,-0.3858946172151283,-0.8425685745019796,-1.2568066559966944,0.4316789219562589,-1.2025847813357664,0
1.2033001547906288,0.03210873378805246,2.9496396599333097,1.4218754863425889,1.5947658166529268,-0.010975125208176006,0.38056496673920415,0.6423090276836689,0.24316133229829773,0.48537847717854277,-1.41225696879318,0.2903994072434923,0.31861425291762147,1.1813118604295483,2.101303138185852,1.3302551245540668,1.307946028439797,1.9308014779663558,2.281755871253727,0.8233484221417792,0.5860081491703835,-0.04064457811444286,0.13389687333529698,-0.30683010093149865,-1.1205200530327106,0
-1.1764933986165025,-0.37031264462577174,-1.9155864216866259,-0.3049132787833134,-1.072551172217339,-1.2376699373774604,1.3993606760301915,0.2179868860022287,-0.1628440755266285,-0.7273582125103458,1.0453454583915074,-0.9023785938581017,-0.48920935049563574,0.8244005409449746,-1.4447335411676583,-1.6946394154081523,0.2429318872744021,-0.24490900649748787,-0.564771151719778,-0.010487958042716655,2.119027604194353,0.32192638557038905,-0.10381208736544201,0.9624250083801429,1.439172556027669,1
0.019683962517227815,1.849609163814343,0.17175020930863028,-1.5444577925554395,0.14311195740518112,-1.7535320403349486,1.23248154246446,-1.9982112599618742,-0.4686338067102664,0.3474373666136302,1.2098193612395036,0.427897687742047,1.2435960731260605,-0.7238494680584145,-1.6418168809359648,-2.0400571476887555,2.566652685176493,0.2747073865758647,-0.4900885978553574,0.7724392213352532,-2.6978481039811744,0.5491354091497285,0.9943226034815973,2.519998975132374,1.4489158780730511,1
-0.2642239725687092,0.7246339862566397,1.5603274570895067,-0.33360340065306265,-2.075054185546982,0.8865197473252613,0.41659447043877396,0.46859850593491403,0.12590756214860654,-0.15716169513743938,-1.1052979660102584,0.45111547005101627,1.71518091809429,0.42167035392626984,0.07694514853413831,-1.311163113278133,-0.4936150062161974,1.3862445722707453,-1.1863364808883545,-3.233494920092211,-2.0317244081360473,2.745640312470155,-0.5550788429152221,-0.06671800337351175,1.5051352089168373,0
1.5323316118680137,3.644328341384667,0.09933164890798882,-0.0970287019970168,0.8621645772551547,-0.4307262053183344,-0.1865333733738771,0.05927818468123672,-0.6561601367372879,-0.12554442734019844,-0.04338973499703991,-1.1146091943271281,-1.0073977389372142,1.1498378583776008,0.5390023991546866,-1.6797897719056478,-0.2713639585663374,-1.306821847950429,0.3132575291040635,-3.6210941137108037,1.6399644856008826,-1.1662079289629408,0.72782762768449,0.48346153197822533,0.42772470182518796,1
0.4536087488618199,-0.20491017509279003,0.8260831880119148,0.6861983402686769,1.422184194228858,0.5561750069566747,-2.5308469807842497,1.491280627560923,1.289697459758116,0.5213219894433273,-0.3712057656294554,-0.07184782709361148,-1.8091748367113802,0.3270734551443829,2.716469519533744,-1.7232494828403695,-1.3927786232619979,-1.0928240893744103,0.08195592764011575,0.6567222366930593,-0.3213950402651131,-0.9143213397071938,-0.015526428518938207,0.8873848719801424,-0.7694171572967461,0
-0.9760619534967684,0.5362135565739401,-0.5795328171426991,-0.18765875739682958,-1.0018599181992704,-0.4556763345041753,-0.5845642056392026,-0.5747329948224094,3.0233633225252214,-0.3169343246543375,1.747772530371055,0.5001100586167408,0.9061776558799117,-1.624811825640193,-0.8818781889209075,-0.30265376149050355,0.4442428432604685,1.0319985962199831,0.006808196020684942,-0.15828983967022647,0.5112794880109104,-0.7612737143049886,-0.68676876659767,-0.6266307019521938,0.3479163109347988,0
1.6749679639725314,0.47251955004002083,-1.2313804058692996,0.3869817392072636,0.41328256975658517,0.34934448753112923,-0.7244882598179572,-0.8349938283817506,2.479937859676009,-0.13250535878744607,-0.35900182249025336,0.6579407712835227,0.4884281731776425,1.8121459697467803,0.4916094413792777,-1.3774697953811743,0.6132594631481538,-0.13941486451262391,-0.6861218971981133,-1.2994601780867991,-0.5593926082045176,-0.2065523761418358,1.1598575830305151,-2.8688392554000552,0.2563018060652825,1
-0.8159397939593235,-0.6838918024168024,-0.052759419416226694,1.3794384784154734,0.3991087436099382,-1.7630140002653982,-0.5793311771469202,0.4865122978475125,-2.9990362462312876,-1.0042563112667915,0.24488789782887746,0.41468107874629484,-0.011517021221044504,-0.8448091804975033,-1.0651370574966281,1.2678539306063135,-0.15532232025491222,-1.383028159959667,-0.1884273482362454,0.23058456739846928,0.7863491705735695,2.587209118638989,1.5668624201595582,-3.2423691712319065,0.006563329564589493,0
-0.836545829206302,0.3169374647562753,0.43695339372214126,-0.1871263465615951,0.20055426406534982,0.17469502892737854,0.9873502206396998,-0.3526906106793388,-0.6690899384882094,-1.1415122396887383,1.829110942759666,0.2892996598235853,1.5752376301134157,-2.739408837945227,-1.76793765497746,0.7886421583020256,2.293387505363757,-0.0226720303653567,-0.9424119213673835,-0.5155303365576481,1.6494037519195812,-1.7975073120817504,-0.38484319329297356,0.40047680486851867,-0.7102314058411285,0
-1.2848557548416477,1.1838603470196265,-1.0298904542828582,2.7498192239899586,-1.0739514353590174,-1.761488602991141,-0.8455511171344046,0.13356003562300744,-1.65447516817929,1.3747434361038646,2.783037758410639,0.3293400224732575,-0.06997143668778841,-1.788947652662006,-0.3401687004194624,-1.2283807416081352,1.39827240265475,-0.20993764550800809,-0.6610390257764875,0.7501595782128218,-1.2805987286197555,0.3555685280603802,-1.0464562178565742,0.4361503663978482,-0.5177342596401355,0
0.6058402288153075,1.5131479884378205,-2.0085832264814756,-2.085092431028244,2.6490876613100576,0.46951828704702125,0.1933450712427801,-0.442114547948564,-1.4165004399797558,-1.8426901155758837,1.0729971312051934,-0.7114534406640204,-1.7406764977249152,-1.8342019793126298,2.073979566314552,0.013456909959410401,-0.40477719268494444,-0.18352191761843073,2.3674763382263366,-2.648297938591791,0.18215389707965673,1.94526838442648,2.0521503257977693,1.6877131060585948,-1.7466545953989288,1
-1.137236337662999,0.6393237588653801,-0.09057622496547968,1.0486443051359213,-1.9274657977350462,-0.4930086784945722,1.691768183801884,-0.035122161046367895,-2.4799272379610944,1.09291763661811,1.492580998829368,0.4301253178639209,1.3888672109023803,-0.5338437391798297,-0.3067435492755455,-1.6253400781683751,1.3602615491700245,1.9826660589843155,0.4778012102151165,-0.4509359529134078,0.2621451401802572,-0.21755699740296439,-0.6202318709856527,2.1806814515023847,-0.7245820610354391,0
0.7969382038966759,0.2503924125755954,3.2087767291759635,0.695173110357082,-0.09698221009850105,1.288826839308666,-2.0932860589826556,1.131010351716038,-0.044312320517384984,-0.34742877461357546,-0.924345746691432,-0.6368675644947245,-1.4752789226954297,0.29161044807535236,-1.2406382374510494,-0.6836142432555046,-1.4532187125885434,0.8832265444467637,-0.6392969828313368,0.2709484287217977,-0.2757682416703311,-0.10962810957858149,0.14560381622998833,0.20480029336166197,-1.5712363822570832,0
1.0786014958443142,0.20837739058800703,-0.9044625486513541,-0.6603930246980947,2.835357937108713,0.2507629290226277,-0.01916734544681553,-0.26643632449743704,-0.6268498170679082,-1.0286772981463623,0.5553513041114739,-0.027000095738694663,-1.104235872398269,-1.1022965389070336,1.2160943277064362,1.0209462003225487,1.222645039740493,-2.0791422174911123,0.16799298716007252,-1.551990349854554,-0.6140535767319728,1.1438414583051095,-0.6400098829300513,-1.0059136148949062,0.3454051508288899,0
-1.8697839044220652,-0.9446215407424654,1.870229763040531,1.760227109376437,-0.22092167812699182,0.2572806914831691,1.7223911117538537,-1.3830741674666736,0.601074444451194,-2.3621576987491015,-0.6916172390224624,-0.998203084608952,-1.1566562248622752,-0.9127059493805639,1.5597525711971487,0.010646000842518655,-1.2383495636597024,1.496137588774,-1.9624958868502753,0.9000214791042496,-2.1637447788612034,-0.1795837150611097,0.8682250979648758,-0.7243944356931947,-1.4302296220759092,0
-1.1389672185775757,-0.408921512969165,0.12953322099616504,-0.2784978322361359,1.2638429229442418,1.8527736936791026,0.900446217740018,-2.7953635792987024,0.600476830749743,-0.35554861882261524,0.7273179326112512,-0.380809040015367,-0.6053903901168771,0.41825842692047743,-1.2246137052890325,-0.25870066551638105,1.4897484696142382,1.7631901726354229,-0.9317853140497492,0.4221167735836514,2.026603716228161,1.9026596168002545,-0.29954193727468953,-0.22524260425045306,-0.49068525158881826,0
-1.3051609047669706,0.8938735885661756,0.24489861619457187,-1.1682424503544857,-1.3541724667320223,-1.6420963209439057,1.503291125941306,-0.5680683992135156,-0.9518173316580053,0.15179811491859777,0.14100678505762182,-0.7112861575002986,-1.9260006710085982,0.3530723830342217,-0.19938325833651374,3.4779315902140993,1.956556643749885,-0.11916253118709835,0.9823356169113548,0.4718521167139936,0.765214776508162,1.4074548384408339,-0.08436349425160007,0.32939706139481795,-1.4280018028807078,1
-3.3782159776821272,0.5802051319520573,-0.23340527243005232,0.9746239485767738,1.1360311326654342,-1.1738144331436402,0.5437106041376871,-1.6487239991674731,0.9982153320831031,0.8550223182061546,0.35384509680589116,0.2638894160803035,-0.09534793719851475,-3.1934018167291525,-1.6196588259174631,-1.081478277219584,2.8153464739193548,1.6602395343799206,-0.9279937598893147,1.380576744786911,-0.6584368508902584,-1.737210603959125,-0.3823151080768755,0.768605788015132,0.4626084490980077,0
1.2116961668354187,-0.5822630435051943,-0.4181789093767924,-1.5138022327774858,2.674494671584415,0.1624941105064686,-0.5691289451260436,0.13499095231015834,2.8916241249697077,-1.5644280793381329,-0.24554796808580837,-0.10319456152760498,-2.2328514036259635,0.7795703704695904,3.672017557174899,-0.8183749920997825,-0.7829435705125636,-1.9234610966842234,-0.3291182006150084,1.2650388512009927,-0.596035630397304,0.29385882929024615,-0.02640147672076154,0.03416165295830503,-0.7819628933790665,0
0.042075963016287576,0.5347811304518062,1.1802929960730284,-2.211076418995054,2.4352159056914227,3.17420198813626,-0.6642937688167257,0.828550949003964,1.2098284862910564,1.5098706837310583,-1.776332194947896,-1.503418671087718,-0.71105565705524,0.6464944034304896,1.229912366278153,-2.0913534007471357,0.21497574379168938,-0.2896858706757923,0.3040146686346506,-0.2701476572968715,-2.394583437873473,-0.5244153557801278,0.2504999054008804,-1.761794949372789,0.1950812901727877,1
-0.24677333826958003,1.5513689907093307,-0.14409870776872646,-0.1954396097839799,-0.368912879895724,-1.6478587578343422,0.12004638408200907,0.7347443861714489,0.9557741880404251,-1.0625404646701104,2.7236816712439045,-0.3532007081838303,0.2690437573496328,1.8189147181627787,-0.2262309689948636,-0.5363095855104236,-0.5653912235930003,-1.7803239650035183,-3.0780373768887364,1.4855068858620835,0.8588204005146516,2.6266499623685586,0.8837667775651323,1.7929813604951255,0.2572501318340076,1
1.2951478798703782,-0.3404359699524528,1.678151655693471,0.18973386115050228,1.6351302188624761,-0.20640382189473827,-0.8301014323907366,-0.6075690204469534,0.4433759552553184,-2.617600079421999,-0.7896187350234093,-1.052960210051308,-0.2900081472031984,1.62899750983897,0.7648772446190045,0.6802517858818844,-2.5100500990379775,1.7283315528153695,0.09692142902226533,-0.27507204083426784,-0.06561074665653681,-1.3957492996692022,-0.0545441307967629,0.30075010486164155,-0.4888228699684712,0
0.8897726110338368,0.6425200628535496,0.521857969363565,0.2540874084636447,-1.2363562326479822,-1.0712357118638467,1.167569958806709,0.1673423076605456,-1.2114766189105641,-1.033141062369161,0.5641150538839317,-0.19928741820701223,-0.33073312420856205,-2.96033352548799,0.0620111231205166,-2.5158950458044416,-1.6919097772022311,1.2570076658142688,0.26023382754223334,-1.8201628528630214,-1.0451351207517146,-0.9712241034273479,2.4732798454612346,1.3854276003823642,1.1769314685541326,1
-0.23559477077570734,0.5408014479448661,1.5717299693166864,-1.2435082159483077,1.4674642330464596,2.7950046454918542,-0.8775123954685404,-0.7491391510505573,-0.3691833673688859,0.032162577222410095,-0.27558478159562394,-2.443463454532734,-2.1110015661161814,-0.29847924099601575,0.2493081787665966,-0.7788812940237666,-0.4906258693838732,-0.6569193610806934,-2.155987032231608,-0.3362734480198421,-2.103425050805897,-0.7434437978429742,0.26858841032181824,0.2819969624676144,-1.4097473615309146,1
0.9186614183612052,-1.471018988976244,-1.5196641507792559,-0.7070612626218495,1.7683194119314614,0.04118972610629079,-0.7203539041174427,-0.31288250059117784,1.221812528657729,2.7679390781753623,0.423624348043972,0.6793120030244155,1.38253081843793,-1.0586466541104715,1.1466450040569314,0.6569616066330379,0.19876504304971943,0.7430620178047216,2.0245783093916545,1.8169239403727404,0.6626162679844472,1.490198664863232,0.20232178186405214,-0.553334901121732,-1.3594880210580373,0
1.0021509283586114,0.9900455497444646,0.2902097180141141,0.013145486527259997,1.3690249992430046,-0.6919535207497473,-1.855531768116811,0.31352666105772853,0.7046047247399048,-1.076860708406999,-1.2424194863140818,-0.45807514837480984,-0.6047870002577753,0.7721327475408707,1.7638690381022193,0.575977038908156,-2.6758540768786334,0.680738826539767,0.9804219441971994,0.3841369781702542,1.067409188703711,0.037210721629094806,0.6668816512131397,0.1567036150736355,-0.7060824215417821,1
0.3349799673426111,-1.3897932967660227,0.8085653982161577,-0.47672603913691225,-1.368951371306305,-0.25745501506213375,-0.5995122368599916,0.3795449032246281,0.03213252134225464,-1.9479276269599048,-0.46984008860917825,-1.3771729968594109,0.4746908854376962,-0.17955673259580135,0.6862219853672955,0.9208315229842498,1.4861913451955786,1.7030785588688309,-1.575954540433981,-0.4935826786844894,-1.0414241194314298,-0.6631925264823637,0.5600670284661383,0.06796431741889183,2.098128761011843,1
0.39265762766847095,2.894844325705968,-0.428943685620999,-0.017369099134420307,0.27801414971751,-1.1190419823636673,1.138871350672264,1.6971942983771946,-1.65779677406186,0.03739918829915634,0.6838077427260036,-1.8130971432842036,0.2053034390408305,0.7859934526888723,0.795225147760527,0.23373720678591908,0.19136517336818687,-2.340003419765622,0.21484336842110652,0.44052688886052405,0.8708839002082069,1.9773585351495708,1.1087332312253426,-0.38042993971741035,-0.1885257920165227,1
1.2963347762440642,1.1880528147720257,-0.840795534512642,-1.7876965386161445,-0.5880563945924963,1.7832391426674141,-0.538842395317791,0.016257069914210664,1.8175826265402177,-1.5505961085582187,1.0504521168747776,1.2920218874914837,-1.2482577340837588,0.017867267521189723,-0.8272297410489318,1.3326755433013526,-1.1911587301628415,-0.8568774280581822,0.31508929375176,-0.670764561702839,0.04076889462345312,2.39682514802938,1.8969400055229468,1.4061667068925225,1.7988971517504402,1
-1.6789950796223199,-1.4922866737526013,0.2089562186686305,-1.3084372401242164,-0.07869262952396322,-1.1308329802085082,-0.16721755380175207,-1.3642886132527106,-1.9481246349416326,-2.1177286480057935,1.3122967548096,-1.569776850936336,-1.6697649744385978,2.4841122026330638,-0.6778477403904632,0.3176788009637596,-0.04380333991773888,0.922377565179282,-1.7634907650860752,-2.668215327164739,-0.14378972389701478,0.15108451919297128,0.22965059584413755,1.3675355671861333,3.3529874008161857,1
-0.806816325783221,-0.5080572162332,0.7560863302135536,0.6123420243001985,-0.5113602183360911,1.2571671094337784,0.00900927707363361,0.5086443827733195,-0.14785690099806315,1.2935315197489865,0.43373795594255143,0.28475457516742814,0.29558782155395646,-2.3495745030416377,-0.10821416280492928,0.6708640837404554,0.3028849124127063,1.1813356825121581,0.41238733167074126,2.137690421696726,1.7593320155548828,2.323873303478343,-0.3900095750835688,-0.6199127082270863,-0.581398390533959,1
0.9394160043614405,0.17006238055590867,-0.5492025395667929,0.7404886108178161,0.6600809266040826,-0.6570903444070939,0.7969456146696466,-2.0991676817962457,1.376644651812549,1.633409742257083,-1.873602703795034,0.5285305410533914,-0.03804061912051343,-1.836965782326846,0.7991839262483946,-1.3221410655219097,0.9628277005118618,-0.10629381492979151,-0.5710566864455658,1.981116376248546,0.6487543457198783,-0.7017166591552124,-1.1350986775678353,-1.8065907721911447,0.06692758353927233,0
-0.6709241805186764,0.2757255031196343,0.7492055102176134,-0.2937354757748387,0.8635592891855207,1.2124664796260622,0.5493102576480953,-0.11778212292157642,0.532494326556854,-2.0986217083824137,1.5469431200762163,-2.616341096921938,0.913204638577275,1.8612690238472138,2.324156227669822,-0.7457492747135128,1.2185437658517697,0.16596675247219883,-0.7898599138196232,-1.3443889388651704,-3.3938325216277474,0.2630881406938488,0.4905633130359705,0.8529436669247128,-0.0709022312222728,1
2.383194677541007,1.6626005486862876,-1.111351767455509,0.9027721380474676,-0.6178520852021452,0.32665277745501237,-0.05268372636697677,-0.08425310990136117,1.233214736019225,0.269432164444933,-3.107624864686302,0.24176516089652755,-0.1798236386263521,0.9068497834955541,0.5495160612278227,1.7292300517898935,-0.41504354260134496,-0.22826483846761206,-0.8692730900394454,-0.8900811615269008,-1.7120629717218043,-0.18670333605728068,-0.7766456549014875,-0.20920169470332195,-1.1909020688408856,1
-3.2726982740753434,1.2130899155745647,-2.2959285199711683,-1.1279077372136301,0.5678762610238703,-1.8283781982090304,1.355201534390932,0.42102305439089305,-1.4004272498586554,-0.3127649262473897,-0.44525270244963866,-3.6690519998034627,0.1514326227815458,0.8112617884868218,-1.3021752970398952,0.9819208137698475,-0.9358054306030528,-1.3909932253381134,-0.650518150495833,0.7485682006127985,0.955501367823733,0.5348707646458468,-0.6677360525317557,-1.2585145228397194,1.3136664539329157,1
0.288870472514998,-0.1389799867488737,-0.6190687213753547,1.2345628026289215,-0.7389887113242314,0.4204043898485689,-1.0574592628840076,-0.3365163622672142,1.5671553050623066,-0.04083334498179311,-0.2582439543688313,0.35442033896259995,1.011687294207231,-0.1987965773377683,0.4541592822825062,1.4503177803015617,0.8582278740228464,-0.3116540936228395,-2.1732694608582945,0.021902819664021633,0.3300050749166896,-1.138723342868593,-2.00347838847844,-0.5551708461049529,-0.6516486309808124,1
-1.1549403640054066,1.9690769994246755,0.04983979147956186,-0.5470350683336134,-0.7424348851409621,-1.6020564775794424,4.1190706297864095,-0.6564805648139105,-1.2425628284927923,-0.4677568559601377,-0.5610544125672076,0.9648811713801095,-0.15661964089666144,0.3481525262790616,1.9573681558888987,0.7895658491736154,-0.661259397222979,0.4265605016780964,0.048012391116898784,-1.252262998568444,-1.1908407590545358,-0.09379615656049822,0.4588370049039574,0.8054721404694423,-1.7658898198303588,1
-0.0022548408210092408,-1.3894163697810031,-0.041516145979917596,2.348489795288897,-0.415747996251069,-0.11510384865471264,-1.9563582930438919,-3.5375648811282807,0.1900920597423529,2.101655880985521,0.5259044919378244,1.0216551198732982,-0.2586289442088546,-0.03544016218827051,0.30399858373930067,-1.2534931607344766,-1.048456086632949,2.193417137732553,0.473473641450999,1.8686359447923482,-1.2710608333212396,-1.8749166771049754,-1.443316204791914,-0.054327494184140845,0.003072235744966789,0
-2.3993248007180723,-0.3275208747811129,1.3563109463494576,0.10754498202100504,0.2297386002385819,-3.687053752425499,-0.7674066663698753,-1.5705012762779857,-2.166049845224308,-0.053454653087280146,-1.0497059548606806,-1.0446695005792743,-1.1392729895708331,-2.5827212863071702,-1.3816494190007451,0.7684738505137021,2.26419493773057,-0.8937391128906632,0.3820578624558394,0.6472680871139711,0.27713054775411816,1.576836542715561,-1.0277295664842376,-0.11734505653787708,0.5066099478560196,0
0.7980678606350209,0.7839658938525476,1.143795111722742,-1.5405359593596177,-1.457490764813636,2.5780217782324306,0.46793438957413147,1.8666722320141964,-0.5259979667639525,-1.7193535343941808,-1.002592206173474,-1.3900544588954575,0.3655387637271371,1.141511326347398,0.6600489007822611,-2.824304766627449,0.14160041732903283,-0.15726572418145526,-0.39436648069064817,-0.7504137686319574,-2.1545668074989983,-0.45360395074149035,1.4494036149180085,1.1985710530705984,-0.16075359201176376,1
-0.1459487400025241,0.9725666500355596,0.867921374254955,0.8479567648992304,1.2569947885510926,0.843211321348628,2.539086410583277,-1.884816215511623,-0.8114723029308374,-0.04644937065615973,-1.7843556134054832,2.225436087457307,1.5444892284860205,-1.5814663228911419,-2.424527733865447,0.8713099621498067,1.6427812419330436,2.139241967593545,0.37982760115692027,1.2735412222802212,0.17950717994959614,-0.07808397061429895,0.2710129611930058,0.04890675960902635,-1.7378416502175278,0
0.5044938109918125,1.9708581267617173,0.24605074877180233,0.4116116211308771,0.134191698185101,0.8269236469050429,-1.5312142133978626,0.20523983109892635,3.528991585149891,0.3314125811150971,-0.5289030867981396,0.546991817162877,0.6940653631646475,2.624817384573293,2.039444834777564,-1.3092723318531516,0.6897081914386001,1.8617007808477226,0.6707693097002196,0.5988488799856706,-1.5090299541695709,-1.5785027622130179,-0.8581159032944039,0.646362873949801,1.847365742362627,0
-1.2072292463831396,-1.4842395851660677,-0.7985601779142075,-0.8192969242910911,-2.013975239435215,-1.0231836154595044,1.0506184740419362,0.08627214594955934,-2.6594042425601314,0.2555647719090973,-1.84169732786347,1.000600518606938,-0.6374026887008772,-0.6420978548901843,-1.4770190438322923,-1.554643654059809,2.454976705176497,0.10584528614812472,-1.6281675624221785,-1.6745945593467886,1.0458780489533626,-1.8357105674285563,-2.2410539766282245,-0.8427135859761654,-1.0778669833503465,0
-1.2576232043545041,-0.35353012766895336,1.379761787812859,0.14231153110839545,1.234440164066992,-1.093543300701096,0.06333431373264442,3.454634261067487,-0.5791838617412466,-1.031590607915876,1.0126630499751075,-0.12749915787179772,-0.2759264453785498,-0.2977184282021658,2.081931340964864,-0.1480343077414622,0.7889176276094043,0.710972493499644,1.928514065441326,3.1732608325561302,-0.5633689695853343,1.0496163821791031,0.2600095350602139,-0.11934732463964959,0.9813267494054022,0
2.635739674790751,-1.5383986575216648,1.425307946701911,1.1829992558440907,-1.1805973193133765,2.0448203653265926,-0.318008168260867,1.0946106815400738,-0.9555736629653787,-0.004985443842073861,1.6343827043906745,-0.6362627699867763,-0.619516361115819,0.35159662041068107,-0.4889578995683196,-1.7262059750495664,-0.78196469810667,0.7987988965701189,0.4087658110081175,-1.9986621493759436,-2.589060876692594,0.0662919074506656,-0.7901278546110441,-0.08576008933366752,0.3572259009710048,0
1.199075044022063,1.3285207795340412,0.42064523541216875,-0.946277731163679,2.226861741372868,1.291363620100716,0.5211115312996468,2.626028365179906,-0.7622187297885785,-2.0210324081142463,0.8931337101333585,0.07955307732525119,-1.063786294721325,1.596529666327963,-0.2837835383364614,-0.7443940370682361,0.06632975561574278,-2.673116462677052,1.332304492589565,-1.7188714068788922,2.818241405266904,1.0698771405894465,-0.21034735906291346,-1.6781616469816483,-1.1522584566533987,1
0.6929193222525789,-1.7383424760690385,-0.3562045609791015,0.011930932743457245,2.1682275471957886,-1.0958743798027994,0.46767891356125424,-1.4586026123403721,1.5016013256517449,0.544229987538982,-1.9319116809885486,-2.4187147527586155,-0.3854359368346897,-0.18621996188093382,-0.638132836943049,0.8259178080859959,-1.4333371409636577,-1.8595740448799731,1.2123540677477271,1.6575361931741401,0.6835547491290902,2.4097800836969987,2.537216218812454,-1.0661562343568671,-0.7819547453714883,0
1.1618179956683232,0.5372179339518486,0.5490825108892072,-2.7598284058301195,1.1600880949510413,0.4866090064491968,-3.2574577362983432,0.9559830564998338,0.08021754260851477,-0.8599392209142291,-2.8024560266009995,-2.913917782236446,-1.653089598284412,0.27756527837326384,2.002324570504362,-0.9892314774594289,0.5807091912327063,-2.894538519961429,2.087701782512088,-0.39618387382041415,0.1942201530432152,2.0781073753589183,-0.2189980586670115,0.25908283044425795,0.22924909766815585,1
0.3219172430291902,-0.4118541092217035,-0.480936333563561,-0.1356198594875093,0.9100171436302433,1.0646031234071935,-1.098551436153269,0.176949813178009,0.28266202423022835,-0.8478504041759701,-0.16485783597636272,-1.4422809955627838,-0.06576972947772064,-0.10505096045737339,3.033432079806462,-0.5243667101742362,-2.033879784053738,1.100558232782956,-0.8719498447701031,0.0003907864121073801,1.0881008787297544,-0.4556186274645644,-0.10923698005234699,-0.22720104513929237,-0.55620646075488,0
0.8589752622220606,-1.683136554935701,-0.6281878101345685,-1.03989705046913,-0.3507659401079435,-0.5429830480171559,-0.6554629801340179,0.23967449622184855,-0.32591214284633907,-0.17025050664261232,1.9649042092325495,0.26783362465926464,1.1574392047416708,2.016028664967903,0.8218349882314486,-1.1918684642608837,-1.5631989115889806,-1.1403656110933222,-1.289216529114757,-1.5210132148639972,-1.9693197831634275,-0.17473381200756777,2.071168225367696,-0.425771987911854,-0.26397521999565876,1
-0.2796805219115604,-0.7040675779098677,2.5307615241407886,0.6819834750050134,0.5019849399955041,-0.07049782531137308,1.1187118789928983,-0.028644756788497316,1.0166382680003685,1.9675578578866901,-1.6641010459034562,0.744237735757539,-1.008719839634044,0.6991996921302457,-0.2867689274594778,-0.8313090611505327,-0.09725070010878094,0.03831919878007628,-0.4195938443941342,0.27876117906267966,0.048444648944062085,-0.816425894718542,-0.24555239631483639,-2.5870513401047748,0.19131668628259302,0
-0.935334633532509,-0.8787953388459298,2.0765259822860838,2.7775776698289354,-1.2590340302938938,0.3857557595685661,-0.1758950409590057,-0.06607275248157674,-1.1195877201705988,0.438162901265774,-1.3944398137474605,0.7713979762343198,0.23039668361935392,-2.3210227514739743,-2.646708138723171,-1.503631194052031,1.6391214591759868,2.4668486629994204,1.0386124202381601,1.0581504719336434,-0.4816076944730155,-1.7236405551671141,-1.93896918089587,-1.6026241481170933,0.20991469781077687,0
0.7710694459700028,0.7857981683454546,-1.7731975313126211,-2.704710343371844,0.25219669676317613,0.6532891951844813,1.2010898420453302,-0.3191946850645566,0.04773283069594669,0.8569885601837688,-0.7556701581422944,-0.13144631995267586,0.19844483257072276,2.379057066231272,-0.2666850291715661,1.3624793483116306,-1.3299370349599724,0.3789116832172794,0.39492476311755226,-0.25995079525359965,-0.16583034535598384,1.5229619828097025,1.160420448230288,-0.4617383227506835,1.0318075760432086,1
-0.35759962814906177,-0.9277567871273145,-1.4026757448619285,0.7533566254391234,-1.5202269886680302,-0.7481522993284999,0.6585522988968309,0.8257206024984972,-2.0392315996967896,0.05407367158866183,0.7460344377024191,2.559888322981938,1.6814428021839476,1.1200852316942447,-1.5171533103837958,-0.08425713217683262,0.01772191784408922,0.5866025974620536,-3.4004421705605585,2.685758432214164,-2.88267369121868,-3.0744850967745534,0.20417435101556725,-0.31230434630852,0.5889258109437436,0
0.9755777806139021,-0.5307880344446418,0.8124935664607473,1.6483947415579383,-1.598123587908779,-1.1960065307753962,-0.5199238425584154,-0.6087508346396591,-0.7846404127932227,0.367890053398023,2.6359159080938244,0.5524486140275034,-1.0841250463362193,0.907006897772709,-0.7081035433171894,0.15989663641274654,-0.5892191484874878,0.4374210233970286,-0.9044791197118645,-1.463567418074238,0.6944721609730418,-2.9300257736410287,-0.0011321497216426057,0.1444601452545659,2.043981279787949,1
-0.782727511102449,0.8448259553456098,-0.11606768901849973,-0.7462310690693874,0.175988487810116,-0.7422219675619662,0.40028370519159007,-1.309973935277199,-1.0774851797961333,2.1107733113262497,0.7077405257246558,-0.04793573104036025,0.39808602076288,-0.10609308659544223,-2.319415812320864,-0.5767045870854065,0.3647860443321063,-0.41315564817249084,0.6878571059879693,0.7354100117389295,0.5909527802758706,-1.8063624254591202,2.3071421417561644,2.3160473728193707,1.0854068469663938,1
-1.645997733106018,2.248041152556368,-0.8038309196460554,1.7543892798973344,0.03979875491303819,-3.0334269505986895,1.9390994794462397,-1.0817072815271704,-1.0046575532902544,-2.8016668891755736,2.547715262252087,-0.25355508442895613,3.344682988742962,-0.9038055687736312,-0.6061960484147397,0.9425398486378956,1.923297936191101,-1.462467622156151,1.130217296605471,-1.6549496938075627,-0.4358356284627767,-0.8566095817185027,1.0899763318194808,-0.03428723121829591,0.3803521985590108,0
-0.4818002683911127,-1.4389997827427845,0.49194436070473957,0.19253479710932989,-0.4790771171091319,-3.3090171525817578,-1.0960875732699127,0.3861937078176443,1.9362792849464852,0.31369467937445356,-1.2127875917003965,3.1672503810442274,1.2333458185046184,0.2129551492011703,-0.14620014675642903,0.8329319463315368,2.3508778520375477,-1.0376216839784167,0.5741373108757881,1.0825218851662015,1.0012145200671945,0.9560234091724147,-1.3802435663281125,-0.5925191636816798,-1.0389019801718193,1
-2.1809243377359873,-0.09479323876976291,-1.669265233066184,1.2497330780296785,0.505722963901577,-0.8136773536310768,1.4753665119173054,-1.0631024329081018,-0.9413813013202565,0.4958327490546647,1.4633901071815276,0.4053357173860291,0.769090518960963,0.726746187252082,0.03409670985908503,0.07908671955970958,2.3124215644575954,0.9378925144568889,-0.02662870733568412,1.20302125100022,0.049332789854940606,-0.9747108563748887,-0.8595558202470013,0.7541055380651397,0.9561093191049397,0
0.8945469529102539,0.7496606963213965,-0.7697958803369258,0.3345343220458331,-1.1707348335870604,-0.3456862640219216,-0.5927251876646975,-1.9803371876425926,-0.7928797180137608,0.7552462938147124,1.1695264836594867,0.316144433057037,-0.22919877019936108,-0.4065908412836978,-0.7231279894630275,0.6055365956943115,3.172349927069294,-1.4649272320446132,-1.4354868673932841,0.7054580377885549,0.4378891106577404,0.24969789012446802,-0.6372907709775991,1.863201969894574,0.44240527230243576,1
0.551055459032605,-0.313274288257534,-0.4526417996241414,-1.270212233434004,-0.30384979837916004,-2.297431991926329,2.017531142526793,0.7154359985602956,-0.479630474878396,0.6912541904216044,0.6943063766695524,-0.3865288662835913,-0.026862021052134755,0.6608646384969596,-1.8890609377953822,0.6448459106878728,0.5898020361483405,-0.7245253197276889,1.1376833416391117,0.1859450542503041,1.6857025724720551,2.916186573240319,-0.4710436700620996,0.6568735838155975,-1.2527275961697348,1
-0.6161783768496143,0.5945602434299555,0.6735614412655876,-0.406411183531754,-0.14519929124679204,-0.9506771697364427,2.1472373330123036,-1.467627559362707,-1.0432873758784846,-0.6708142293641703,0.1694655644303028,-0.01155185355872082,1.5427805916036412,1.5587668739942597,-0.11503521721908855,1.544052199789347,-0.6953753275757456,2.07044170152133,-1.9425502272693704,-0.11538375345064295,0.3288833034928724,-0.3410705071576685,0.5189675561167516,-1.1321260069277232,0.8330096699770881,1
2.1335916552990835,0.4580760026578105,3.485328289216471,2.0045351089655172,0.9402861553060412,0.3827293284715212,0.4603888485984019,1.226090146886159,2.729142104986592,0.7623414088881433,0.0984869145325129,-0.5439608542231884,-2.163816714341374,1.3659341728770666,0.0845684012628043,-0.8117323320978331,-1.4645817807707178,-2.07273267443779,-0.39932260311115275,0.4217975095327453,-1.9442914090444554,-0.6901901822788781,0.9759539565400701,1.5240791305701684,-0.74522745541542,1
0.8488200551891892,2.0709460029110405,-1.9250913920839685,-1.3391877514049075,0.7713404494366292,-1.0244580277620317,0.3419328174677028,0.9945483148043314,-0.36735981926508576,0.7416785466719352,-0.8375755865824523,-1.8267835066734555,0.19268741710035608,-1.683523271656727,-0.2775660270193325,-0.1006385224033296,-1.698157937352588,1.3953699996329758,-1.1590535947340403,-0.13272364516621749,1.6732914921403648,0.49924430112335655,0.7672818930406233,-0.21854642062198903,0.6117802768880705,1
0.3526568755939067,0.12224812043730982,-1.0441623022239677,0.33112772269893664,-0.9660069453656714,-0.2676986253192524,1.6794581916331146,-0.4612562532416173,0.9181593330730801,0.06328554436567219,1.1270976799550436,0.8230983787475659,-0.1500173880572766,-0.28544527150259297,-1.0806132710104654,1.9524973581153908,0.8596927986785716,0.8862941345714436,-0.14216197195069857,0.47253119667302285,0.7186127874669005,-0.7750885474424257,-2.6967339537063104,0.9334852869272502,1.3810705411203226,1
-0.6020882410353359,-0.4015448585298038,2.4352397183681713,1.0569051445814006,-0.5988563246157823,-0.6536506026038666,-1.0884077838420865,0.39902622974245117,-0.15983185538299727,0.6173613935698552,-1.488715497438183,-0.6448462418154105,-1.3003928143093835,0.9629205554981424,-0.6798605488237501,-2.6290311498822376,-0.8168692667980205,-1.5588565687973506,1.7777855922573824,-0.04290170927583581,-1.7781473938021648,-1.1711202845195574,1.6348097255812286,-0.46742510868777704,-0.9082175746738975,1
0.4529903412673756,1.404435156928158,0.12589139299155605,1.8521445484806631,0.11037929969360738,-1.8127349424408654,2.8024333068866696,0.9186091608099567,0.6849962284035058,1.2760955043729267,-1.78494353198675,1.0242305749629677,3.7687548399324724,-0.2574061375110255,-0.07396054594406942,-0.7299438724238801,1.5205196926345907,0.8150764349735751,0.2132980686049695,0.09416043857244727,-0.8192255516976271,-0.19927179761311392,-1.2148230472466142,0.8962775029876023,-1.618154087276407,0
1.6819183090874414,1.0988071875762522,0.3463246408765618,0.024235919284756435,-0.5911264539057317,-0.12759775368876614,0.31571963922669427,-0.35546190399979744,0.0813445842775472,0.7576069341173748,3.090899304458631,1.439419906940364,0.26177010801367107,-1.4357190959767545,-0.9531628618222647,0.9520127303830417,-0.4149711781700598,-1.6139581248322612,0.1321764504659752,-0.36391445884169515,1.9941723913499727,-0.5730715232036236,0.3483240278770001,-0.09610136214346299,0.2937184713849219,1
-0.3624370779095139,-1.4631832622225158,-0.10209382530147784,-0.699722496350903,0.9559617644496781,0.6144746260689169,-0.4235416325160283,1.1069717538531756,-0.954212391358917,0.16755662314662034,-2.154078096021978,-0.816808893516389,-0.4588183735358416,-1.0208349835253079,-0.42441099661211423,0.22103291880418072,1.3842106832320824,1.6258460970587576,0.5896020549513787,0.8556623340297335,-0.3496702797616168,0.0773387569803686,-0.007667873850013995,-2.817324910242897,-2.909679484513014,0
1.9074714687614072,1.3910743714621638,0.39093496161894403,-1.2556433516898697,2.9879332334041355,-1.04226373468861,-0.22181793844130504,1.6553910794908648,0.3662873705228936,-1.4856727179721907,-2.4913509496392825,-0.005862978473333946,0.6886067478629868,-0.05145018821080871,-0.13214111791261718,-0.38836788057807164,-0.0777957642806878,-0.6852754815126441,0.8496297261580649,1.6441085826112558,-1.02900767286645,-0.7684752570376534,1.8183071697870061,-1.4756187285325473,0.4430549131396414,0
-1.6632818263139113,-0.5527624071200816,-1.2698759081514626,0.008795244164811894,1.7236185783190985,0.4611321630590785,-2.33050274146865,-0.792411303779374,-0.6147447804208819,-0.5640538374201833,-0.7060520060588399,-0.2629105368970371,0.011867781500263741,-0.7883602857545846,0.4943434676687187,0.865765591701936,0.5009928354659267,-0.05319707529586548,0.44303582080819665,1.60346051116118,-0.7539124244230944,0.652416954109247,-0.24761387950068653,-1.0048690871389756,-0.7842823042878746,0
-0.06245640033519351,1.1033889411827877,-1.4245538829449371,0.9209006449507184,-1.7942304970808127,-1.9532822203923172,0.457507001155099,1.3073013545095327,-1.3962564676247662,-0.46341438042361405,0.3374315906219663,-1.0675471157932699,1.150050153220031,-0.568318192320517,-0.40458477223985023,0.264787953200381,-0.18220074663748353,0.212587903729176,-2.0312909780188595,-0.04225169327717393,0.3477358147920052,0.47688004522944616,-0.7070038707410422,-0.07119353627198227,-0.11467066380942309,0
1.88328177657834,1.4446512805162988,-1.360648392426031,-0.7755542345940136,1.5609732578568094,-0.22191113804416238,-1.375836396681386,-0.6799432732198052,0.8932873502546643,-0.16717319119718876,1.8284101297250202,-1.804170183787916,0.1597765424378298,0.21448141941024215,0.6699044796805357,3.0143196138619768,1.0529614083006338,-0.9971074514949181,1.577206310953854,1.3698565196266328,1.787468744493302,0.12291077843057496,0.5348849778963229,-0.0024229258998960668,0.4714662914790402,1
-0.8837259392717357,-0.03873494329512772,0.028305774311775,0.14181615068883796,1.1307236982065836,-0.9642608975963429,-0.5251800425216606,0.8025051418481406,-0.49061955676749874,1.447035230652983,3.4780886547133174,-1.058512609183906,0.6114764012721198,-0.5783015047139476,-0.08863449464888978,1.999453501993656,1.3719052054503766,0.7465439413076427,-0.7634481323456175,0.24960601392568105,-0.6724475571701867,-0.3662980228934408,-1.0263412055966428,-0.2192079216889422,-1.641783277460807,0
-0.36282115755023414,-1.3217657750610026,-1.7635303458699312,0.08253726813545642,1.8101590536829089,-1.1590119454808223,-1.1307775342464204,-0.1955177587202248,-0.5381107067607055,-0.7286055656677358,-0.2637175579812963,1.4536258021764885,-0.10680770080306545,-1.5848382560781609,-0.34660595993208954,-1.105398942660097,0.13514933093759562,0.16389943750679536,0.08712180195665364,1.2145474232492819,0.7113876595396166,-0.07920916973494799,-0.9931438837928219,-0.9544835674770391,0.4103403296997248,0
-0.8055502835426533,2.39465023468276,-0.7841966439643426,2.064050610101807,0.9544244856340065,-0.22032663326925506,0.20187205668763653,0.12238530516036472,0.24775468405566214,-0.16080957607112992,0.3039051675807497,1.177892689691892,-0.8185737114583893,1.4580454846141016,-0.34855038550938516,2.0159817665427506,1.3848409214095645,0.24925392986388484,-1.8413489515543808,-0.2691639103296476,-0.35604535323972714,-0.7608345881201655,1.1130908904298167,0.48352440907263716,1.1629639699054555,1
0.7701749512500693,-0.44211157119356226,-1.2075665631656125,-1.08485804482917,0.6771562101130103,1.8322515174651612,-0.5382445731139314,1.5816655319678001,2.402223312935595,-0.08549228669017034,-0.372247487101319,-2.274469556632122,-0.8326258703629801,1.2693309767812655,0.11870645089380183,-0.5378341403106626,0.6612390693645707,-1.3870788473888713,0.461662535276809,-0.32936020985080317,-0.35654404908899184,0.9101614086395448,2.690195977172086,-0.4974267156958314,0.8909010933000384,1
0.20136231062469856,-1.302160821634249,-2.047716856239714,-0.4456957360958687,-0.0741059491369524,0.793366311348859,0.6556647359995702,0.3218646532913157,-0.08980590679020162,-0.6772393972973767,1.4991406102689748,0.29020497323477573,0.4808635278620068,0.3926348545220162,0.8292347613017256,1.312617104639089,0.8854404134839351,1.0231107136738644,-0.012971622016639234,1.2924456284661456,0.3889617971017563,0.9447318977702481,-0.6048724992367711,0.224034722217426,-1.8922768179090994,0
1.3724645469042762,0.8770470222498989,0.22826997662235815,0.023286792202328543,0.3292883669908371,0.24362514720506495,1.3032988412479876,0.26429963316353344,-0.11413405040427768,-1.3623808091792033,0.2536560574617711,1.3426497723662418,-0.664479933754779,-0.2830540744546541,0.38465168384696435,0.7878188416220387,0.47293876634457593,-0.7907513376717145,0.5881446097349118,-0.44388832590919314,0.875865334640241,-0.6018179726837354,1.2871245396722346,-1.2150856765305114,0.3808573826970613,1
-0.38080333740120137,-0.8747368913438045,0.34365924026136674,2.7921279080283883,-1.9856766992476285,1.4166826082734079,1.385506848036406,-1.1449507316616516,1.520099989732445,-0.05889334906612828,-0.44936768411814343,-0.36826726001878407,-0.5867557498401665,0.7403110216214097,1.6249934546233475,-1.310952008740884,-0.5559231111867267,1.105047082665229,0.006494238232701011,-0.19756773179404008,-0.07809292945721924,-2.2941561652868585,-0.265883482843725,1.135534387659635,1.5449852167269371,1
-1.1514394303736577,-2.4006123090470473,0.016441149242607755,-1.71270985967898,-0.4817877083035159,-0.16269907190906618,-2.318728143580892,0.6251265016870744,0.2221474847210212,-1.6858165044179543,-0.5149475827004842,-0.1544282123821205,1.383074367443546,-1.1894169975235052,-1.0997430215354433,0.9719897831650994,0.9871846711361361,-1.8618121311720033,0.8631475924799498,0.3851779188579143,1.405410388046906,0.5074229247750062,-2.7109013475132433,-0.025975985168679994,0.5317303016741839,0
-1.0178598994231196,0.20086771676828608,1.1890462848655217,0.49415017170617775,1.8549208405796869,-1.1117238615745746,-0.7963971610612367,-0.9888945167029035,2.044157375916449,1.6559746205132369,-1.9696018939195372,-0.6884323757001023,-1.4019882659488583,1.7159157171594699,0.09489326590938292,-3.3886419065799362,-3.1308333015855614,-1.0240813833583982,-0.8449252224083748,-0.8119016793549818,-0.13800749764643638,-1.2910606252722439,-0.461804844771828,-1.3972792523819313,1.6096354499156311,0
-1.4335035010963062,1.3500555028713945,0.91718275397773,0.5600954315174101,1.1769417659633534,0.5107627362757415,0.15297914535356502,1.8848071616071747,1.9803066793375805,-0.12437720554475118,0.795338863143441,-0.8602937014583683,-0.31509559246583574,1.1931927629552233,0.6370885353060708,-0.4547721349460796,0.10236961842481651,-2.5682262935163247,0.5199724151561002,-1.0971283180832374,0.5287247352736552,0.9889759993258386,-0.779687190359079,2.701279580692166,0.9162714334376931,1
-1.4040028481769378,0.683401257352692,-0.7539172542020152,0.7040385931160714,-0.24311317428529972,-0.8368467141015571,0.8792876781554293,0.26516215318794345,0.23521209564267576,1.6784614508399578,1.1358699356604545,-0.33612425204375984,1.5523099956493365,-1.2269219807793559,0.9504452179553056,0.17275525997640062,-0.3938434853810624,-3.2945651606147512,0.403415494697288,-1.7042512743061144,0.30588815780451273,0.22875682830056365,-0.14492613900280749,-0.41080520114014235,-1.2225147295404624,1
-1.5894990986041706,-0.573460305633017,3.3496065857316877,-0.22923175445470312,0.4199630182737053,-1.3485264245276882,-1.1789287235867765,1.1190426081509672,-1.5647705065732853,0.34333627257407795,-1.0306525105430993,1.9993672684563752,0.7580873902555074,-0.6700036989862829,1.145508208461512,-1.04687759423411,1.3617252895696497,-0.17583651270611578,-0.8064820268865219,1.0531587493489925,-1.100307632657437,0.4992908514036189,-0.744861405156874,-0.8496212779865722,-1.527918614819772,0
-0.3885345876987696,2.001645423359227,2.313580473611763,-0.46290302886586426,0.5976551672344661,1.3092264248250476,-0.20318753287188515,0.6194814283819456,0.3029345760693039,-1.1512680162822493,-0.764344994878832,-1.7023260047660478,-0.29280669411489435,0.9656082655977585,0.3235881370214768,-0.9246893953553793,-0.8664867893032171,-2.327134047386594,-1.4099437843911578,0.4570294224373308,0.6727439488686477,-1.5349217017120724,1.9029295691902508,0.6981787565005703,-0.5188158201223299,1
-0.14474088427320886,-0.3894789963147798,-2.3689249680851985,0.05608179991343937,-1.3236211744305066,-0.3490216334925068,0.4376164953835124,-1.773097628077489,0.07780584666983803,-0.669594052516367,0.5861679554505012,0.2240184376546902,1.3025667674487738,0.44769662602946714,-2.1842201263805237,1.2098109352115576,0.6521369486646981,0.8639847084443117,-0.5598102721597142,-0.8895186266395411,0.771396834249066,0.3787598047852077,2.002495622305563,-0.9281549442852093,-3.3188330783222018,0
-2.2109297395792376,1.5205259860041889,-1.5270607082034535,-1.6745117034538608,-1.1935012311127682,0.3954462353298749,2.9396497480733874,-0.024217632307557135,-0.7875621091306804,1.1358674637679993,1.8249288728628483,1.5621545611729997,3.29284386826152,1.4610723469740041,-0.10139176207007494,-1.481135687151329,-1.176741090809322,0.30107268731386727,-1.1403709013659178,-0.7132806452991028,0.7820538867268061,-2.2754222142428473,-0.14206740542500876,1.466220725631778,3.295239400622002,0
-1.4643937753748917,1.259627109868006,0.623425229271243,0.2779605922922085,-1.8576223662550488,0.8906705830000171,0.6296215778526917,-1.9919642333329277,-1.1433315209157326,1.0947892381680793,2.74144149490302,-0.21721175242570573,-0.1665953327778953,-0.27678257185629473,-0.08237442701761838,-0.20170891561484539,0.15696398960968305,-0.4331204544009396,0.6244306041968166,0.7680351355101289,1.9063278653064102,1.3025500491763817,-2.332646186039378,-1.7617089556144392,-0.427899921579156,1
0.5968776330222215,-0.6965996710990291,0.16567657961586663,-0.5980417645182852,-1.3032126590775737,0.702812958074871,-0.19447791928037383,0.46842279552009636,0.6249217535647522,0.1865609792721109,-0.43611299229989997,-0.44099159970537216,-0.08842745306149877,1.7874988248343704,0.5107599526374398,-1.0803564846190488,-0.5125810593966156,-0.04671030917731145,-2.1319424444120365,0.008737818005200876,-0.2595736782329658,-0.00018305287670317139,-1.025488961942477,-0.6053051344198672,0.2333692918523232,0
-1.6958581604532759,1.6006284036818461,-0.5506311934787715,-0.6484802350068374,0.09054539041508336,0.8246693778560562,0.6194596429512588,-0.8523662120018802,1.7442331099456734,-2.4845029568436967,1.262440110926432,-0.5239220304780436,0.5251398758455128,0.5407995909396173,1.3761446907694859,-1.5782239116555838,-0.9809503723491446,-2.1547222723014565,0.8956358160925568,-2.479867894599624,-0.8515389837407622,0.17451185999536747,1.1146221511221956,1.0164436712790308,1.365398222233075,1
0.3045356866932192,0.7945050235946325,1.0738246915739795,-1.1856739470984698,-1.3623456387774793,-0.5042068392959209,0.15738195322220197,0.3297914311359996,2.3603529135806296,-0.5468280136416692,-2.236783820895667,1.3195583882266355,-2.75691718933835,-0.6466959895560807,1.7049368964834846,-3.1615059518668254,-1.135546680350469,-1.7580653374205895,-1.933011716698207,-2.9126120445154817,-1.3084019818956056,1.2128161931225339,-1.399798238679625,0.6789092573024555,0.5997672642686384,1
-0.07507163344374407,0.022031388892999382,0.4159561437144196,-1.9961309123285693,0.2865879730423457,0.2071943353559743,0.2822272040775805,-2.425178902261044,-1.3161627052526146,0.8331413539284366,0.405381615020994,0.1574380089591877,-1.1060806470402509,-0.44493049744515045,-0.49875548101732925,-0.3150666964135539,-1.3054826938492972,0.15567388279761746,0.36879846210205836,0.7719167532352773,-1.959460037223286,-2.7137495022377296,-2.4267866285648267,-1.6009407141916236,-2.112637549342211,1
-0.78810074211958,1.6286766551414977,1.2728742968019455,-0.10993404704228454,0.55853023629824,1.4011765001924745,1.3699025940932266,-1.6011669559659554,-0.4806372540256303,0.19341756187171535,-1.7913783988178729,0.02550478248405158,-0.8680236409769715,-0.16324605392944813,-1.7200737258169185,0.08689277559805209,-2.8055307107579797,0.7821769808421086,-1.1974802330152565,-0.6935615102784206,-1.0132478078819682,-3.0488727759243863,-1.4143851301681052,0.29909338054228796,-0.320099747261567,1
-1.2277354100398936,1.9538813094005563,-1.5348958818041483,0.19347145106944963,0.6103230779851363,-0.15801236157611792,1.9210328265983807,-0.523750713349459,-1.5651416681961434,-1.617498954861254,1.7337852746288274,-0.9017636984489805,-1.6462184177579693,0.0011353291270495836,-0.6483922232708139,0.34507950357133016,1.5730860247359968,-1.089334385836723,0.551778276641158,-0.29952371698890046,1.8967189762349552,0.35162423591098685,-0.8287757668834373,1.4839151391262617,0.17861193301957637,1
0.5792237712754248,0.15190414646575714,-0.5374117571918022,-0.18675832173878437,0.025366132741674097,0.41988052551003835,-1.0918997809285,0.019736843927193992,0.8542919020540158,-1.2725678089207038,-1.7032044010791245,-2.944126996857925,0.4859385293367202,-0.13008647479967828,0.2748429414886019,0.6922329966596084,-0.7379610352374006,-2.4321777886921003,0.3139380886269332,-2.599074756786175,-0.2406406574107897,-0.29499488788070327,2.2393374989386867,-0.6250675949192711,-1.9574879830107015,1
-0.028117361957724407,0.07484918381332617,-0.6874962091571002,-0.1928372936464613,0.7063086995214882,1.5016817063451522,-1.7838383314818016,-0.9660559004462314,0.7756099412565536,-0.8450267616535951,1.0999062068827117,-2.080244430972235,1.0352073787606244,0.457949596495201,1.4792679904320434,0.2666658899440529,0.7945602812911596,-2.708913312737673,1.9673189938320341,-0.020877053848235905,0.9264707444134302,0.900692389927406,2.4023384397927834,0.37701574234501495,0.7670889023716247,1
1.3572676073687435,1.1541560663222572,0.8793809061930801,-1.272327806660774,0.9459711916858977,0.3755751012766039,1.3530570128473358,0.34862467626135685,-1.4468708206242669,-1.898112896456565,0.9805888750536085,-0.9645451440162305,0.6051145147114239,-2.2793109271672862,-0.9137219507078901,0.027579854689919192,0.32465357361499925,-0.2649847692376647,-1.3329335523777264,-0.9709455400759427,0.8213917537588692,0.7517389562349851,0.7725637883649129,-2.1401789145706673,0.6245809916204687,1
0.610158573085885,0.04869322647811991,0.2700625724955767,-1.1909856503124272,3.423094093263007,0.6939615269873401,-3.0461116391378598,1.3117782475999582,0.40167934274441597,-0.38631049507684073,-0.5384541749441807,-0.835407327028769,-1.2845237102035627,0.21446626083888382,0.6816965676372341,0.6934774247963611,-0.5849529588858117,0.2947536025297668,-0.7163813127643998,0.6335597445336592,0.45562264390366924,-0.5931057248596278,-0.6554488840936509,-1.2701555079940383,-0.5811644795594874,0
0.5116452512632035,-0.05619051494984262,-0.5226860022302655,-0.6561140233628197,0.45926172245954705,0.5683455278983013,-0.8321032801934777,2.3759252493766696,1.1119078728342313,1.477461607957122,-3.1406220940453116,-2.139663178884823,-0.03427119554884728,2.1836832227757164,0.33420476572304025,-2.387520394533989,-0.45132108133176263,-0.4902300262348813,-1.111254348554421,-1.809806181940624,1.0858830303788218,0.026064092489692825,-0.062110482311157594,-0.30071606091723196,-2.2544721017261815,0
-2.031375479098179,-0.07113902881518075,-0.12853867617687403,1.1271380168228686,-1.53889486054619,-0.06182249873658413,-0.3029340573869946,-0.03895083167792357,-0.26980493432987096,2.1335032090644224,-0.3959155442864166,0.6815973339333362,0.25531368086183176,0.17553949718710138,-1.5439408589461032,-1.6131914716230522,0.16922779088091,0.6609209937695519,-0.6409982798364078,0.18732255048495305,-0.5139330319378607,0.5140692753915247,-0.1787567215213175,-2.8678923942552546,0.7687482539370077,0
-1.4833699378308873,-0.8890942382785691,2.391238529207861,1.3235794206428009,0.3670040870139176,1.5432688187308607,-2.194643868772516,0.4932484084460318,0.9365959559260875,2.024620943558605,-0.977527731364176,-0.5456516880859541,1.5628346749026805,0.8508156397180204,0.36554786040043685,-0.7225804264741642,0.2964440421945561,0.5834226338286466,-0.21239821960187016,-0.4803067416597379,-1.0322006690851686,1.6860483726523057,-2.4513865633987506,-0.930873476906298,-1.9345002068163017,0
1.1419264587015225,1.0532436468081823,-0.053558595618152016,-0.3144408408670799,0.2606606883465501,1.4663681352374494,0.2782691024081819,-0.2921303695882398,1.4713275928701246,0.4361437935165864,-1.4228299649329548,-1.0883486728979663,0.6225831576181067,2.0313577518754578,1.2313792894872826,-0.5164605561832869,-3.214146123607951,0.7408505488551579,0.40032756842126516,-1.4930176327200575,-1.2391993533744048,1.8230916796950554,0.4930003942643965,-1.2953896389344786,1.3925495584181438,0
0.3264941755161661,1.6014004551914396,0.037617290065268816,-0.9819722223430167,0.19030185832907248,-0.41537114010327947,-0.22329215687948162,0.36031840529792636,-0.9006171099410212,0.022501396258129414,-1.1092123290387497,1.50200303176514,-0.5138432656067752,-0.7731321026576212,-0.6306773981344902,2.649384080279605,0.15233370314789668,-0.3680802497196707,1.574851806608382,0.17869170970836024,1.1761729398959857,1.086345361289021,1.7880443021156611,-1.4568655510460002,0.44395585728407966,1
0.8654841034745151,0.7666234866143601,-0.12359170477447162,-1.9782246706239393,0.37016861200524936,2.1623951449311773,0.5259487690003568,0.8881378360392069,-1.0797558655926822,-0.8125815330336164,0.12644518187473835,0.547133854886236,-0.22760245203413892,0.710298282083657,2.720023579181013,-0.03604946328533665,-0.7281298711844578,-2.4945719277059166,1.631322944894205,-1.644697323052311,-1.5623749475940099,-1.2157322670909334,1.9110440650975469,-0.34300166629349704,0.7712770569133481,1
0.268407651851592,-0.1466218201754867,-0.9590603378112823,-1.4650208602163353,-0.13692649703339654,0.4240428649696464,-0.6656942683936544,2.08528844942397,0.8958114875285742,0.6350825293465389,-2.090451210433491,-2.6470819429679184,2.943615942977604,0.5514593524744115,0.004687470876461042,-0.9869500559117393,0.3930208449912888,-0.07024079168929578,0.3405119594609368,-2.5468025432832957,1.0561729317463242,-0.06260471015598812,0.0382921184431193,-2.1805777848601466,-2.155191653005511,0
-0.6046727590697125,1.3885477076636659,-1.7644283581513924,-1.8906858484684061,-0.29009514113346524,0.7149624978089567,-0.28811642606991644,0.5246256426912834,-1.8323632916137549,0.27938809918282237,0.5875753236217593,-1.3215632943203843,-0.3910847194100793,0.28546589853932136,2.423144912998299,1.3007799305382044,0.40109297867274274,-0.006437891250740235,1.373477805728954,0.8009773218383411,3.78996950655101,0.6015036858614409,0.904874204358878,0.33850372064589623,-1.0951507883675233,0
1.8601557150289425,0.16699318838776134,0.2247394505431012,-0.8105462977722471,-1.0537320067842741,1.4864381436145386,-1.6499135547134793,0.5007581661121921,0.2633442154975286,0.034221354150186345,-1.0198430253943156,-0.9603697366249604,-0.7483525685353308,0.4623514890852003,-0.06576874739122307,-1.8864421349834122,-1.3852239842080112,-0.12779959529903095,3.0817897574797857,-1.5722841650830515,2.0368266411863236,1.3119331040062423,2.192293949347876,0.8171139583616838,0.3641345048922426,1
1.5322674296241983,0.018613455214660624,1.2569423015080412,-0.5312913125401351,2.0330479581102736,0.22083667480091923,-1.390556292683922,1.4905108361143848,0.24981390146906812,0.21699277390302427,-3.640726232648329,0.6403205374321711,-1.4386057868372295,1.7830010795999394,2.563417465335481,-0.45532421921604876,0.8233541845526036,0.11661219779225841,-0.06872640344589645,1.5254679282194514,-1.3725088776874264,-0.6319652491257617,-1.0373011156718244,-1.3586220203360568,0.07039698948864404,0
0.7698367704638984,0.20288529240554154,1.3125869953903035,0.1590099057766886,1.271321583744209,1.2218275622935026,-0.14617256274395557,0.27785437101342486,1.9921982768796622,-1.116787705579046,0.1894180251278871,-0.419759647488255,-0.8183330170197951,0.5356083291787123,0.9852359017415533,2.117429580868767,-0.08480232133842225,0.49115771743814196,1.2362126425350983,-1.3310663947749946,-0.5861760418666614,0.21964703891263362,0.0686193967133143,0.05126011011710685,3.0128561604299735,1
-0.7717153863954778,0.2785492265653986,0.39237544387665513,-1.4727550016056308,3.05490933891334,1.3037089483471256,-1.0789499016687016,1.2622243515413383,1.7231515634900476,0.14025743489176212,-0.13946460759230161,-0.2748451199220977,-0.16937270838495722,0.6850952785649256,0.09420143138408321,-1.8265427403352996,-0.2783086961196482,-1.159445199100685,1.195299007454513,0.6297070075143391,1.4664380275165416,-0.31602504124516484,0.503978465673468,-0.1397631050816598,2.1264294162734134,0
1.315466728875632,1.6832305728501693,0.7148381291133715,-0.6275741601237491,-0.2337866321520735,-2.0771833721760453,-0.11886885806571029,-0.7358335229072248,-0.40762125797746207,2.272163449509299,-0.3410324015966699,1.4644495204525594,0.6500879885781374,-0.5609051072027348,-0.9686267069318736,0.11318689658319003,-0.40492869367325046,-0.7304865922374555,-0.34738252835533606,0.1400765842143541,0.4657555705576002,-0.9353664223148942,0.4088407856906998,-0.9911267140286644,-0.9481302425293383,0
-0.031990415250820914,-0.10032375686806733,1.1624708664103878,-1.697577947189402,1.8643147441113523,1.4923771174039189,0.9890315139373893,-0.005969061651512564,0.35250252511617963,-0.6835816269459039,1.2214577894595542,-0.7580203808248852,-0.6573635898650508,1.8389233150089817,1.3699295030603873,-0.22694957671382499,1.0430120275694048,0.043926507128632636,1.7242423985303355,0.7170307266192825,-1.565472848921759,0.6180008598055111,1.4980719204773811,-0.7381464549068976,0.6283015330656179,0
1.1823484076801418,0.11442840757912381,-0.2787596309846029,1.3154635521987261,0.8113753464819087,-0.1742733267769141,-2.3911332763217725,0.7118456866091936,1.257253477000487,0.2499955349759268,-2.033673077994401,0.7222069361977143,-2.5289893532290764,-0.30751651180426853,0.07069982586928902,0.7692709742261249,-1.1313276377809833,-1.283865327253452,-0.26200414392717375,-1.656823384895131,-1.3168231066065832,-1.5883484868327635,1.2556253352415767,-0.4724650800990828,-1.731451246817648,0
-0.0529819594534231,1.3698958404963655,1.147714244204798,0.9105359576823275,0.7801036937851787,0.15712149847415924,2.857919064978532,-0.5035110913614356,-0.6426768468117197,-1.669889407029062,0.4791205967515836,1.8975181905138814,1.3884873432879077,-0.6125476089048054,-1.530665774730065,1.1905926152853519,-0.8296580122933234,1.2830897229842209,-1.3399845226969513,-0.562306133012152,0.6415378630976207,0.1810786892018752,1.3355236178684309,-1.0944655772198777,0.8356273237289766,1
0.6936578569723334,-0.8737041122790357,-0.32518106499309196,1.4194080609437514,-0.8588590096048309,1.0514490469542974,-1.4708047591869522,-0.4190804757544423,-0.8329140533484147,0.2649694001083397,0.5252992009621318,0.8550824898034761,1.2905760945659748,-0.3320690367019921,0.32203316123902315,0.39590518835862015,1.8287442226423627,0.3235446352091118,-0.7604539047248338,2.121863514730534,2.9188069473287444,1.904764602824013,-1.32701204159897,-1.287483603232439,-1.5417729230055743,0
-0.8774073116933053,-0.6265611740503078,1.3385824448051757,0.775604238691568,-0.8836845486577236,-0.11884652198205611,-0.6220125542892981,0.5807258105375439,0.45332322824406274,0.44991868982049465,-0.5091070774454276,0.12953358130977377,-1.007776616887479,-0.19504916403249456,0.12344617617118026,-0.1136772898620032,1.3448915778101938,0.7647583347393909,-2.2734390405533174,0.418994675916193,0.3387555020713617,-2.66628627981478,-2.062570590249372,0.2979303452682756,-1.2036883941903476,0
-0.498168554183705,-1.03173097512384,0.6117941391655128,2.294812104073221,-0.3431603385311878,1.6371780266662124,-0.974839821664798,-2.038599200453024,0.720699858285712,3.811010194731667,-1.1498333674513717,-1.7614844392926274,-0.7354392632403992,0.28746581665234183,1.0740457329470723,-2.3887444162538953,0.13680692476177342,1.1118965238593221,0.9732364037576565,0.2663183644636715,-0.2314801414055525,0.5021848005350437,-0.4118109583711158,-0.007230086664124724,-1.5873926639774443,0
-1.0053572647604376,1.465883531547488,-1.4637452997756748,0.8727575601204757,0.46457343810798707,-0.7892803185035346,-1.5285394410735993,-0.004681499924317878,-1.8133056317354241,-2.0801787759843666,-1.1266569248710332,-0.7919655884142994,0.15899343703795848,-0.1254103085518152,-1.217153387233123,2.0843899365992784,0.1447366623807581,-1.5244072069945955,0.6962804262793186,-0.25286485083454124,0.15373916581401548,0.60086678300679,1.0592777898589087,3.7027281433352393,1.4921227153197527,1
-2.368188273616796,-0.40078563149720026,0.5838640250582625,1.8357832252345752,-0.5342726528840303,-2.754483108227644,0.6375951849325614,-0.8976710163527959,-0.3723513659182275,-1.1923322997256034,2.628840432185557,0.8524960653744307,0.7773894179565255,-0.3974049941243414,-2.500811299658939,1.5761803428251904,0.3153543220634911,-0.5442823441165014,1.154169129188161,-0.45252507340279857,0.4231032135272516,0.8190773265240224,-0.9716908792371983,-1.280277897218301,0.7791860104384831,0
-0.24045392205789884,-0.2924817200533697,0.6546511135965127,1.219264140016143,-1.787864915544665,-1.1446136812751797,2.2594973621000976,-1.4667652189810567,0.642368894793085,-0.34471397365317447,-0.1519040159154642,-1.3174713977857855,-1.4359850273527748,1.3632791447851162,-1.0953668045036762,0.20367222391259854,1.5828234380189086,1.2157270711170922,0.7456225780014731,0.6711132349544218,-1.829515955884896,-2.4943453435509064,1.369812008825763,0.6782482151277378,1.6080043214984454,1
-0.21114944252094603,1.06310616526784,-0.545918858138185,0.451257878442491,-1.85528892696201,-1.1723645262433129,1.4040635592645412,0.7772834153706303,0.024662617648560148,-0.48637500747152207,2.0196598830161037,0.4372292708593557,1.0444958092355459,-1.7663673866594662,1.291308835976792,-0.5257688126361121,-1.2925243221074858,-0.7720976239350767,-0.31149296301269436,-1.3646907845915976,1.3123400706181403,0.5143257024077318,0.6769438855339298,0.8971609861552224,-0.19020108263208474,1
1.3698296102775878,-1.1805429434933314,0.1439751406094119,-1.1070282740374493,-0.9782150113040633,0.10216714700492195,1.800390123883384,-0.5509064810413197,0.456536726517791,-0.47908596199596143,-0.07960830804599012,-1.4231835132919475,1.2582812952164542,1.4167930832127558,1.1786855612058367,2.044776921004194,-0.8982418985399123,-1.7990002708196933,1.7138518262313167,-1.0540975808616946,0.4103415581655683,-0.8169455512098156,2.3512867969174884,-0.9721426124084205,0.9163971200676386,1
1.5210328728304783,0.21053134254125483,-1.224630377657169,-1.6875939991138733,-0.7691010748647568,-0.4450587164410581,0.41677912194091193,0.3135005099951197,-1.2719106536781726,-1.637071952383423,-0.4546448853507568,-1.0326365964659618,-0.17418740539374972,0.0719465380906732,0.9470191266041996,0.6080619121675308,-1.2245038454674444,-1.9656665178421966,0.5634423324387161,-1.8340837871469495,0.45900992728789747,1.1121904540667655,1.085306308785075,-0.4595385904791546,1.8021441112620635,1
-1.8904753706950062,2.2273280447213013,-1.194100350821616,0.6797379447213485,-0.9208040814216343,-1.7687211605098452,-0.11312208037540072,-1.400681946609945,-2.630968603432588,-0.5127756148049024,-0.911618085597836,-0.3930573642363403,0.8155778060769925,0.3557878859820086,0.12661953649770463,-1.165968033845505,-0.018136625138585605,2.9744085879698714,-0.8654077873609215,1.6288117481250064,1.3751737175999923,0.8909306344561915,1.283454584709993,0.8799030350701942,0.26648565028519644,1
-0.8688387090319784,0.35223105396640636,0.34500875681259485,-1.5888876014353035,0.29752183523094544,3.4802763337210076,0.7100939646079681,1.893289231476091,0.17220602271982377,-2.189836606264042,-1.094031868570276,-1.210402120350809,-1.004584465090126,0.32607492759603574,1.2161372754191468,0.3914901688733487,-0.2768675779205937,-2.474020718971607,1.154056077174516,0.5704517338790738,-0.029765415837467946,0.649598485487243,1.2345385102114468,-1.138164355213734,-0.6398136192045928,1
1.473231109389764,1.4772673052150511,1.2649706702215022,-0.6206111700889042,0.29291985276884014,-0.23381846050966942,2.3130047083459133,0.7002675066382814,-3.6393763213271377,-2.015982461885594,2.0571103366190338,-1.6300597113753872,0.6139129039505246,-0.47185968615935947,-0.9707530707749112,1.2324804078502918,0.7518646583350914,-1.7172473615544184,0.8021115646464305,-1.2956617043712937,1.7550001194766842,-0.23195731204713282,-1.3847196682962266,0.8844300463815548,0.32339780065285684,1
-0.22348084349383807,0.7428376813861388,0.34479052255922327,1.789654280219826,-2.1758504955829303,0.9359586591743333,0.20069791674178994,-1.2421973267241841,0.02854869274688837,-0.6020154355073415,1.9307735434155895,0.9970371023324781,-0.4551837847869035,-0.45746519593385687,0.5948792874233538,-0.07239902837219064,0.8234185726610845,1.7336418055273959,-0.44708923618687224,-0.1725450705659306,-0.24790778980528685,0.13956508296795334,-1.1580566802991488,-0.0457685643704287,1.0502129284847406,0
2.0104986314786117,0.43358795840577546,-2.9664453984057726,-1.7827136181658791,2.07626363523993,1.8482838058883992,-0.5696116224054705,-1.2948962766197434,-0.3048196386618851,-0.37684544717411167,-2.318391428840093,-2.3350934252474174,-0.3156306243522755,0.5148753738152294,1.0657910898565746,2.682893639276874,0.5511426612555598,0.5433410002417953,-0.9367392178550605,-0.11216859563542389,-0.050974837214375235,-0.9835678536006855,0.4464624858811023,-0.19288735895730927,1.8562979648393225,1
1.2292845660311948,-0.9927445450996029,2.2122652103583493,2.1507309684967857,-0.932502280609887,2.396242012410425,0.3805492080750239,-1.3352329064423016,1.8504288731054266,2.861333033289932,-0.725313908255771,1.1452017969128967,1.6073076629400405,-0.05968733641625218,1.3390643239341662,-0.5210577819557546,1.4024273550589856,1.0260199526256366,1.0062947000842128,0.9322072292906528,-0.49523552679678406,-1.331159446056285,-0.24597020822074933,-1.346097606458482,-1.1213513793552092,0
-1.0798114847783045,0.18074450123362687,1.1228378369590488,-1.3811722595695959,2.253416481637507,2.6412442515818366,-0.0698718467436894,1.0892448527012994,0.3552974842440202,-1.2335865084510225,-1.9544847635832139,-0.16885001954906043,0.39010520493676815,1.067732337350685,2.3069567117810936,-1.5912814240511368,-2.5809418533793735,-0.0744480122723053,0.7934055631752643,2.0120097807207236,-0.675002525412739,0.12164223894569734,-0.33452852128500543,-0.8507249753349417,0.6718882127812611,0
-3.154444008859657,-1.2611063389399215,-1.0066197069742537,-1.0832511769732882,-1.6345647548309306,-1.281080613065162,-0.7646809211581668,2.2916126201893587,-0.5423512678464342,1.8428936864188685,0.5809851894242035,0.44877594406346355,-0.25974057204402,-1.7425472528663097,-0.6271110262558633,0.3912652387525525,1.9724700334793583,0.20135906932727032,0.7372666277214969,-0.4587038446399353,0.2704633977026683,-1.2262124805006742,-0.13284436450656445,-0.3776862219087949,-1.0862534115009004,0
-0.3577613099854967,-0.5501664110879627,-0.3487749207206161,-0.8758450809801255,-1.583966417309562,-0.5784981344579458,-0.6474809182699908,0.01703663322831339,1.1522718167012531,1.0095005104623158,-0.38606748578912187,1.6006514506343135,0.6191289240732559,-2.42773778920414,-2.5197165030114714,-1.2881142575566364,-0.6747981952635446,-1.5338069103841137,-1.9022468022673025,0.46127514633247896,-0.10737445613396573,-0.2517658944433342,1.3640620296994355,-0.761051359985161,-0.07058722872231699,0
-1.6660918580540431,1.8669621688390117,1.4104364253373805,0.8500195466904594,-1.0317482984281132,-0.10677923782893672,0.8215808434200609,-1.3193311169316118,-0.6792317893721371,1.0897022704814696,1.6784691419816347,-0.05200701544985187,1.3519044226600687,0.5012822514849384,-1.1403925265440749,0.15132168711578875,0.5285449823385614,-0.8165851016228832,-1.0688559287587518,-0.2803293188959095,-1.057659423460032,0.362651058478879,-1.4589373810431143,-0.7174408066295999,1.6220302068467471,0
1.8980976877541227,-0.504077643015147,-0.01977495798308898,-0.45017156468237807,-1.2162604957017913,0.3982177682790379,-0.017637182022892495,-0.5194553991644811,2.0937244085124735,-0.529236539984474,0.9871661166824117,-1.4074675261731122,0.03241717951538303,0.46131846826952116,0.014136228319541866,0.6590368866220344,-2.3510660667914514,-0.7034502671044736,-0.6914146100921754,-0.1608516403899095,-1.9121074233190116,0.3622275406241961,0.8298080407545669,-0.05672900139619047,2.5492312547888556,1
-2.4213304296151223,-0.5082623132877547,-1.5476878563887064,0.2979916233379756,0.6575044957675193,0.29294023953937554,0.01937347458432037,0.1671913924234401,-1.7124431014918569,-2.0311906285887815,3.385567915131486,0.5217989987362632,0.9476033508148287,-0.3615318483937438,-1.3040934576445187,-0.7869908207470236,-0.8353484114531834,1.0300634777569908,-0.8404883015280825,0.6806198513719021,0.24594835731498899,0.220861575503416,-0.19443457806352882,1.1807479572184922,0.459586740280585,1
0.026819615601139213,-1.4097045901689982,2.8817165931223707,0.57386721288771,-1.271370591845353,2.8332195056623055,0.2643089668605584,1.028342180666815,1.1380314186166658,-2.8073758637328647,-0.33131721185918894,-0.31585895210338805,-0.6584183505079089,-0.08561279936205168,0.19296313329669712,-1.4492324793059008,-1.5742142495749865,0.7863505486083899,-1.6033348157293223,0.7928152311892458,-2.1438356193786814,-0.23105896484190433,0.2654908104760161,0.8345204017085227,1.7517922497097171,0
-0.7796492009690492,-2.0563757322572833,0.3562173368388725,1.485280666918519,-1.2948026387960663,-0.016751305480064156,-0.4160245768920665,-0.5012103824131786,-1.094033558293888,-0.8041832344661497,-0.025532098060767894,0.12094647538780368,0.29780391074916446,1.635525844491093,-2.305569979079632,0.06034696451901711,-1.605679005146738,-1.401987655344044,-0.9718180710279555,-1.0351032035657377,-2.3030319964697905,0.17595526522962768,-0.157221243895,1.283849103099673,0.8621589484887455,1
2.7730612862225557,1.9945404151688564,-0.5956057802106998,-1.2545589755522444,-1.198654732337226,-1.6934128682015377,-0.13959672675970913,-0.515929449086868,-0.6214200491115836,-1.700953947357032,-0.386366265897913,0.05767017658644735,1.2812366543018803,1.1339016786321372,-0.6334258462913623,0.1837023241642524,-1.629804630974161,0.07623101513129091,0.9591914669769747,-1.9899625348859429,0.4865484132381003,0.2298806863070343,-0.7546567653677657,-0.7659747091836216,2.3222204587198716,1
2.408012037519678,-1.2873447957723805,-1.1528406569297416,0.65848194692176,2.320622501667576,3.0250625392760644,1.4118557943352625,1.2697239119688417,0.7227859580695156,1.2400557970818462,-0.2238230137316532,0.48452023625941654,-1.0470098477131455,0.6600356517071125,-0.006867810122743734,-1.2681737472427084,-0.45972521304882186,-1.1897056924610858,-1.1426241914694033,1.3272890716064718,0.32843651174323746,-1.4856642594997547,1.8478127987348745,0.011082239049878012,0.02246277920762696,1
-0.8468050309140105,-0.06660096293008322,1.3592332219223748,0.6270864253447962,2.23279920470187,-0.13716397783290993,-2.56176964597573,-0.02946092010886453,0.6186658612202905,0.5346023347180033,-0.929905395879708,2.086811012767566,-0.8259033291047344,-0.05439790175072362,-0.8886858942903773,0.575402111854017,0.5685283079842249,1.1906819383599891,-0.32477574551501764,3.4859106511250957,1.425671054215922,-0.7616644532849854,-0.8866509165956878,-0.6712351488612656,-2.25103031382387,0
-1.067848121391624,0.7375770288149004,1.5651875453620079,0.3501778990201285,-1.705858583078753,-1.235756170782547,0.12162383898545887,-0.824546408153289,-0.09604485247102468,1.7444934843895625,1.8728361817951766,0.8916754801483244,0.4144773636629072,-1.5228410489285853,-0.38361716668363127,0.14440372213445107,0.8448165695692902,1.5709441721420954,-1.422087001633452,2.970976918358342,1.516908662400012,1.9588620742725353,-1.6906485321681355,0.32886660688482505,-1.3247445644170015,0
0.2583282343635266,-0.37924774912979914,-1.0924935291610842,-1.5675642517842205,-0.286898003874961,-0.3296435334164758,0.5712093837015778,1.335914416836858,1.5040877559026598,0.7302064789703414,-0.8009461754547245,0.2955094360510895,-0.12788171476289706,0.7383000136969713,1.4556922266334489,1.2442340141618327,-1.284516787513197,-0.9979337866134089,-0.8825472513065854,1.419055027497232,0.44538005331053027,1.2506249984010411,-0.15978449267926312,-0.08117874176991519,-0.45316978459687585,1
1.3563231510599505,-0.49751076289722096,0.2577325284481787,-1.285175010409711,-1.8487911873988718,-1.2245005068570587,0.29780469314491337,-1.0032212190914531,-0.22551122581822106,1.857377889135944,2.0120414981793453,1.1174641275706176,0.7079837833371163,0.40711960571527517,0.9382660051504889,-0.4782486426706648,0.19999780933478406,1.2029918954885104,0.5393080179645993,0.5055636076074612,-1.513600281757972,0.44550847853243325,-3.4332129814954375,0.8485201484021577,0.6588552538940406,0
-1.5699762010292655,2.261101887695183,1.8839643498913967,-0.9711576121672442,-2.6843250718203384,-1.0673327387469889,0.20475057577837147,-0.5328941510276669,0.07613144005893857,0.20279541947660595,0.05904382413570364,0.01507124662581616,0.25301081422603533,-2.0005111236360555,-1.0320405061955138,-0.3382013678871576,1.4329765807854247,-0.9251747767504346,-1.1896943048848219,-0.26627380286845304,0.2596273193223335,0.44476560281545285,0.505173039301481,0.4379448588207769,-0.37206893599146457,0
0.9158787809144431,-1.2810537718750554,1.259887118355885,0.7795437556858185,0.13536330543961486,-1.011308696609531,-2.365778881440583,0.5850813380342157,-0.274795484272254,-0.10885822652722066,0.753358857411922,-0.2437602554500699,1.4996727223561799,0.5005380978959287,1.9096800758702086,-0.5387349719410972,4.343811073333143,-0.2554578304089551,-0.16783146667566756,0.9184267066352869,-0.3481330300736403,0.3312589044568721,-0.8004503974553651,-0.9907757125295039,-1.753401026721232,0
-1.2340933683131112,0.7851818115108887,-0.10130073562245834,-0.06674671717111003,0.2973252847705061,-0.0431012344467524,0.4787256012659729,-1.0142076163389815,-0.5023226207890669,-0.5858002207138848,0.33808300263571595,-0.9989407683028004,1.245317812821489,-0.6123279199132132,-0.3534490153835953,0.8223339304616404,0.1277447728360412,1.3303651316248601,0.8474314080997539,0.7857817177833694,-1.4819185918376028,-0.3301144602704459,2.1797946761770715,-1.4143113549934256,-0.8370638690496437,1
-1.8992524714966408,1.785617662052052,0.5248947178441052,1.0217551150350734,-1.9447884900783972,-1.1786774283647712,-0.8635620248327603,0.43012966804066866,2.002722720027445,0.4498166428719758,-1.1663637729592122,0.09526544081875088,0.9482850158766595,0.6360442516476198,-2.6481345835318364,0.10639870373902993,-0.9841579966102108,0.7716770499117238,0.2879008354157322,0.022780620235079097,-0.7867323800452231,-0.9314886375470653,1.2015085582836535,0.21934096803017947,1.7870881685834115,0
1.2939546856911375,0.0527770350206489,-0.021757797319276406,0.18577989311101673,-1.1548722838923404,0.809896281952275,0.7864287671464338,-0.9328450390858452,0.06362258835382492,-2.5295858298788807,-0.31789828495092565,0.4527427557267148,-2.065754414222057,-1.7723005369222369,0.5282936887974632,1.608914507971643,-1.142379344260775,-0.1433817136736928,-0.7423435856540368,-2.170241814990706,-1.0266479043290766,0.8744902433992996,-0.5095493242133349,0.5866008585822262,0.858049223628591,1
1.4503074170793822,-1.1265537878332303,1.0438563156807361,-1.2842951891939134,1.0728715669677251,2.238584762556356,-1.4972050705484863,0.14533700902128344,1.1625960711657104,-0.535387461557261,-2.0062046703512326,1.7168655087251414,-1.891664781491751,1.0522303519121239,1.1680535130432779,0.334945043720834,-0.0780096519538038,-1.0618381578104126,1.0015124853530422,2.874527523431991,1.2929268008706596,3.1336320644625237,0.23099615837143977,2.1879102648269693,-0.44454836989270546,0
-1.1572155257909826,-0.41326554461823906,-0.36124629378036577,1.680879889077915,0.007256315681608283,-1.7360755628758515,0.578667837771977,-1.989183537638472,-0.817380632862786,-0.6513455355718976,1.3965989820665645,0.15347705251165641,0.3073284932347306,-1.2016187822571451,-2.251258618028973,2.909051010023579,2.1227282768702116,1.3092955146656635,-0.5916031028163633,0.08251294766430439,-0.8155656818155119,0.026040990457842583,-0.7233709737282037,-0.5020280627406428,-0.2254360825375603,0
-1.1120791157074372,-0.610015296029212,-0.4935575255811999,0.9437834482958686,-0.5968122048124418,-0.004293946426912776,-0.1121538562724167,-0.8035782252231899,-1.4323553108204252,1.2502576726986039,-1.8529549194477002,1.878503671416487,-0.19360144466346194,-1.0791417261416678,-0.11131068448519144,0.18325474771819894,1.290400536336905,0.21040789948121275,-1.7298016024497684,-1.5065537417033985,-0.8470242679363797,-0.6140409973100197,-1.930145505067419,0.38999724012329556,0.33156451907234546,1
1.600802424622317,0.44141189523486346,-1.1624921961743,-2.039578455738871,1.590952833875137,-0.9963714542838228,-0.6080406233247164,0.6554356010334477,-0.5557010013722998,-1.010546597677406,0.6741580767844931,0.2333425324730123,1.8341668237758877,0.7569133412737339,1.3160033453173994,0.5521732055077836,-2.9403503069694934,-1.6414086546670408,-0.788866798322842,1.8614645978225695,-0.2786057236435333,0.36655538018430633,1.6652834905750624,-0.7358006994736663,0.7926476827280717,1
-0.7553814095716367,0.38344778994566875,0.5359021838649263,1.378404876716961,-0.7641487072663102,-0.6141567841109664,0.06369509398477807,-3.6236825951418052,0.538510916517696,0.42789970254136345,-0.3507641211076722,1.5285073520555374,1.0825285525099397,0.8960932412736943,0.44182268250360235,-0.5407036839600532,0.79659796501606,0.5666114101218741,-0.5046551038903915,1.2202856635476307,-1.2356250180968082,-0.25610345969353243,-1.0009102063050763,2.5916822487649327,-0.3586966999535988,1
-1.121176988291551,-0.5387361364497116,-1.9536772557205455,1.3234779287899956,-1.1585645676024896,1.000459229035568,-0.1255263034544969,-0.8612383852971877,-0.3339665186831738,1.5429881367040652,-0.3717938735255969,1.0031500361232897,-0.957398680397507,-1.327599995986892,-0.8804596577365187,0.21016558961332887,0.2968902096402928,1.6499611804064194,-0.16221734249836417,0.036746174852473,-0.36238483431392643,-0.4606318735383875,-0.21005949346007635,-1.5393048123185005,0.7180962353359099,0
-0.016658902663259062,1.941496181078457,0.5986086275763025,0.6132124532680088,0.014438198723961349,3.2625400754149023,2.7488481934630875,0.05271363252574268,-0.4501800879180557,-0.34875438872659414,0.39780146514455117,0.7432035755859885,-1.515541222433261,0.28930938623281766,-0.08926518198654565,-0.5754173519010214,1.0154309362880518,-0.8222937506103692,-2.3352165894197503,-0.32184414992255084,-1.061238231807665,1.745797938642324,0.20311387539386166,0.1904192824813591,2.112313278787899,1
-0.2666236829473878,0.24873852332224386,-0.595690541181639,-0.38937829240079536,-0.7158675008240132,0.6833584742752208,0.5197311170674356,-0.7441056886702252,0.7441670928337387,0.030871241663569582,0.27011641254061947,0.18510283098136693,0.9336724418704456,1.3845506525848323,-0.9147839057704497,-0.5603146077802035,-1.49725966262592,-0.07970940994455356,-1.3080794682176586,0.21140520909729343,-1.7153105045755437,2.0213406209084885,-0.4262386877997808,-0.32531467349488624,0.46661411928514385,1
-1.0738066338740873,-0.9432249280389553,-1.0149822936230535,-0.09691024814082105,0.7298228977928056,-0.04996648324880204,1.13347498750976,-1.5702581562601747,0.2791837060856085,-0.0650560435078702,-1.304481647880347,0.5895999588266971,2.2393619725893736,-0.8901428826763478,-1.248229897506753,1.049692138129511,1.2369330275918842,0.9649867250818991,1.050856844847122,-0.2256129192387265,0.3679534797604669,2.043431474053531,0.3097061816587432,-0.1074665887730479,-2.329468977245551,0
0.16799657014075542,-0.06237261099760477,-1.887672061929954,1.9179729206330327,-1.9714455519494245,-0.982623321489442,1.6390329039401457,-1.0626903767444824,-0.4623553055925565,1.0299163323844245,1.2756600555462696,1.4000656235612314,1.39042353683065,1.2829724846079218,-0.7359768978265502,1.065807066904132,0.12832421069607736,0.695887118514101,-0.8563939648593787,-1.1980521450876913,2.1822208419786873,-0.7289510767169451,-1.4267474077625373,0.34978459059516775,0.4388323778601805,0
-0.06706124512545787,0.1652990517379489,-0.6004137090155327,0.14693299131121074,-0.8263540979156064,-1.0400597695583649,-1.2626303403747405,1.3723922304463345,-0.3893856612758796,-0.5760599183626437,0.9039277089875564,-2.1444193418802158,0.40541317630812024,-1.2460509097808685,1.621731612471919,3.9124272769250528,-0.23989317345185768,0.5345814433631141,0.14564369359205798,1.94149222955546,2.5951983832593735,0.20926397234432936,1.6958368153711596,-1.2657829363246318,-0.9857748015764918,1
-0.33858517512793657,0.9662119914001194,1.942264771529576,0.18017039837507962,-0.856897383970229,1.2105993478050825,-1.4158666158645756,0.44909043700683393,0.7430655312594426,-0.03877092128883414,-1.2401032358728388,-0.4103569485044308,-2.6952546198031166,1.2181259699073097,0.820267906510842,0.9804753139343788,-1.244502393068036,0.6698890456387954,-0.9561854632833997,-1.117051548932297,-0.07037368443348568,-1.5244456509681017,2.3172952328184624,-0.969918270417879,-0.32661537435856036,0
0.019457707003827235,0.12140351031933999,1.842237219174157,-2.24576692868301,0.5819392119792681,-1.8241994042486755,-1.453492003442373,3.3223476932446228,-0.3814312524108186,1.2013514465618165,2.6673308242399845,-1.2943799707323325,0.30653022151255305,0.9394731547091227,-0.6929253532172763,1.3801864403304862,0.3608358893336595,-3.26065358107539,2.8921905740608094,0.6885309518079115,0.7879499919197921,1.8035590729413329,0.7146688118407378,0.017994271086650974,0.8658377283562391,0
3.525118835208759,-0.06438062937702571,-0.9289070301704165,0.09582894775779016,-0.8797623239601189,1.079435232874398,-0.5320517958911467,0.24179085818840695,0.6928001673863321,-2.077351689325131,-2.51871014703256,-0.26839477102530085,-1.5094688591339394,1.5517685114942577,2.309965594750568,1.6672978501999733,1.5181187993749687,-0.8240294550799595,0.188675401029001,-0.6512047146191524,-2.0179199502233702,-0.25208658407397294,0.907821343743124,0.7423617279513948,0.033351039025308005,1
-0.7167499886065032,-0.06083727901137859,-0.047340440164683695,-2.187883174476663,0.6767250500801338,0.009357085280900068,0.8120245030399055,0.053614437308320106,-0.3801795796902381,-0.42373567406179163,-2.1018933535752766,-1.4131216138185396,-0.31674466379903343,-0.06322192923445713,2.127106205417828,-1.6706791513605477,-0.46642661064116836,0.8777602545992382,0.9009900401649892,-0.533505916742385,-1.2654846567933753,-1.765470587990395,-0.10593287328349521,-0.05494725356156949,1.0173058766899452,1
-1.9176532441276424,-0.5192427302394407,1.0783274427412541,3.0577863213493286,1.7261027225367023,0.7558735189418989,-1.585224724936754,0.5987589134928822,2.0220216023653235,-0.10660083121457867,0.8396320371319794,-0.7383247282342537,-3.416695391511678,1.145075913706393,-0.8837072650543628,0.8872729483777021,-1.1816425986653678,-0.002896402453939531,0.02008745061253764,-0.17504088421870984,-0.553494263043871,-3.3747816847278003,0.6435739496116898,0.594377568718983,0.12058588015455907,0
0.6602287403180829,-0.5023164359452489,-0.3808216600313616,-0.9214755094358373,-0.44665569611216394,0.05720014114173466,1.6934064109827092,1.265935730398832,1.165341166671575,-1.03802753269733,-0.3042003753139664,-0.4951708466787528,1.088389946654265,1.0769671218044852,-0.14588573407281713,-0.20469141870870156,-0.10967569433990154,-1.0617791667292629,1.0754174601910105,0.5827163590025624,-1.8341127867585838,-0.8087191309823774,0.6570681054142418,-0.9776271541732597,0.6877623327069655,1
-0.6913155534526998,-0.2754929868298749,-0.4323218217894076,-2.1166740576803518,1.3861428154095385,-0.27345897856851054,-0.17893819163370805,-0.2413529159026656,-1.4749563186383972,0.3236922230836816,0.3657228344996172,-1.8659141105390762,-0.8511570827680428,0.3410362392352124,1.6413935308174694,2.6620335545763396,-0.05061718635112136,-0.5086769491101124,1.1749379337757273,-0.1525907145788204,0.6438959277154779,-2.000461657059882,-0.7803063303123757,-1.897788272348292,1.824742520172454,1
-0.8936833075539776,0.6528880739275649,-0.9923305900358186,-1.6682206520695888,0.6376748374314773,-1.3572051922693145,-0.26186566117738863,-0.9196780298466014,-0.6527701225407504,0.56084370626202,-0.04024674555335861,-0.2117472666903736,2.278012710509127,-1.1982246258579379,0.16281577116995077,-0.6468617442926611,1.1295458261232463,0.5732299610146334,0.5643091806589932,1.0093292056694239,1.878885276257888,1.3893767784479332,2.620205532257305,-2.1538872430897937,-0.48928085277542793,1
0.34800451683491107,-0.3630445221030414,0.2365318673329504,-1.4179464019448305,0.8472925708702181,-0.9648517826713521,-0.210763575904084,0.6630946825299502,1.080100979716684,-2.6605311463359076,0.37449171795475716,0.8852097266101342,-0.36960244348996796,0.9397545505219207,-1.335585522920653,-2.0089825872134983,-0.6147636165035053,-0.5056626657624811,0.5060022875514911,-0.4402146904851777,0.2201807548151914,2.5858498157483742,1.9489037261073152,0.23866689532574842,0.7502302796110322,1
0.6048399747284796,-0.6670467725383833,-0.21859407943087705,-0.7295774778917166,-0.5041674870057502,1.0330081983802373,2.3116500345506514,-0.3523725407784439,1.3982968476134376,-1.309352495185421,-0.8020021797242006,-0.7446141620366504,-0.8285731642957442,0.9251688367091505,1.0951187063141465,-1.8135754451463166,-2.00277688235826,1.4205474573211079,-1.968926815273558,-0.7277401099197514,-3.951745124241723,0.5508718555861549,1.172917760054564,0.087377745223646,-0.4109742683180054,1
1.93156669660954,-0.004169356183681194,1.1385803598279063,1.4625529162645443,-0.6515606723540825,2.4490474404877403,0.03205524951096511,0.3540003499514619,-0.2030267015832482,0.4320520029827016,-0.943100904203023,0.9189323596990824,0.32274741872418894,1.2628446928718775,-1.8186314760586446,-1.193623101862302,0.8621110138838729,0.3490567872919812,-0.4497046604784504,-1.0174228501777305,0.666218580856001,-1.5614915543953112,-0.7584453290427394,1.9085006383741563,1.3924565364685906,1
-0.9323492924635408,-0.9370525125606002,-0.3551129268877285,-2.0522978179797926,-0.24845855028467068,-1.1584075009589974,-2.8211197084311643,1.4209506842794957,1.676027932054317,-0.575046511780342,2.4168522041716582,-1.7175777683967266,1.373735487112271,-0.5002686414340232,-0.5723101987749569,0.5965274010331874,1.96401110424578,-1.3509104454143563,-0.5234470203304893,-1.2629956446253383,3.256134097885189,1.3708696665822748,-0.16879948192542904,1.160760739287468,0.47398249038844753,1
0.1437644367478197,-1.6461748164633387,1.8704155795959907,1.3579840450289546,-1.3409531504307641,0.9713990811955369,1.9049867045080109,0.3878220505622325,2.6632080509434277,0.2388026812066769,0.7247593599382303,-0.5979959503654474,-0.023381805465571892,-0.5981741730642802,0.4205924716889598,0.17042682966989753,0.9798786334109482,1.6109543387362177,-0.915913742802248,1.1504539774822344,-1.796207711674458,-0.546485375999127,0.4330123793746382,0.42199427484565843,0.08886910510975787,0
1.2459627848000117,-0.5114436449678575,-0.09818562053782692,-0.6990753181020791,1.5987751343425602,0.27315316740812834,-2.3418383019158413,1.3371580998758692,1.8081350336993172,1.331177928357862,-1.6835908043581238,-0.8929627680832009,-0.4212330405029313,2.7593913478520924,-1.039909317481217,-1.1499903695184053,1.1092907079009797,-0.4221206706761699,1.7580848566055076,0.7024166202537657,0.3176817254462328,-1.3266755115206221,-0.5146781514682943,0.6134285144342337,-0.5082816303072992,0
-0.7589192814403727,-1.1063671362280036,-1.9454187151417104,-0.002364462963958147,-0.5924700286242135,-1.7536977547584125,1.0659067684517929,-0.5775902995264842,0.2671088743477692,-0.6330228107445409,0.5849193632225363,1.401226557746161,1.547353142258118,1.5362012708039678,0.8025949170513821,-0.23393877577236552,1.1972354490762809,0.09436804792415528,-1.8879763187265348,-0.8217004117859655,0.7173835352027506,-0.8354450914680098,0.43332391991145053,1.3706519544304763,-0.9461081911931906,1
-0.9029809132148454,0.571420372883385,-1.190114419914031,0.21582007082697874,-0.36008870281918304,-2.499434732720124,0.14164581288743225,0.002661315684345966,-0.9063253394368768,-0.1637469495861343,0.09202194243925405,0.2700851967683942,2.3912607425993384,-1.3479029830985396,0.757084650454715,0.06260799655209359,0.9676253120266879,0.8055316823720492,1.7839267092770066,2.293123738776093,0.1571819219042372,0.8930989317827873,-0.010239921397802165,-0.7391544464665494,-0.9954012990526142,0
0.3970675578713422,0.06413822068894814,-1.2579768138777265,-0.8761177909967144,2.431671191723899,0.4028643843845364,0.7165307576044077,-0.2126480411771285,-1.0990528434460993,1.258619440995243,2.3333389370782593,0.7146926419171278,2.2995909635188765,-0.13578747979289785,-0.9691775326708132,-0.7972740859990955,1.6517841980339525,-1.8101774930111163,0.8298996260023173,0.6126259651317774,1.2853281760690045,-1.0117413580450085,-0.8658152216864867,0.9570127951798442,1.1994018007740226,1
1.531290121910739,-2.042938337715076,0.3914476981277475,-0.28429048646963634,0.08702160374541967,0.07281370280577482,-1.6936808166598611,-0.10595131543060549,0.3535934384628675,0.3969991555289375,-3.228687775271022,-0.8787089150708528,0.7034134476907153,0.5297180798395166,0.6233541638802068,-1.0051421197987653,0.32188013641850854,-0.5998210852662746,1.1376227318077787,0.44896020262299347,-0.5224698701963366,-1.1345112782984015,0.394088464696448,-0.10362289459921581,-1.888306947048987,0
-0.43741791148973114,0.5867833866996278,0.1113007593285972,-0.10808037488399336,-2.159052244818825,1.204834561458392,0.04197570776593479,-0.08500125805597403,-2.4132176027804118,-0.8277393835359643,1.5566848186814264,-1.5028434262033787,-0.2816640051155368,0.7793511903432964,-1.2011814982569022,0.36232069287058344,-1.6526500027155422,0.04962405686017546,-1.642143796019302,0.22273070144543702,0.7294587960889878,0.2031350539426654,0.8926942322595397,0.6954744880324736,0.6605358578035994,1
-1.2510068402933332,-0.08767288742065427,-3.027762261974143,-0.6364877799187898,-2.7109053850964266,-0.4452608014678261,1.8362108653586449,1.066707908908116,-2.7838335490913373,0.3101230846899249,2.680584088254826,1.33043703791292,-1.076382407982447,-2.764774667030256,1.1628636646438917,-0.3120208951133536,3.997124092769251,-0.9930038720866685,0.9288836769891556,-1.6119578452347028,1.6513966519011862,0.5903706626972796,1.912810897895953,-1.165232127673665,0.9784393062500035,1
-1.054806527914006,-0.1899654042986224,0.359512750114475,0.32828604566889974,0.4699539636895181,-1.0884874670856963,0.8256238374504329,-1.0334512178951456,1.7697345722141593,0.5705079666971528,-1.3498214681189102,1.922378818600786,-2.1565359010705127,-0.804246110152251,1.5441242348002033,-1.0174909173691673,-0.20559750811687524,0.333356222666397,-2.417827424171677,0.9806698255364505,-1.9006475840226242,0.008451309415187402,-0.8895232980138683,-1.680090267770276,-0.35241903382130474,0
0.6251162157921042,1.1730217948137023,0.760239727509085,-0.17593773037907767,-0.0005559747486911237,-0.6915713501680572,-1.0847473908693748,0.09315006475875398,-1.0614533418683707,-1.4498969150008967,1.2843044325927404,-0.4798905595042393,1.1085531751195823,2.702935905698945,0.01895428767377494,0.3732416128731103,-1.1611252621401844,1.7319242515626367,-1.9558585492397194,-0.20750069676862548,-1.3827198555908735,-0.7182524884450705,-0.7482571642686917,1.498894117573054,1.3063163879103081,1
-0.74936714842491,-1.2049616411378588,1.013280978313062,0.6134370675063737,-1.055276522094432,-0.30119067980559766,2.6236307641463674,-2.0460858333707064,0.23423439872569882,-0.712327372655946,2.1744299234464797,1.2444811642688216,0.3830537894592936,0.097584587237252,-3.6281427217133757,0.6103595508991996,-0.5444280832310036,0.563969646018373,-0.8213479782471953,1.5617898912877612,0.6500163207822366,-0.44861276696308083,0.38872758794444506,0.9818084416107447,-0.7690404616515321,0
-1.393443584300234,1.8720631769732137,-1.3295949434273346,0.8736498625084174,-0.44379886117692663,-1.2846861869076838,0.4649144773234034,-0.9535890144365118,0.9913289964356953,-1.7520405009600382,0.793225098028879,-1.8592920664855765,0.8684345992143115,0.3706639327217959,-2.215047911575126,0.7600542012307914,2.6377482117814663,-0.28019408893677633,-0.9750470709227634,0.50982691372493,2.0616735008131504,-0.5369801458398066,0.22144124894871675,2.1372659600357276,-1.1731689824284348,1
0.2376705728571415,-0.5214486853699198,0.24580072234481032,-0.6697493898615492,-2.392196976774989,-0.5263217246454786,0.9075987371139999,0.872752514410306,-2.20085455418742,-0.25874833207851367,1.3536705504642093,0.5058568170441999,1.8900935764889177,-0.6209248175557116,-1.694859641912184,-0.027688228003541204,0.11137259452501905,-0.7234331723976262,-1.2770919767234337,-1.43622621323085,2.0299643050862124,0.17609862735196158,-1.4879218617696082,0.5510649590270094,0.318129783181685,1
-1.612107613042379,-0.5502337742019981,-1.2839904756182192,0.738177709144513,-0.9312171237675159,-1.538398502372448,0.08582133652622087,-0.3988286529138034,-0.44750572070623496,0.5010322585073119,0.15379753723283696,-0.2736450559098599,1.6639539249053246,-1.7639135747576522,-1.1890161632408556,-0.9781428290811388,-0.07443465510535474,-0.49819469518894577,-0.31831074675051374,0.7208260084246314,2.51608729599352,0.6612350734408623,-1.0399266895551567,-1.9808917647708892,0.9331623566532469,1
0.6518890794185412,1.1383605336945872,-1.8842589744007388,-1.1995430291080593,-1.1409731296235317,-1.5530560025777889,-2.0862755865750446,2.693774030647394,-0.12002905920135554,0.4075207281344164,0.43000459564526133,0.11403325675254228,0.8695092580045085,-0.4730151096451683,-1.3436719416921001,-0.5384424436943486,1.319273110681484,1.0367992786259932,1.3042266707510928,-1.4478203667261034,-0.7968602120114393,-0.8114991911199486,2.3240749801330445,2.95200050444326,0.9272349186979019,1
0.45114304646060976,-0.27869503153985603,-2.5667766939397936,2.553265605857576,-1.7074666170391193,-1.8422026385265644,0.7587117000145391,0.48614636884720497,-0.6553000443727917,2.287705175141162,0.9581884737364093,-0.7692979344794588,2.4905886468467884,-2.0608264776999627,-1.8127165550441484,0.6861153033525209,1.5704680488720264,-1.078552808912023,-0.4582263285398217,0.10124858601071429,2.049650638958437,-0.4452974313397005,0.020215464587557852,0.3324553351844298,-1.4489103382107784,0
-1.9307547186374985,-1.3794244520533268,0.8511259409765788,0.3910820876099707,-0.5206045044389477,-0.1736725487059007,-1.0293318268209841,-1.0453800046386057,-0.9518266338528459,1.4233133109465967,-0.487482253149538,0.8363963583219187,1.0673413308085138,0.7507162491621509,-0.187245233647796,0.7666453368790119,2.0836419424767114,0.5453029495176406,0.6653695227331418,2.3345470623980695,1.7978657718661966,-2.0849921531832676,-2.34508802594976,-2.580070113539034,-1.2846387533147121,0
0.8018666201549696,1.4918337762489096,1.0070061902008982,0.1935481267118353,-0.9468992816282522,-1.9571541822332397,0.018053312716281522,-0.47133271993736825,1.158695360459598,-0.12355514320214334,-0.7560489955475156,-0.03914072261929247,-0.1201587853577516,0.8379947965063075,-0.9241799297398761,-0.38736760188680897,-0.010116799589964476,-1.16304099505978,1.9864932624219185,2.1982869672734875,0.17098790467554537,1.6056247532074093,0.7261845370446464,1.4387771271778909,-0.42027735729903826,1
-0.6360290705896835,0.5875393207792619,1.3691435456808272,-1.8962279604357217,0.2762761245716276,-1.5740852408418435,-1.2486751341116316,0.1313710494725554,-0.20712327670655617,0.6938352902975509,0.13546645708593313,0.4970929462995165,0.03699883172347934,1.3544854859346553,0.638714678195923,0.5893652394458785,1.8365606475120657,-0.7281242752026198,-0.928413836589361,-0.4742956546982323,-0.9092512572196558,0.8253761708523576,0.44758140694730686,1.3991427974347377,-0.8620619920577558,0
-1.6362063204357649,1.936843473975229,0.5702326980254926,-1.1223108739767047,0.5056540052542148,-1.9457261266783878,2.1444609279083426,-2.0250203186247857,1.182599068699615,-0.953618294114781,-0.3191097275626445,-2.6988522624124376,0.6005674459015656,1.4317623722402724,-0.2674823612596218,-0.45321838059557096,0.6246499967324283,0.6001459354077033,1.5490164670524456,-1.0781120598586023,1.561367267682042,1.9072251039515753,0.18210390482765954,0.8185554416741241,0.6028080839243422,1
-0.6035557435436718,-1.7754373822397296,2.046642634050922,0.6752899262970965,-0.22884595800432683,0.70633865422498,-1.2829680116847029,-0.7880322872850234,-0.09763782799903875,0.8702964758106712,-3.0763480916472643,0.16704237799113086,-1.5038715732891532,-0.14594961563717307,-1.030191250387162,-2.1154985563700404,0.23092342259296184,0.6489339898631046,-0.037159378087024075,-1.175843309825783,-0.7564194247694578,-1.1639353833590602,0.6815847583372389,-0.6622230800638288,0.2543324984044312,0
-0.5625783187475977,-1.2362347639185218,-1.2645381342524156,-1.2334064889440906,-0.09943189655337634,-1.2054884218857504,0.08239948545946685,-0.6701998137669458,1.9623281099468628,-0.5284143936776602,1.8137321086409168,0.2407459485895107,-0.009731945705437867,-0.4323187174894827,-0.19047326461337954,-0.239196989531061,-0.4315284591407892,-1.6490429237378559,-1.718628720399801,-0.26619310692514464,-0.2588435254526811,-1.7096887482067133,-0.013812745990338549,1.2153088399185537,0.9058783820836682,1
-1.1922811870897145,0.8822949363261412,3.372310770587515,0.135498530136444,0.7788749175768183,0.048775488837481784,-0.7831752688924783,-0.11456218103758686,-1.3891384725778164,-2.34937128404516,-3.053162758699908,-1.052046536196814,-0.6159853997177369,0.1555358187776788,1.357344754562215,-0.1508063105718618,-0.743446692494413,-0.04585794052891626,-0.3204106121300859,-0.3255976806665053,-0.585007639444596,-0.8770030084746342,0.21753405633129186,-1.593244392840258,-1.8605755701291895,0
0.8245284139467781,0.17664646119360855,-1.6301464372791565,0.1527363902894131,-0.31417950002130157,-0.03950817688618198,-0.13089220933824303,1.8855122943131415,-1.3416257626529744,-0.7648445618281355,0.5507521675929075,-0.3924095468878326,-2.2993364081332035,-0.16995565029292614,0.9496428238535041,-2.1561138173439343,0.546646291617513,-1.6625071080260643,-0.5103670371803593,2.786193296012429,1.4212652732681548,2.2252739158136827,1.7785277742010357,2.216450169158956,0.43585374826706946,1
-1.1951072203318207,1.924635552508534,-0.5398538411294003,-1.8570127651676924,-1.622423177712807,-2.306625785325297,2.0164433158818262,0.4177545625639507,-0.26891989721606746,-0.29921387709734804,1.7539955395340505,-0.8014490639978677,-0.28637509320908927,0.9735072644088524,-0.6786133396149323,2.577137328769527,0.41905859967120707,-1.6235388342609771,1.5198941888322457,0.0900331922031572,0.8416751779418701,-0.6022422503873728,-1.526307879906494,0.08844666501528253,0.044269944749142975,1
-1.6818027470853878,1.2254902495288413,-0.6424931574126279,2.376704218250201,0.7779705062452758,-0.8320469101898139,-0.5146667967355292,1.0550102209208791,0.04105544833881239,-0.5613511243262002,-0.08048613840945068,0.4591298755857258,-1.4090301089827217,1.402707735519607,1.0862011906267086,0.4655906251201743,0.07574074008726095,0.4425880935452208,1.007019563562951,-0.6237115566950859,-0.8083066082635084,-0.8183312891349469,2.157702704137352,0.17381555176141417,1.0444639251111771,1
0.6444099758737113,-0.5586780197102246,-1.595555224656007,-2.065759203827806,-0.15101643746233026,-2.3465309799801095,-0.01750218039065854,-0.071580942621851,-1.2648644748588784,0.07550276365095676,-0.509382155200886,0.41353183855338516,0.4330924176928338,0.4966572897458382,-0.32594540973276087,0.7221273534762643,-1.3709909059549643,-1.5598407085321466,0.9707114358506974,-0.29839842637782166,-0.12525726090312772,0.5036675587463535,0.47192104944021884,0.6149001400851155,0.08952207679902408,1
-1.3697707708571736,1.3618081982304466,-1.0366416808560395,0.7748137945036419,-1.9443676387164062,1.1985777615706823,-0.14367688358179842,-0.7383705625642278,-0.5011396084912307,-2.397854318332594,2.57274271513905,-0.29058987796719526,2.6377906981384385,1.1856046787590298,0.5571344184819392,-2.7564346058140665,0.6384303124074426,-2.0112982451081822,0.04696989875893329,-1.2892571409663165,-0.5597902995619842,-1.4251372238698319,0.3397980364792209,-0.04635061669072238,0.07465104237242859,1
-1.5056765365879332,0.34111203982222293,0.8381357547491388,2.970601392567062,-0.08839823748124054,-0.7297700764241267,-0.02962038549336735,0.7033070719158656,0.4996054537667814,-1.5818982911044759,-0.9289033052733537,1.2131924782430312,-0.28107882837439857,-1.4354632117416233,-1.80734390613588,-0.7687481083794503,-0.5407620185905748,0.12428797177487749,-0.8891846741802992,0.4388477324548099,0.8746432316424122,-0.7080694653068518,-0.6184094801450863,-0.3039214783909427,-0.42535175500083144,0
0.15106001111254458,-2.130553308519481,2.0481141587338803,2.9677868084801107,-2.704895334150417,1.0634241008726781,-0.9048680237208211,-1.8532992915104942,-0.23091320742597377,-1.7548900943505097,0.2547381830074094,-0.09507230667275118,-0.6313275942727322,0.7644863248753373,-1.3636423435686411,-0.13119602622885373,-0.8334859366375508,1.243629334968415,-1.7873767768461284,-1.2079678301099857,1.8373118696550697,-0.8732790602773761,0.5651762888484003,2.3009241206750373,0.6417711605552529,1
-0.37649009316958126,0.6002127472044665,-0.9796222958510997,-0.5999151227098962,-0.006504760095435769,-0.4756245627585209,2.453461683176803,-2.520318738629284,-0.15734317220633098,-0.937132400886227,1.6342018118506187,0.647346963831214,-1.260940258697146,-1.1926533920734819,0.7689456118751075,-0.04277865726639152,2.03211555056083,-0.6502776595805189,-1.1834255755426941,-0.223064709734393,-0.7993209906621602,2.169503768717449,0.36560058310971766,-0.06383088947154969,0.2658655086334769,1
-0.17309680843366987,-0.9436540045815525,-0.6438266911147357,1.716676215075879,-0.050178527573657164,2.109986078587921,-3.7980954962731506,-1.8985409614255446,-0.40124555936184914,2.751255429306248,1.0221613540791474,0.9181077813978598,0.9018856498110585,-1.7734718670965883,-0.22934728323802028,-2.716613543908615,0.7518202284681766,-0.6877735650094414,-1.856986554060963,-0.667343006586708,-2.1399463651791724,-2.335527768667949,-0.38382902981822453,-2.652523980384839,-0.6902060739364488,0
0.05757503164672349,0.20373273036700223,-1.2003564199622736,1.5942831886320035,-0.03521400542298192,-0.2489317410442855,-0.3201287200418528,0.37070481974065095,-0.32448481536948126,-0.467135228499226,2.476802669542454,-0.6536107793042457,0.32201479463776267,-0.39264235914800666,1.2052499767622145,-0.1022914899071578,2.3422251781444636,-0.43983378488545877,0.7267547685809574,-2.351726786986468,0.594595116037452,-0.3104332048952202,0.10899965645345905,-0.26958190394041004,1.9742908081967965,1
-0.3088948757049673,0.8987528527283076,0.07357652326975739,2.3224223004245,-0.7024802392778089,0.6238547077290211,0.9074804169047033,-1.214713048824751,0.9444071452832701,1.7301295772281289,0.30343498503739436,0.1894087469584419,0.7757766971327988,0.9267479961336327,-0.04026999400367004,-1.622874741403219,1.9845818644630397,-2.2976141150822977,0.5509736006354926,1.4327190661323383,0.23682183054657868,0.6055260830596694,-1.2341030543373595,0.8479634758319113,-0.022651185016672792,0
0.34711904973042385,-1.096958231284472,3.1811670839085187,-0.17530072604569655,1.6763462058559546,-0.07547675593088976,0.6019099089639379,0.980718992297668,1.7056748742853358,0.3408699879736019,-0.221657728241539,0.8486940512180126,-0.819884387687919,1.6639496319897176,1.8346896665146317,-0.3223895798393619,-0.6094653962213996,1.012456326294319,-1.4630123370146255,-1.077145838086134,-0.8709748284683541,-2.4526825951634246,0.4162129660297442,-0.3538467251816344,0.15484490450099997,0
-0.28006319784476197,2.760998862783766,-1.508876995876919,2.3443982441922886,-1.327258158657759,0.6117129108530962,0.1758843984694268,-3.41954811086052,1.2183884171020363,0.9864899999528389,-0.6376180479074349,0.6333488355532905,-1.0884886526539435,0.9414836308182105,-3.6315681993991094,-1.103153521034924,-0.6832122769296967,-0.3059160850259458,0.43422537783281256,0.32998869716019885,1.5804831484125499,0.4592226856561826,1.4901668676879658,1.838503150877173,0.36228980556554063,1
1.1799676225631783,1.630142882114058,0.8967406122750123,0.5018191835740456,-0.5817916858482644,0.5996365207104216,-0.39953220625111213,-0.9771516468678436,1.1265181629784236,0.6935047337161978,-4.0758673210755445,-0.710596308197508,-1.67489678636845,2.1955995076847974,1.9151482115919114,-0.24701176362560462,0.37645173312810876,-0.6424194857345598,-1.6651563093676707,-1.3970820986767096,-1.9983616005298415,0.4316876594546227,1.0611720376787601,-0.37352362659657856,1.4919003768849646,0
2.5070611539412067,1.2515759005062166,0.6734893899403207,0.9178976089243577,0.8514681871745984,1.5362302619840111,1.7818629958489076,0.6374399354493797,-0.5834305686526238,-1.37860098973387,-0.23436492273244544,-2.6514375841502513,0.3681355387764869,2.431097717518753,-0.22330669017788496,-0.43236339607630225,-2.2328068754300503,-1.9855738616822083,1.7986998118321567,-1.1625288643635594,1.0803006624246643,2.8357358749831048,-0.9424701206165068,1.4993381090236695,0.10085215402129499,1
-1.639664682132431,-0.592698667906682,-2.9358778322096617,-2.147815724318457,-0.06914416029408665,-1.9444444998269073,1.7153815783711914,1.8409232754268756,-0.9951684524600206,1.3234374673917744,1.8564270948675792,1.4301600163324861,1.2779469502846716,0.2809358710997134,0.2192741212888231,0.9204856531969815,1.2635601081802827,-0.47498555764547856,1.7537179260033104,1.2066679494789851,0.5211731380022554,0.35820428578253377,0.31963083920306384,-0.05823459121359498,1.95704003516979,1
0.35784988186487054,1.1880671032087147,-1.3620409146541046,1.7325102549998832,0.35776889797408484,-0.837048600573177,1.223085681913789,2.328853587621418,1.1266862475532264,-2.2514911402706597,2.463630763301407,2.5793726874915066,1.3903536931482672,-3.3294398443635442,-1.1028839258920418,-1.4121856300902902,0.20958222606488108,-0.4269381050714568,1.6155976746441874,-0.506637917740269,0.3795750923718711,0.7690937286238688,0.19266798549745576,-0.828091165098035,-0.22413439526167217,1
1.189247391258855,-2.490090246236858,-0.6306542643762894,0.44827862911282246,2.2270587789378364,1.0408014507382617,-1.4122153581925667,1.0562468591380751,0.10605691541404827,-2.6354042452259807,-2.315733847572928,1.4977978127513598,-1.6243512280904011,2.5129924407583317,0.7446002551268889,0.9102565965393381,-0.024526640599629612,-1.0734479716272844,0.7503895718218863,-0.0025870940734176173,-0.8194828605267603,1.0176109889797056,-0.32649946870624297,0.5618254288403846,0.3334902019077767,0
-0.4794672786016158,-0.942343284001795,0.1295832790364554,0.6559201529932451,-1.6405874049853355,-0.24214470067810545,1.2611481833933467,-0.6441521315798193,-1.6977439711159255,0.674719566223771,2.6034290658890313,-0.4529101343070877,1.87475408686465,-0.7102745179980245,-1.4139417457240961,-0.6798564086424419,-1.1114106764550264,1.1724040646261031,-1.1895443489203126,0.18249207115764043,1.1483961144895005,0.3008285050544064,-2.401620800042306,1.4787502671977952,-1.2441580357057278,0
-2.4689585923070845,2.185816266853461,0.2680932859363403,-1.1331176348476892,1.821113903360771,0.310757304709122,-2.84211014106566,0.4744729183088476,-0.060622237390133504,0.051565299772587614,-3.0592423075680943,-1.2134402957522286,-0.7344532262218078,0.4551570313991453,0.803560686634996,-1.1433451711422415,1.7915482468410877,0.5072799899157436,-0.11378378551231595,2.549364823207808,-2.456025739124534,-0.3297065488637275,0.8560159813367827,0.6309137270074809,0.5794125763935241,0
-0.661982609632293,0.150538864846892,1.4800941970035972,0.4990487383052846,-0.3056860380080995,0.49978129708186897,-0.5867091931668154,-0.97380321425183,-0.023349790951523453,0.6431073969050388,-1.313155923980568,1.018519459731166,-1.036249359988111,-1.067462196318743,-0.019631656656963703,0.033576025152931455,0.035531200226739945,0.2462628713961107,0.5517911112899393,1.0311270264781724,-0.42132886184675467,-0.12433182428209555,-0.3880714576797883,-1.0349427456818807,-0.5768137295623311,0
1.5502768859220486,3.0162359417716424,1.0556223455190676,-2.2467488937658784,-0.059514302348227105,0.11059415873691614,-0.06592107458657556,1.3070972225024042,-0.1679907458022183,1.717479940397578,-0.6996474662754003,-0.3619384271161289,0.14230082132326405,-0.23824667953454992,-3.0216367179375836,0.03017708036962352,0.2192449618218134,-0.6802842030290654,0.10943651150563871,1.5071812124202384,-0.43626410754375505,0.5449567663187764,0.46044612228337956,-0.4219265671917273,0.8890692089624048,1
-0.05736538216296477,0.8894854033120154,1.3281064225046562,1.0666857667878644,2.1501252190539626,-0.4071708612146404,0.24457469566183765,1.471793238616129,0.4515358977041552,-1.1859019173656624,2.1379783451948295,-1.5584244771180211,-0.8381302613412329,-0.8800285516405563,-2.3613537397018995,3.2680819030781043,-0.2965388191767539,-0.23542100788182918,1.1508069250827666,-1.2385290468000687,2.299859445772563,2.1244371933576107,-0.1518992970466193,0.8688970123303521,-0.8555989505106206,1
-1.2643062250036508,-1.568269012436136,1.1600149287337462,1.6131551954978633,-2.989104671931235,1.4903827887981107,1.8284125183711002,-0.2691372497858617,0.08876973776940908,1.6033120991348788,1.2867525566984686,0.7322361576864406,1.1154875229531844,-0.17289676776042906,0.6201974415700358,0.05808179455795126,0.5971530018285762,0.4838653300487697,0.78995820943891,-0.8313461690665769,1.2385722433299096,0.17677044689543364,-0.5385856470484116,-1.53856482888646,1.5401534543565647,1
0.6894242192942509,-1.0133385590870359,-1.407512320799399,0.5021247666069789,2.1464569199855306,2.8257876409650136,-1.5852745223992826,-0.003850874929186121,1.0151523798996915,1.2961218872935336,-1.3208682399955936,0.8106056260084443,-0.8272411643742312,0.42258760558165337,0.6005729397047632,1.6131979552194462,0.6162783812119775,-0.43246187723172913,-0.2649365019626509,-2.58156670309292,0.9994947586555759,-1.9225759680362164,0.49534765814135495,-2.0831921355054095,1.0007883823311943,0
-0.47000448091679126,-0.19593929866851734,0.5616080905850596,2.1241224400332466,0.165546621084392,-1.8461728444148289,-0.5895897760755537,-1.1783153526185124,1.663219859137739,-0.7661556349191536,1.7493021505211994,2.5291139562145535,0.6398894438302828,0.27403339484162303,-1.7422954789719316,-1.0629695177352327,-0.14966902724870446,1.3117816538066942,-2.2997557775170154,-0.6266251475932546,1.5324824398953998,-1.5387426719017319,-0.16649979191998293,0.2668807888187995,-1.0742466679176983,0
-0.44143956224012926,1.2585407309989929,1.1181670348162163,1.5315628289210865,-2.04218801640813,0.20888460206072468,-1.1067139862925768,0.9503342999605066,1.0751035168826755,0.8620596703251074,0.6000057217065771,0.6145002880624082,0.38004465825421,1.5762767353109357,-0.21494721914020104,-0.6566360366058287,-1.7439774101628722,-0.6019207539457826,0.03093898906921272,-2.6809552947795963,-0.2531250032571194,-1.4047371707441272,0.6842315773346358,1.8718851622292458,0.8826745932476034,1
-1.7269629421331678,0.8642072214189483,-2.435647338549211,2.4083873778139617,0.38763233869055724,-1.6933197863843796,-0.969962445192395,-0.2045469587000543,1.740854253752949,-0.7105220255884529,-1.5666273599239517,0.20558851576584025,0.647936797415934,-1.295242712119393,-0.18610323677049598,0.3831688053552488,0.5838401540880582,-0.43339447040423795,-0.49024093521299805,2.0047973005977004,0.02858188765450631,1.7221514086718048,-0.06901081944365778,0.16508021103033466,-0.8204534966594509,0
0.06414044993413992,-1.1342559626461153,-0.6831464185330903,-0.2353626528336199,1.2552485049451712,-2.689011897563542,-0.6588224577427222,1.0712624127361128,-1.5108043402494642,-1.106954969299667,0.21605996657070853,1.2679910778255632,0.4128751734388989,1.6670720686434646,1.2880764660297928,1.4353757320801606,0.23751358835210973,-1.8685847943250025,-0.36059541003186035,0.23481766803931248,0.5307115327729048,0.034111181360378606,0.7433412241144012,0.1267734663990232,0.9587075914133822,1
-1.3782895403890782,1.4675654211499762,-2.8356244912432045,-0.6700148508984691,0.4484896262480409,-0.6445627065718761,0.5316017833025619,-2.387297356443529,-1.3128494916130782,0.24795103067842983,3.089270795170668,-0.19970929070043208,0.7521547475900422,-0.9477831040189455,-0.2573266538258114,0.1468896334538793,-0.3014502959062302,0.13124910250768743,0.5343097771460961,-0.25910062894524205,-1.6970968294949318,-0.38520844523068587,0.6278544407847924,1.2680736138059623,0.05838515549335306,1
1.1073308143502807,-0.6002537105067707,0.7073414954503363,-0.07105781921420751,-0.47780514108335503,0.37987801621136036,-1.7663024736861033,0.34276687746451695,0.9196777446170714,-0.07342301450537678,-1.074830385086813,-0.21694872202261428,-1.0838725001773375,-1.144635464178153,1.8391927316725987,-0.7499019219444175,0.07948169760189056,-0.7829933568186658,1.3631490872584089,0.7387357603380384,0.8354984225920342,2.0404554666370993,0.665789873541665,-0.12052025687742501,2.6330143991702055,0
-1.305421848578554,-0.8733107989470443,1.485165409323702,0.32202840891189943,1.025110811670348,-2.692257478403463,-0.6712723763128935,-1.019849628652106,-1.7420747636161003,2.566410359077555,-1.278128603424494,3.2903777338398608,-0.9607998329458147,-1.7677474602275784,-1.7866800299048249,-1.178811204969012,-0.9260663685975092,-0.4193382476238737,-0.3245345533178534,0.7887641043954423,0.12674114014793758,-2.0488010692517564,0.3660101779913496,-1.7431062138158417,-1.836390504446408,0
-0.7583009430545363,-0.8939837745173946,2.1249709791371036,-0.6326759285048236,-0.33474906382571945,1.0557070112053986,-0.8603394689192577,1.0546252409965469,0.5547951784228535,1.1002264323920048,1.3981253292096123,-1.0832713184930494,-0.653942218530249,0.6997360133704722,1.9709941598577467,0.6088269858044819,-1.313743684956443,1.6235787029485944,-1.8209434437592904,0.8156500465018882,-1.7991789218962981,1.7710898054246011,0.7127933542369443,-1.0276298287930943,-1.406547472420948,0
0.3606877197129884,0.7531810721636587,0.44581157419880335,1.5439563762880877,2.4171682302009567,2.032523979946157,-0.5053218978042466,0.13875306148658828,0.17457686744507517,-0.12664294395209785,-0.2359941066142141,0.18493808525759103,-0.9209386495471038,-0.08971514881930942,2.198206158300162,-1.6373064096005348,-1.7380412047379499,-1.9932412649824378,1.5643877443527499,0.7753589583732774,-0.5739110724335861,-1.5345020362088873,0.8026913051568175,-1.1908538026898743,2.070262925999595,1
-0.8075674498234462,1.3299170398241345,-0.27462436729975453,-2.0671403966025736,1.5667755573698798,0.9050739025403438,0.12355063750899115,1.1927543490929986,0.22253105252593666,0.19036685823952026,-0.7773589719665596,0.328511409363635,0.12154897406478077,0.05919650026725176,-0.07502468593572476,0.2771409481189757,-0.49663725864983804,-1.2728513218479174,0.2421038437513246,-2.5631466065814292,1.766043248376519,-0.8497272835312055,-0.1582316331732423,0.6078831707489479,1.4239920921249372,1
0.8823509963018643,0.4448929835783111,2.1077146081068165,3.678188377652975,-1.32018307291968,2.5549875118422376,-1.1825291951160897,-0.3957303273975645,0.027166972002165557,2.533139982636305,1.8642018941421667,-0.15519886525827353,-1.177974807249086,0.4821810300403885,1.118142420264019,-0.2119398329260047,0.17895717964542224,-0.67579405612257,0.7506985563504649,-0.3225312206552279,-1.2586846740286035,-2.096073164289251,-2.848741188199134,0.5286633253664846,-1.4420819524880986,1
-0.05393323015818627,0.3844108071527298,0.27778008093728224,0.6766183609109802,0.08809095025702007,0.5557055070944612,-1.9559235649668794,-0.052632826868035665,0.8934637686034599,0.3480306899699417,-0.8203649465860576,0.680650167961424,1.0192614314336579,-2.2505252793199895,1.1856592190079482,-2.365615805455988,-1.9892943436550456,0.16679423280160735,-0.37715189803379534,1.0131545002201083,-1.3857657206718472,-3.026469482026777,-1.5439037899186698,-2.0173232010209357,-1.5620906889329478,0
-0.6957057318583223,1.0315171470995401,-1.0420146482179822,-0.5069528099977254,-0.7393204481017077,-0.6269124462105694,-0.036233991129879684,-1.0349614264561997,-1.5754128011852504,-0.8701615837386265,1.1441698746156608,-1.3310466868153803,-0.8929552108911359,0.16245697750182242,-1.6307420875360945,2.3189114249178884,-0.10516871035581166,-1.350876160784298,2.1857411455179157,0.3553458402594579,0.15302114177218973,-0.03728859020968678,1.5213783264808778,-0.40841668851787905,-2.0464964743604064,1
0.7773880008360488,-1.7221884550643924,-1.4252131687567138,0.34095086235700167,-2.978632799131858,-2.643473296526649,1.751987874748576,-1.035536494895698,0.48543581884527265,-1.4719224998390605,-0.39119333802107614,0.5939966194787278,0.8205492325766583,0.07619061256627094,0.6810260390996987,-1.4983342933764414,-0.7046742568522877,0.8884539543958136,-3.2366671016216895,-1.9550414720681273,-0.34820704758277826,-0.9437173746361583,-0.33230304914578324,0.5609713718326255,0.20923057978768184,1
1.6748079717269495,1.609899137779439,0.8775858187810232,-1.7396934607163126,-1.1045494535804596,1.0090689220275741,1.0791753270281228,-1.133028623999804,-1.2550236998914723,0.5279662998357113,-0.10660855017323728,-0.13806297462657435,-0.4421573030696633,-0.6824024507870503,-1.6965517837474458,-1.6177359055026297,-1.1777176627223156,-1.7519517392401802,-1.2358990773561411,-0.3140212477462297,-0.6312560833043198,-0.843207042538935,0.8969390311964853,1.7187880502430914,1.937950909197263,1
0.6410504669328133,0.5951986507251293,-1.0756501687085638,-2.776690871542886,-0.38703445624090227,0.8207867927353407,-0.42950432760872426,-1.1231933803964202,-0.8753873653039816,-2.7908173453700207,2.1594026462768015,0.8135377632334077,-0.01207648294147129,-0.5943053526872031,-1.5174285887287822,-0.5028232021477409,0.09442425353107742,0.4672643734963614,1.3190024483866465,1.187905824386715,1.899066660841083,-0.2773265231065394,2.504638336130695,-0.09602997649033651,-1.417122870577279,1
-1.4708673556532648,-1.7339243608339063,2.4926856209860935,-1.871171467644522,0.4361649357477425,-1.2059414417743604,-2.6618162957164317,0.37782098680339615,0.4011886920339083,-0.9915039656443878,-0.5003252517299719,0.18390974392344359,0.06384905911038652,-1.6600971501041113,0.9519813753582919,0.9996084912489408,-1.2339826196954915,-0.24959211287711475,-0.39225326868311006,1.6261895202906502,-0.5741129102605357,-0.8778287079441509,-2.159469733433453,-0.04564112695346556,-1.3014268426857936,0
0.7857641891964374,0.9716768039065455,-1.8724438313583938,-2.116302925688807,-0.6708600194730526,-1.3227093992257677,-0.5685907213245504,-0.8021651461779882,-1.1533411599528527,-1.171515606792714,1.2705374365459188,-0.1167452477681716,-0.44893624634252327,1.1087465562872614,-1.2078017050421381,-0.030038598514266546,0.42660047854621064,-0.21981413639552277,0.7548979944833818,-2.4432678696381096,0.05824983690792224,-0.1749256596234785,-0.19825091893653024,0.8617123919818647,0.7284323096933077,1
-0.5927138128132333,-2.603397169192938,-1.2715486966656713,1.2468679628531387,1.3856301557371336,-1.2684698543108626,-0.5167350800347604,-1.1331251829955786,-1.1189241130399197,0.3599486292419868,-1.558188674121415,0.5564407931072287,1.2385126648635516,-0.940665565604724,-1.623402368165777,-0.3920720843930303,1.5088148549854585,-1.6035001991235391,0.5932292700555268,0.18027378879719208,-1.0018775624471536,0.9606826453503274,-1.472703676405751,-0.2910387419362421,1.9358614340509843,1
0.3215003245245488,-0.29442549583823346,-0.3364823240332857,-1.5458479732156367,1.6395251004149853,-0.309370285440999,-1.7253088936816725,0.781738467207574,-0.17586650558662825,-1.0591667289208664,-1.1018689401510882,-0.6399828150162084,-0.4630845636761554,1.428542063859944,1.8540511739448697,1.3722618526726302,0.78112993670677,-0.8758772162712782,0.1380008310006906,0.8626407716734191,0.435293252198788,0.792714084892431,-0.057439228930189545,-1.0958334322141305,-2.2542799176620463,0
0.23426587088149783,-1.022630417827519,0.8685273006879457,1.5228720682427432,0.7740552716504654,0.6309734594596638,-0.06343100781329458,-0.4255774588252653,1.0242208467524856,0.5869823080379296,-1.206459825052958,-1.4427023345212076,-0.300316819480581,2.65813009293944,0.39812036793713945,-1.3980602476431443,1.1383700757508879,0.5161835304624962,-0.3067614424109698,0.5585400994907828,-0.2143153412831021,0.7884034873922275,-0.3104576493477434,0.7288172983563036,-1.95256075048777,0
1.5758930474907382,0.7662180345574756,1.1246031644984689,0.24809574648136445,0.3102556704837556,1.1061255655411628,-1.1650507798624234,0.0454328312745933,0.281552558903522,-0.9123310477349807,-0.9279415545349422,-0.6609973823598752,0.6353265420332973,0.6170895951199952,0.035188559989239976,1.2698785662508425,-0.6434805081489935,-2.283363235519615,0.431388029995749,0.08915283178860145,-0.21698512409047058,1.4356507423821947,1.3931909571659433,-0.8157410150608178,1.1839406825113665,1
0.8354411969712632,0.27623112896724744,-0.7546036831053641,0.3561028900436346,1.753313747161323,-2.252704303408777,-0.43191684336299196,1.3826451967133861,-1.0279738268800043,-1.204773492823724,0.9116344309038227,0.8344046285049582,1.6855673902537298,1.5359439161324258,0.17667912360541604,0.8809167952312994,-1.0982331325159718,-0.08575050124335415,1.569082772130435,0.1213821183727575,-1.1679938612097973,0.26234437964525015,0.4569245103806754,1.2334895840533167,0.5454602720066204,1
0.9219597505853526,-0.45931267232112516,-2.3442367820531755,-0.5998662106891761,-0.06217381303461855,0.25853293749367967,-0.2069819393260791,-0.1690587516617643,0.0730327408049587,0.7501210787475623,2.0135905871827866,-2.4551639852704192,0.6859224682148588,-2.978464105932691,-0.5409486165714077,1.099035866511901,1.5477670579487757,-0.934553848518574,0.11864861789267397,-1.030331464504862,0.7999928445229615,-0.6964238327856485,-0.6750997642049876,-0.5364607852222274,1.0225042378774893,1
-0.5498377392760665,0.10543807856461773,0.7085563996386093,0.28301720184920187,-0.9679654229176903,0.8841886899745945,-1.5412535462267938,-1.3917617202943169,1.2681543303015295,0.6798313743437995,-0.8872843244316951,0.16007755334758356,-0.6262130036429705,0.6237229508932052,1.726992257716558,-1.067152657562653,-0.12579564657099596,2.8110870255365183,-0.9380339420413536,0.8839674011608057,-0.6286460047813323,0.6638346855792172,-2.7213567784636457,-0.9619609817992185,-0.29105949536412323,0
-0.1311741934814773,-0.136493725078489,-1.300840445598752,0.8307149205115832,0.3378396114256763,0.6715439683936052,-4.139256455301829,-2.467937420861834,-0.34721450588624636,-0.4154915190022806,-1.0012130321649653,2.7008946395329443,-1.5925938094741778,2.4543295748471787,0.6564887161743088,-0.26653981130494164,-0.458382245072863,1.0309040967088292,-0.5758817314550859,-1.590706951407011,-1.499301778149748,-0.6410792937612346,-0.6852561872451206,-1.8148020305357884,2.301901310526069,0
-6.156394767689588e-05,-0.6411095008001085,-0.22629011556713222,0.5440811488654512,-0.5723462784349931,-0.010763432439358858,-0.10927357394712756,-1.1056590678833154,-1.268207294730516,-0.3573377121935525,-2.2959954373697546,1.2956160895475213,0.30120910530743356,0.14110634787999077,-1.2322225832322242,1.2098217838853094,0.5975309950853901,0.07646406131402375,-0.015536516608565143,-0.08686134778610677,-1.875105745952858,-1.1710428963885045,-1.319234991748594,0.46474609865681327,0.8969538852819177,0
0.14650976571098,-0.9289869989014945,1.7064134125250316,0.38337120652108436,0.006397337218386923,1.855884365106324,-0.6546330037330123,-0.04282685969797119,-0.7400570987201464,1.1826000270829153,-0.7346812167659459,-0.1053694112317123,-0.6321256950733595,1.6877235193262485,-0.2939779888220576,0.17786841576710322,-0.7579721816823758,0.5968906593263332,-2.1445880350905044,-0.9017455876139864,0.12640507193094586,0.5297616578575893,1.3473056211345882,-1.5853029091999402,-0.8745030641289846,0
-2.0218193487109657,1.986733198269901,-1.898751094059595,0.6110368112410077,0.46068913880237194,-2.524135312226024,-1.9063177985682076,-2.6300866668756693,-1.845454434614999,1.6338572856666842,2.0458322981436483,1.504620941482902,-0.3970836678373405,-0.07809384813314535,-1.4086377403627677,0.15190676755434895,0.6810181357083761,0.7599654143597305,-0.2009459015927814,-0.37997066567576976,1.3246948846466322,1.1584622931392068,-1.048324419318346,-1.7574496653864395,0.35941267950571043,0
-1.4363709598339147,-0.06946561544020463,0.013684810508657552,-0.5826698930073402,1.2561898993510938,1.1328303347096964,0.9195987616919544,-0.3556984671107972,-0.9916210153244877,1.7223200856996574,2.2137895218655967,-1.8920002587154308,1.589504281675689,-0.07232431900883918,1.1152579396758031,-0.5398748650301759,0.8824227060789498,0.0028776992655847877,-0.02748262108137549,0.1981875949349864,-0.7226012182255929,-1.9204318510278502,-2.547750556055354,-1.1045844441424086,-0.4946220268261406,0
0.4814849710578691,1.6381872838207698,-1.0971656507415857,-1.328442537839631,-1.0162995398644403,-1.6087157731706312,0.7383688570135677,-0.06898226474010108,-1.3669955938909857,-1.2001776128042583,1.8003762166640138,0.030501092809567754,-0.6986622937869511,-0.440585474760671,0.9300575723629996,0.44998871459170214,-0.6466902548090905,-0.12046795264516852,1.9605762665990278,0.5943631709199985,0.4689425793278333,0.0010079939689079387,1.929074919954806,-0.22535812696714053,-0.4973616064888726,1
0.5078107503264908,1.3427701734462167,0.18909809395084864,0.8007041505627419,-2.140952070762917,3.074408020262661,-2.7310241083122273,-1.4728954468947328,0.7403698447953069,-0.6586381459057893,-1.1010768243132971,-0.008199654877687956,0.21790546495920016,-1.614846147128124,-0.7335779485878812,-2.321668917082076,-1.8347197096313324,1.153397712316513,-0.8355654139712394,1.2056914711585545,0.768980796593112,-0.8494252680537109,1.1553906740233613,-0.6289710620418276,-1.006254523479645,0
0.5209512517922026,1.0511699487781487,0.7449178841682247,-0.14739125842223808,-0.4354621813129409,-0.3742375620012022,-2.086939337443157,0.8061647274576692,0.0680448941752963,1.0561385133959136,-0.2959806592433906,1.0892090457276156,2.820400361129113,-0.08718722092017939,1.451300564133284,1.2310400472480083,0.5042069150882214,0.5548845950110675,0.12283904926673045,1.6157919537218461,-0.951547638483613,-0.10637220897892963,-1.6132013522259325,-1.2883295572890332,-0.22539716867238657,0
-0.4024303634386046,0.24272744568182347,1.9433581546523664,-1.8928362738374822,1.1875815390610969,0.03832670440785316,0.03341947204975981,0.0422553017923879,1.0948302628111688,-0.8605364448415225,0.7574135902512216,2.1089856746350044,-1.797077093023258,0.034496116616845776,0.23365191702005833,0.9680922751314175,0.27866144834801,0.8300299903759054,0.6981068039559697,0.059683843474029,1.0725160724895062,-0.25232310872402247,0.39156491979928487,-0.16261444809299042,-1.5348938049624388,1
2.405756303219339,-0.6419841395177852,1.254422128118154,-0.8983541393117767,1.4330134364616065,0.8629948167969286,-2.0165324286419875,0.9877089935993364,2.451624855872046,-1.0860188865020277,-1.5559946393242903,-3.0403778218024047,-1.0789404721955433,-0.10972870613028185,-0.9203601107865045,-0.298294215665345,-1.1107448610422443,0.26090276825736186,0.42577758383597203,1.1393350340458221,0.7403815512247186,-0.3450937034371525,-0.9284606998921189,-0.5024383000893315,0.21415113824796295,1
-0.021800781372676825,-0.9606574872480647,0.6556794536636974,0.3003060435730402,-1.007024632671305,1.0525860137497283,-0.005582718590852687,-2.183729088557278,1.2210170436238663,1.48987983946521,-0.8018243060688511,-1.3581388320502272,2.053514224133679,-1.267994934675153,-0.28851927691941504,2.480116575546668,-1.0450273130797025,1.698417348651965,-0.9219575182355824,-0.7618395052734017,0.494383607474272,0.6515887003266363,-0.8399693926314312,-0.1748865001180137,-0.6499907350966787,1
0.9846959323602485,0.8360109458987528,-1.57422796726696,-1.395945469674437,1.2048176986369765,0.8853473945815982,0.3536468075529577,0.36029237370049627,2.0195328714731566,0.25597749944207504,-0.646029831215465,-0.4638080360110734,-2.019610105952151,1.8685448238487339,-1.0657385641701262,0.8666547126114128,-1.6504240325554371,-1.8199290903863803,0.29712805656263525,-3.9485267227800107,0.31776602025206757,0.9207312055021832,0.8809089367108744,2.9503959570723532,1.4450445195326975,1
-0.5047312068807456,1.3399780814206117,0.973910643933644,-0.2575777940605952,-1.4105755742918435,2.352764368817958,-2.1523073161153428,-1.7132596760136494,0.11321194523426825,1.2612630374712208,-0.6914651189827097,1.7008133638445961,1.5664867964035254,-1.1029569198525857,-0.13409072032248542,-0.4021718843064618,0.7373196106967301,0.07787437056129409,-0.6935375113803743,1.0230450921393546,-0.17488671170610381,0.10096150498295409,-2.5260791012064407,-1.8097748371673932,0.4253652160392858,0
0.9617766565164263,0.2681162039925089,1.1255390298249912,0.21758138973339927,-0.3454472748126964,0.015890012273330534,1.2755380363229791,-1.3500963226380087,2.208561984264294,1.063886758693655,-0.8541597955580836,0.4390637663989915,-0.07473974088591895,1.132921691684738,-2.422554704356473,-0.6607739099887372,-0.3155135083972054,-2.1904035024332034,-0.8317891926395509,0.37563277717105614,0.30982169174175034,-1.6485791445753377,1.4392456204452238,-0.25777936595739753,2.3160426670383405,1
0.11196765135536438,-0.49912729113972154,2.5136149355347563,2.7077190439869225,0.6188453640499848,1.0118285269223335,0.3152823977190541,1.2016456010475605,-0.37796347395257784,0.0185705049376505,-1.5626545630823694,-0.6768717398947539,-0.40071985943935545,1.9321336497328117,0.17875095696618193,-1.486823576192082,0.691145999093955,0.5567595878744889,-1.9813352835060463,2.333552472292615,0.04984258905388164,-0.4563943740682478,0.5011146715353704,0.7272810403884412,0.6822192322641685,1
-0.580905724278119,0.299161224650886,1.5825943903130413,-0.16414003250016873,-2.6294358992848164,-1.0570067865467074,-1.7366363207577398,-1.342177127415876,0.013743367848435661,0.1793675881288897,-1.8514671341863118,-0.04932646441835686,2.3758793229540225,-0.4050326646022457,-2.3440488308349035,1.1104473112248203,-0.3439210138070209,0.8824111827890848,0.8137320040267364,1.730889622173582,0.7730523626003962,0.7919905487581367,-1.4482727518992058,-0.07686062487881878,-0.29760575203058165,0
1.6080763465568757,-0.11619277464727551,-0.6149367831384468,-1.8554396961018564,-1.4575768684982562,-0.500771649949456,-1.4926232111721904,-0.26175185729737754,0.08136231762672774,-1.5733880466240353,0.6715571151606793,-0.5308893824281362,3.3559353467795994,-0.4160788827727046,-0.6287578815534505,1.742684799336648,1.143600450198781,-3.1777769747686317,0.9398806961776575,-0.2591585088499462,1.0576979780724531,-0.39524273377009955,0.8019546951851404,1.1563730111654142,1.817257003337439,1
-1.8544721399924278,0.728556655024834,0.7205302479449909,0.9068953609389871,0.11181406156772278,-2.9491593391977124,0.8913396217797082,-3.0048430557340535,-1.043733315815512,-0.4333753137929897,-0.09016959841048955,3.118476852570656,1.9220264280198123,-0.8176258811741486,0.6725794486339424,-0.15245882088959853,0.30858752466736594,-0.06454662789859278,0.12853170204352882,0.03908505964780129,-0.5884097911575462,-0.9613166688903565,-0.5349904132971032,1.1903212730251922,0.8618375045757874,1
0.8563904794723606,-0.12314794594336198,0.2864148247980164,-2.0822509268047193,-0.5081142393132464,-1.2320946678275344,-1.1421910598589877,1.9182745776156835,-2.3326906951167645,0.35002785612009857,-0.6099548024377763,-1.788366762196688,-0.2916832390569306,-2.9374991303797673,1.8446735840902717,1.591324963994334,0.27542815258005704,-2.4001948998754985,1.8557453947602245,0.17292945699537055,0.7688773238358472,1.4904353401978074,1.9567413022488989,1.670189458637044,1.828289564710667,1
0.4261192447838738,-0.16274293077554824,1.2499054003481445,0.1667940305466309,0.12283480179277206,-0.05658952468327244,0.4690663821038846,-2.153723698991276,0.12713557638276207,0.10280289581054658,0.5280439719032732,1.1038812531355515,0.003235135247390039,1.0486497677249629,-1.5479000868766668,-0.940883778428412,0.8230257582435807,1.1195494711725251,-1.4770161843054548,-2.213406078742981,-1.6160022137337444,0.42968633410860224,-0.39416016671415827,0.16392447065645216,1.0951609186949998,0
-2.312650519648207,-1.390957642933932,0.6775175642383597,-1.3826223306126335,1.3215204825423732,-0.42117189800818605,0.28821509432079506,3.6076847014454074,0.9409843063467845,0.350354654398843,0.6800870180588261,-0.3384680391100642,2.1765271796178096,-0.17061287903550776,-0.5944591565362446,-0.2505010286420739,0.8698669828180717,-0.8144512737387709,-1.7214876106175692,1.4622309395754018,0.6895694781073295,0.7140073011100417,-2.038496397913216,-0.9193977871001852,-0.434246702708849,0
-1.4581438842288619,2.880832666210787,-0.6004581787876049,0.9770032262900025,0.5936584508150611,-0.17736710702831016,-0.42617037371170496,-0.16759994764117153,0.35187540398262906,-0.34309779656039274,-0.08141530325385116,0.2571441828801849,-0.08119197454103919,1.4050888148912004,-0.8735211035618649,0.8071532272654545,-1.44814028117137,-0.055543599086937956,-1.66067792664301,-1.3682793583895974,1.3140615305237684,-1.0683467776415858,-0.30706495634497344,-0.44244160460488724,1.2982398637338752,1
-1.109688984201357,-1.0376151205575548,-1.2139747667003733,-0.22276656293097113,-2.163544949251274,-3.7748265110124497,1.2002099237536796,0.20996148338006237,0.4608002000358198,0.3749913619603118,1.408294394602984,1.3147327314520414,1.9170517350258043,-0.16042426481977617,-0.16956496566952028,-0.7477426350075104,0.13580769927061068,2.665338711340836,0.4826204721586663,-0.25536613485637316,-1.8490178906492207,1.3763022290830096,1.7851872646279368,1.339959240230757,1.5256148794160809,1
2.353348466087117,0.05659897498019445,-1.0318568240206338,1.0345935459435491,-1.6727556959297356,-0.28342344295703437,-0.15184254104153622,1.398938462164803,-2.5548191427823967,1.0422326990715294,1.4530927678214995,-0.8813161651460232,1.5570703610505456,0.20181118686984822,0.2096557572236163,0.43838261442502213,1.5312403142515065,-0.6623950135200435,-0.7199337033922226,0.9736084981817432,0.7308427382988603,2.03568119705816,0.8967444576895626,0.3412771876537532,-0.12098612258399499,0
2.0394966425227232,-0.518905417937259,1.1650450167219446,0.13292413664161917,-1.2857790359378924,1.1857047892343955,-0.8523693251809393,-1.5371139700249747,1.870345562846845,0.9486652145853971,-1.0455034591283194,0.11604402256626847,0.16386522040927998,1.0312142328463043,-0.40071727885418884,0.6575042740347652,-0.7215835779905599,0.06962203179809529,1.1589816428843958,-0.45657824908021816,-0.47414565831198463,-0.7191197118028181,-1.6644407200303841,0.2935433981058465,-0.47960792191962553,1
1.32546432303517,2.4565657870856707,-1.2542339148392871,-0.42836900611059564,0.7488632542155309,0.21593301849332175,-1.7639993730901409,-0.7615779648250423,-0.035702363206850996,-3.5445633412229895,-0.3920055269958033,-0.8461097628311319,-2.267666617839736,-0.2050804857075813,-0.29730853769350407,0.5070528062040424,-1.954233046751539,-0.5696215265715996,0.47581958716373257,0.2234939630841558,1.0711428980547928,-0.20280235329660656,0.5322024951116142,0.9503610915120161,1.4913125921742394,1
0.9560245965952499,-1.0976788202574441,0.35350748651513,2.02325184362588,2.0998144110098464,-0.19665070658384606,1.4691258580295368,0.7010334339663202,0.13408472542083305,-0.822757134506339,1.4061987227258008,-0.6521906524934585,0.02326270808530667,-0.6762720832193256,2.169982182013811,-1.3201079424322995,2.4154589204898764,-2.136680011222591,3.3920073785754985,2.4751597768763367,1.216906627120778,-0.12082921954241088,0.6861584214999499,-0.076609870158143,-1.2276469035100124,0
-0.738922569480087,-0.11756545654237371,-0.9852212824500501,0.39396379486298394,0.07907619620030792,-0.8813655673881121,1.5306554976945201,2.8388025020590835,-0.20088791227973427,-0.24481057216419105,-2.4843076148736696,-2.3340489368846176,0.5269413325385195,0.216083323589369,-1.2657874731894008,-0.4719655217532438,-0.5309970480445121,0.5181081401342759,0.6794912831890568,2.9692155612570703,-0.15826165644531298,-0.09098851422336718,1.3195331412377784,-2.3242931977364925,-2.239233496043348,1
-1.0770202752015017,0.5689731807454257,2.5609775323656554,-0.3414247835009232,-0.12439812705880327,-0.06606976221276206,0.4566411172297519,-0.7099452490173797,0.8693863488432693,-1.4700635105764013,-0.4988769071084874,0.27445332224776886,-1.163097416857799,-0.9758351234378889,-1.2628808318587028,-1.1379413011848025,0.11733570973031415,-1.8523569828913427,-1.412116160370245,-2.110609847468402,-1.721130367625408,-1.1672128942879034,0.3093666510820056,-1.0575931785135992,0.0645875933640524,1
-1.8637912900033378,-0.43984824835693453,-1.9610720292048391,-0.5856541734525008,-0.07727636047203795,1.2937825405031438,-1.049725217994902,0.26373164218790923,1.9757153472297477,-0.5363143243167032,0.7672861200855878,0.8908178539018435,-0.498500396851824,0.6996174271927383,0.2714616561252955,0.7256307524922534,1.0522448766282653,0.2544512797411844,1.5562758047064622,1.5536178787088457,1.4726511900766281,0.8289818123914553,0.41390025671494657,-3.043120296451627,-0.8830966451483363,0
1.8623681983939369,-1.2648167306577762,0.16606526143011324,0.2362594821375339,0.9176313903160285,0.3710966153686728,-0.3870436218432525,1.7864750190799854,1.808933278526275,-0.6803022015834371,-2.2999137108204977,-0.7508943008429728,-1.7033351545940376,2.5013307122796657,2.156885548963203,-0.38372342512103597,-1.2873928980311053,-0.9355056496944973,0.06854585920982592,-0.5576334552312395,-1.7262678793138377,-0.24545910417114714,3.467499533413668,0.49816340854033786,0.24123573262003276,0
0.08978005111496073,0.48320521157116436,-2.269744409466988,-0.45518355633398777,1.170898474981643,0.2712631170015607,0.6343920087030102,-1.4564824090830355,-0.7863735017304767,0.863641335626579,-1.348840293944555,0.2935186872083168,0.25603669492989417,1.205847166295031,-1.0601050808102557,0.5904804864239004,-0.5220732152845724,-0.286433288353212,1.7459201249362695,0.2414906783649219,0.05060482742305661,1.5677814068618412,-1.2080704940540794,0.294893895291939,-0.9681016954211455,1
-1.6953704521245747,-0.3256705702934135,-1.9291802497572867,-0.10059836144904843,-0.7308743374584293,-1.4718105690451506,-0.10816071032363964,1.5873937965842537,0.5778301368637552,1.2939452511327618,1.5765139204934842,-2.5155122392426197,0.7814483543288222,-0.207465683416194,0.7044615448805981,0.47772327442142115,1.6350651645101837,-2.296836943056256,1.1758463195099327,0.8679955486726499,3.598655780245896,1.7160815749184146,0.6794798536166697,0.48539023498120476,1.068964272608386,1
-0.05236459174228775,0.9949192737106709,0.781013759008538,0.4669817006787458,0.582683070794053,-0.7742572097556927,0.3262996334593591,0.22981413380979876,-1.8559215698747287,0.9500953366095816,1.2887120806887737,0.26127346233558163,-0.4137363351177834,0.3485435831030093,-1.7436081080812245,-0.5884555957464743,0.7741980129534479,1.312353356756924,2.027075552332035,-0.2897785050044514,-0.3813859697915598,-0.940226027147478,0.7360583654018489,1.5638871528729608,2.493896261610662,1
-1.2683359881700582,-1.010699241843001,-0.5696015953284167,-1.1732381729637764,-0.2031091146517024,-2.4425692665102376,-0.19309355868678335,1.0495793930107102,-0.3212092359210019,0.7985849139331992,0.2016860211426041,0.4692462413255841,0.7892984523501807,-0.7923579445199104,-0.8762595601398867,-0.7884466209930482,-0.386742270050404,0.7973934978717983,0.09069250363705561,2.1508780572820174,1.2318998928194387,-3.50534407267711,-1.2200317337353446,-1.1892194519913217,1.187441058097103,0
-0.29961619380301074,-1.176749649406528,-1.669604750774113,2.2179925570743197,-1.1413854394032057,0.7607180512734133,-1.224038053765254,-1.0281700059611791,2.2695317263322545,0.22889213391273217,1.54319590209048,0.26320347260432986,-0.3519567374210116,0.11492257365053216,-0.6522118187326411,-0.9240942783122433,-0.4727325734204389,0.8754825611392489,0.40507240857416704,-0.34152722533668234,0.18057798323289592,-0.5839621506030263,-1.2279577939758162,0.07626489155506322,-0.06751653292295623,0
-1.286720776026744,0.3838995730492203,1.817219250905491,0.5331471286199102,-1.7000427374561262,1.4713029900866217,-0.5192742327182074,-0.9955249559980809,-0.7166019581806793,1.5825302074050176,-1.6102558056581049,-0.5489145651724575,-0.2532634737877061,-0.7143898237314873,-0.6871516070738082,0.30343160891038745,-0.18402655043841426,0.40542748056313993,-1.9281032134587428,-0.0074834143855059265,-0.5646947942255155,-0.7734718197370037,-0.6244430943459591,0.9188968158303392,1.7418596254959293,0
2.5447872175269386,-0.04391520925313602,0.22414585044013058,1.6750603369989536,-0.10663688815588712,0.8152021480843873,0.1974872260676941,0.8599053541860029,-0.43854830806095313,-0.20956730016073583,-0.45805533090562084,-2.0040837049062272,-0.31192263257317776,1.449513218053292,1.5908667771543672,-0.4762776961289312,-0.29290350061532666,1.4508799488328825,-0.067396700117972,-3.0306091126389645,-1.1386263388079545,-0.05004626422198413,0.8297090799491494,-0.05800816777827453,-0.7728803721177984,1
-0.7992674676300597,-0.7119582689537813,0.19398091694663927,2.886842183448071,-2.2706883691232385,-0.5740277666663601,-0.45047472012540324,1.6358513052504815,-0.9166345803222505,1.0711133565113933,-1.4063682818951146,-1.1378715222758484,1.0310741218917316,0.7625504831160874,-1.2087278572925864,-2.5725778247665088,0.5234893233603153,1.755870567623172,-1.210483509733855,0.07384485983557432,-0.7352280841295334,-0.435285887699406,-0.9348552106113481,-0.11345812506139613,-0.7008129832560228,0
0.25739879804077864,0.7703256246053917,0.4012978209273098,-1.040541089597761,-2.4528493296435223,-0.5366939321903101,2.163009727684013,0.5652410545033276,-1.4805087032898474,-0.8619322617243224,0.44209964288645187,-1.2387463440873383,0.3803594988226757,1.2404128931639227,-1.0990412491759738,-0.4949905102417054,-1.0378807685518974,-0.9324559094297493,-0.8774041665392117,0.7250334896883003,-0.32873205669289984,-1.8431941019277611,1.0176279147500165,-1.3110981078946147,0.9420922679422209,1
0.8796568790895367,0.8666760932890737,1.1195541590535045,-0.03543970702336027,1.9754181036893355,0.5301996775327191,2.2902732119880675,-1.0834815214900404,1.0349198559748227,0.15917980267025822,1.3362965603631878,-0.5240890985427578,1.0104070364704447,0.4340459288753121,-0.1339242448256821,0.5692225078745826,-1.150387688856128,0.38317734261714786,0.7622998196771538,-0.3338629831452732,1.3921582035854783,0.777426761576872,0.31949988503519294,1.8967415057172987,-1.3082352287896213,0
0.6769318941658566,-1.2956295164106268,-0.7982734368846194,-1.0192503581976469,2.2963608484566,1.4965453734106686,-2.2844873581899448,0.8824987853704134,-0.8235026836154474,1.6404407469319386,-0.7039014739340008,0.24531988093294838,-0.7981197556249418,-0.7980170216346346,1.115282493614466,0.1469260564795786,-1.3391265470081448,-2.265134737319543,-0.5193456700880745,1.2019191252162607,-2.574182854499815,0.06769577276620128,2.2776864895902604,-1.4649206015763006,-0.12619114461119135,0
-1.707961544899197,1.6944434295581385,-2.5022514668920444,-0.8781627834438477,-1.7564631066394694,-0.7200598064148097,0.5552294495032122,0.33664062521571647,-2.2463309408138636,0.5792972794708579,0.9426139762467213,1.8931855504406752,1.153243529513525,-0.10228586368460624,-0.7707644152072399,-1.7580227360933927,2.772146974296947,0.037268964612397815,0.460145514911693,-0.890295684256496,-0.2555575395264438,0.24745176719093295,-0.9760251995548186,1.9839503544416297,1.6187449297599645,0
0.8973126480803425,0.5035638730304861,0.220992302463437,1.2219340403107584,-2.239820367675786,0.8363222031325275,1.494890983422399,-2.8898986035571923,-1.1435140500924863,-2.32366695551441,1.4255263833150154,1.1256673864707467,1.6569513757288528,-2.2511430983268435,-2.6855665247521783,-1.3134726967289485,-0.04850028539676765,1.2750327595040316,0.5136019868213982,-0.5005284385885088,0.6498577758386905,-0.48653123399938447,0.3795510552268643,0.5502313718128182,-0.34766967693855777,1
0.3419672489750297,1.6103322052341538,0.06166879417811929,0.8683572727956963,1.0906395618981586,0.47318419672488465,-0.009351987632493453,0.8174761808019463,0.33980698781203333,0.32227848036957873,0.6827325623281089,-0.17244759901221635,-1.2097343433195802,0.24132781007287873,2.261582317944073,-0.9641651286095486,-0.8791449401982824,-0.5750060890215831,0.4250165835230778,-0.5050235614650789,-1.9548370442814236,0.5328422216165773,0.40760184885331563,0.9977079586496185,0.603433498648512,1
-0.48422506986990177,-1.3595617434749179,0.9044945817550242,0.17444301430534104,-1.9202536711612506,0.6576802899491493,-0.6003800218871603,0.9117329926564148,0.26678309205664286,0.7911647639928657,2.2771611204477034,0.30315645778301276,0.022714892233402395,0.4801437956367743,0.16802399375995755,-1.2284545649474305,-0.9803896212624778,0.7790847036554868,0.2971477178487081,2.014859360439115,-0.3903386615465797,-1.506753177258323,-1.7942930877363799,-0.9030222767506254,-0.49154387083587153,0
-0.1738429350682651,-0.20509990725755325,0.9833567225500063,-0.017295342422076754,0.06587078657140388,-0.3501987592337274,-0.934679419167018,0.8271874901926364,-1.0910107801331597,0.4269177820624771,-0.6320587108618282,0.019431003610556608,-1.2225768593274076,0.7208032013472171,2.5452616866386553,0.8122120708560296,-0.34885706396051347,-1.8338845049436898,2.0516055655296586,2.5844818584392018,-0.12056116059704053,0.8856395427362646,1.8973063231894858,-0.07478621818669334,0.5372984635837132,1
0.18080584099624186,1.8939256189155016,-0.8001868637778475,-0.06384643574462523,-1.515171858197335,-0.9405508817187763,0.8259001729425535,0.7982746629351294,0.7901602737930324,-0.3263750207931292,0.16161356147223377,-1.5600233537059842,-1.086176648150217,0.46502755025915415,2.484870480445691,0.9806400148444347,-2.0887055351952837,0.030950918800487726,0.815750311942554,-0.39550575665596427,0.023239981437975205,1.1686211561826787,1.0140768056054483,0.5761061775037817,0.35165756958859057,1
-0.9254736064822566,-0.00854409225998809,2.1802056756534087,1.8403859812645025,0.3700752394831322,1.2988985360114018,0.27405829795752745,0.6762669103440462,-0.5979513901052419,1.7005729012282695,-1.562212165597371,-0.11150578667251955,0.974670985874027,-0.09758988729294177,-0.7800557403464167,-1.593441980089644,-0.7786356420766628,0.5340018652300463,-1.8912142577112199,-1.251928431135244,-0.8901216356331949,-1.0626047358712363,-0.36632425714248473,0.2379346877151428,-0.19343001428714668,0
-1.2552420284218835,0.2456684326927473,-0.42030170631156594,0.7695621050072073,1.3316083973942305,-0.7363623482253996,-1.9220734155438663,-1.463652251435895,1.2264919777397785,0.31482195014884584,0.38023624314873006,1.3349882943501945,0.6990980785799764,-1.8479046804895107,-0.872290105747737,-0.30681761585517664,0.029666779643139546,1.4057819174274289,-2.7442770998722565,-1.77211436406975,-1.0378780589874101,-0.3759944090263637,0.0294151711654832,-1.4359408634765711,-1.121988273104968,0
1.7060017101813376,1.6233373151489663,-0.9421204706169807,0.26051794925248883,-1.131905374226526,-0.8876021037610529,0.7735041303777005,1.0791076069253966,-2.888293720108826,0.537419287027527,0.1225247005287311,0.6186349873756416,0.8535725848431723,-0.11213212315904983,0.43500185286861437,2.070324166968732,-0.051752147179301655,0.8650294239058453,1.3697500324646494,-0.09323104757424655,0.8634806599889883,2.438942562589885,2.6797982207509095,0.7410328919217946,0.11664228592073939,1
0.7610777436131254,0.12883633552017998,-0.9978653249222154,0.5297066357989129,0.18928569811530382,1.4361993418133556,-0.8131333823695125,0.14432817988542113,0.5878566021312444,-1.556711833696279,0.5067758953513108,1.3422990830188817,-0.8554736993989295,2.2054329708801563,0.6599457943902833,-1.3642727031707715,1.0030812160738147,-1.0263380916629634,-1.3513435358360595,-0.8609183103794557,-0.02256374677020634,1.1496777745625193,1.8033161379293023,0.2411887023984452,0.7927783092113184,1
-0.43939356059140233,-2.2457119328266253,1.4881188249285953,-0.6306630199165616,2.9329989343559353,2.0082290601973094,-2.856549936126534,-0.6187133793281384,0.7058803693876063,-0.16242341840312038,-2.6880401444282933,-0.6732500221694866,-1.0403764324263058,-0.43955025866492536,0.7608368079761171,-0.537213400011942,1.5384091293749322,-0.7671811489287703,-0.052474628916115956,-0.6262784560611055,-1.633708982024976,-1.6777585180630523,1.1245746130735481,-0.26559634448895575,-0.5575705182098386,0
-0.6335042232939357,2.537025638463429,0.9569790272960547,0.1525540329182712,1.1835677988069615,-0.24002482545992682,0.3970162683365225,0.42237721042747134,0.6512734093995501,-1.024891621028293,-1.4489762754052082,-1.3108334105527009,-0.24074036657169082,0.5107859536644539,0.3294045548320941,1.6972839445481234,-0.7388291351665006,-1.8366704047239577,2.6696758856614418,0.12480844647801823,-0.9819918094137714,-0.33909248476936016,1.917742284970604,-0.35127133047894954,0.21122981092013518,0
-1.1561111998677873,-1.7039896570921285,-0.1350643823689737,0.6100279513775057,-0.415531805096619,-0.3620718647427431,-0.8084730876880962,-0.9240583082717448,-1.4616120485033688,2.2061436729482446,0.6571611765276432,2.113744226015593,0.39003746772370473,-0.3267163232692193,-0.7262619723240045,1.1058821086148727,-0.9565850418823081,1.5422248499777194,-3.1076195626228227,0.3336455660941879,-0.8401000663642806,-2.0873121531157395,-1.2799229010126494,-0.3312681783967425,-1.4472634069032404,1
2.1641486297674306,-1.0443165219027863,0.3793334794230645,0.5655304133669792,2.312073191076184,-2.7220868501304616,-1.0838190900746283,-0.5124747334414625,0.6747562096414695,-0.3998092790941761,1.5537121224803025,-0.12413335772339762,-0.32223938385712614,0.36487752102415516,0.9501138026728253,2.206834987101516,0.1395894172750819,-1.639139527834124,0.661134985226115,-2.280608525927754,1.5178121004861742,1.2984600824612946,0.23960413552342663,-0.5977629887483721,-1.703522771687996,1
1.5646733048031345,0.49172545547189794,-1.376545718995708,2.175788670054598,-1.0905337026315036,-0.5047483966599879,0.686329128056681,0.6188118708518708,3.019244851641056,1.9815738304510737,1.6593569679071956,0.9949976474228814,0.20339488668927658,-1.495357771331976,-0.654817998212293,1.6231689830969485,-0.6958087176418468,1.0563617559304834,-0.0007946668959342151,0.8213593803819458,-0.6826515863270523,-1.7686644840151229,-0.6223676309544951,-1.4947317759005179,-0.33422316765496873,0
-2.4013348565883046,-1.6328931392425585,-1.2886995731711568,-0.42961992950192895,-0.4718126593108829,-1.768006054298334,0.14867263577000123,0.38167202257875,-1.5027241650990275,-1.2648492505593176,0.6189695948172833,0.3756637118950896,0.22836737533031592,-1.6221125856830347,0.1387302711796743,-0.13417026026220916,1.790909672594429,1.79782904081194,0.020807094105515123,1.0112461754512987,0.41150254321589513,-2.3633141023821667,1.95596797739261,0.7280521191869,-1.7465972515436554,0
-0.5154651240746673,0.27362356661200127,-2.3531858745938927,1.6225517715807545,-0.35900813693874717,-0.177116919299396,0.643067458522591,-0.3351846939222791,-0.9076976658178609,-0.5827350644188788,0.6006358723073919,-0.5317886084614389,0.17982300122007466,0.6636158414096729,-1.2918215619538618,1.4437852964066362,0.3021755205322218,-0.7709014277901856,0.14183120592872228,-2.1811815107625674,0.8445339169383365,1.3386818175588895,-1.232929571387429,0.3188068451456384,-0.2946323367799568,1
-0.17070618848611585,-0.841868697778221,-0.3687132143017537,-1.8135787107539318,1.3276974714526106,-0.23543165916591646,0.09370279783611607,0.5599484169132063,0.6572553804942549,0.7286751544130855,0.16245466664130984,-2.3584793180139845,0.364678309481059,-0.7507319534245028,-0.17705916574695535,0.17563406273075954,-0.5196402066648225,-1.0528457142536913,3.0948691967238897,-0.0740874582187303,0.9892471744961793,-0.4909327608377202,-0.9219318614437364,-1.2954679056198093,-0.7827705839411323,0
0.05960730299350847,1.0541555249535404,-1.911448689403315,-0.3268825940880828,-0.6366925063959529,0.37003337671389896,-0.18245865319948834,0.556154710443648,-0.1524522117196747,-0.9344728983550543,0.09083102832700055,2.2057549387673165,-0.29225225982485387,-0.2934406226893911,0.8173848855279269,0.484311053317228,-1.0631869362135933,-1.945646557486612,0.5774835742156039,-2.0995198805936397,1.5493956299513079,-2.0100834625587494,2.5006421613748797,0.4274602164177168,1.1203581489242413,1
-0.30948968074846644,-1.7585784420194703,-0.39566395267168875,-1.9384747190139164,0.4754689800855829,1.0749896416855367,-0.18127494280431455,1.61344570004039,1.1519298168156098,0.027665578403239605,1.1603429897444408,-2.052121287261611,-1.358834964378693,2.3092042397812738,-2.282592976515095,-0.7606216913738485,-0.8930843441303601,-1.149765720936923,0.928933282054716,0.46144758678011394,0.5460936001052723,0.4507508014236962,-0.2736972459864217,-1.8151268155125244,0.01076372378971674,0
2.324057493140195,1.1146154367311965,1.3649353818996088,-0.5471921048863795,1.8668031926390385,-0.025849346747992774,-1.7471709381003004,3.0058293725881438,0.4473916938127571,-0.660736395448463,0.9076311274011937,-0.35117972656614305,-0.9598613223403072,2.417910440058118,-0.04792054935462742,0.5318896902212451,-0.25877166299423504,1.7506021514743717,1.0859521706834558,-0.2964768030857181,0.11375603987218613,-0.7348918379634176,-0.9557410587042497,-0.6285495489273579,1.6857468149549248,0
-0.680806499249462,-0.5837778234798339,1.8322939417132775,-2.711186079064619,0.11145058079518477,0.9653173427926917,0.8364563542674026,0.43911274429939756,0.6112699402328133,-2.0490173868177024,-0.8116615793788706,-1.6868996233600488,-0.8650841939457535,1.1950791029391266,0.3719137405411882,0.8876084019235067,-0.33532681183893565,1.097098477236631,0.7441628766680456,-0.644191685891642,-0.7295727596077068,-0.9041273558538009,0.6877389913700737,-0.10693847802737899,3.1725410487193715,1
-1.165740301250685,-0.8251428738365785,1.484476994871878,3.3561026090585804,0.8008704882770269,-1.3460591400960704,0.037313909991945934,-1.3881531932637925,-3.0894581064515068,1.243700355250823,-1.6014235760341167,1.2233215789986036,-0.36379276771659164,-0.8183579566473026,-1.8390472667013247,-1.3417583930214276,-1.3306533463778831,0.48395997804475693,-0.24465377365530883,0.33205196000255316,-2.7240639549020504,0.4694287473376019,0.21372453790516366,-1.4641010757305792,0.04200923039303461,0
-0.652132507726855,-0.23223632438362907,0.758981839448409,-0.7045129215913013,-1.1114266809066478,1.2343690538498662,-0.5103302860307364,1.2148957598558405,-0.14775477890937988,0.31769126528022223,0.7791659940527258,-3.3815211862287318,-0.03515717308686872,0.8505975676268147,0.49681363563857944,-0.352448371043088,0.20920204523588815,0.6876246118547277,0.47124931183859553,-1.0068206797143773,-1.550714898225776,2.5100221737367128,-2.004159820244742,-0.4261854069803016,-0.619812546925558,0
-0.09079947184914648,-1.9174649017162504,-0.5344981818964331,-0.9317012183219973,-0.3012600485782877,-0.522901938686569,0.4835493337070496,1.905725882444559,0.7612177534198785,0.26391963821034237,-0.4392832402417265,0.5249673782201669,1.3074384923227462,0.06800743808699802,-1.844491253737457,1.8492080015669263,0.8002474210002078,-2.2220596592561552,0.6036343225797651,-0.7710109747064005,-0.3574545366312055,1.9910387914085586,0.003216775629413249,1.7120049496210445,-0.9201295106950513,1
-0.22797923676641707,-0.8643431253479279,1.3131661641954444,-1.862003450123803,0.34698561369182335,-1.5713538584228575,-1.174054065123359,1.4301033251455224,-1.133373997688802,0.16900298083563603,0.21837415125407705,-0.6691084394774002,-0.4054858286482289,0.23595673896169586,-0.5551418784551565,-1.7609484243996265,-0.6148862194758931,1.0474793789920698,2.5345585642486257,0.695943387344207,0.32392959476596755,-0.9422004802834142,-2.182830103079944,-0.7329431435870284,-0.6730807660392469,0
1.8013088121492684,0.19248518044980834,0.037024737495523666,-0.3211850408342418,-1.636582905029794,-0.8211437952149367,-0.13302178438358497,2.084252868790227,2.5312771672305647,0.8562504206547883,-0.7798941007831194,-2.434901067285889,-1.124210848995633,3.0895718253776856,0.11934002642148,-0.26876228891682447,-0.1420093336284146,0.6558880778306361,-0.9600073968072247,0.7416633649150052,-0.2075653705031159,0.6179306013640287,1.4556094078881563,-0.1257564086681776,-1.880089157761183,1
1.1553711806870732,0.545387471096043,-0.352689052693965,1.5277632515249306,-0.3162973128945758,-1.1474774831026435,1.790701353584679,-1.2915800643329118,-1.0157561582747432,1.2214213115585761,-1.2839689305727204,1.751503255857061,-0.21539635806883317,-0.09018917113032934,-1.1027981653893906,-2.1962257680286736,-0.32590027149783557,-1.5510839640122605,0.47558955691594607,-3.8940832064065956,-1.052345934633787,0.3148784431537993,-2.4728000387408384,-0.02330140376979728,0.6545440764822286,1
1.0384565263628032,-0.30560986407912905,-1.3663116256902876,-0.6413067275997272,2.180340771724243,0.7601569338661418,-0.13079579566550556,0.6015781464773273,-0.07720898917689777,0.2358034830316187,-0.7781752465361222,0.20081265540341342,-1.8434782247738744,0.02614405540508022,0.39505620590955093,1.1886785775983304,0.5103001138314448,-1.3618025182966416,0.7969807511080853,-0.4684426804131906,1.0283375588132555,0.24224800530886903,0.5567021437566378,1.090959313527161,0.9099641968015322,1
2.366431691665764,0.7939152765754892,-1.896954153148966,-2.6319407118098836,-1.1770101618784825,-0.2625873412315721,1.040590028443328,1.2424711469359,-1.8788497718130603,-0.7964726729162793,1.3081394915789961,-1.514384688096413,-0.5618291589778825,1.021209913820578,0.7674133773715917,1.0531387134564223,-1.2208272784195784,0.21613700951219028,1.4963650705888538,-0.3663097528971516,0.3805323153580484,0.8294609804610491,1.3476447327299903,1.9922292582058077,-2.1235971896673904,1
-0.2275836373896511,-0.5710451424209984,1.960992913671234,0.8747011785070575,-1.551757595836579,1.3297328768636978,1.8355845227379923,-1.3688740041336411,0.8375217428882121,-0.14895348212463166,1.8265145087430168,0.1227042212293055,-0.1556987222918241,0.6553541524316637,-0.31562595522450676,1.349815527283785,-0.710002321840886,0.34277701466603994,-0.8163980629678144,-0.1571813302940912,-0.35963285022366376,-0.9809029952271198,-0.9958238122040147,-0.4428083079705095,0.2198611757264719,1
-2.0411262210596917,1.2120753516374547,0.4308795442888842,-0.41703926338248165,-1.138774489894081,-0.6222458999799034,2.179180797394108,-0.8304084073706943,-1.9132863925072876,0.09256349773288469,-0.6667049468691524,-1.2403157682393755,1.1893884562728942,0.7768483336622976,0.7099830525224977,0.258849256107046,0.5223854912223452,-0.27044301115680225,0.030602918723127148,0.05100990845309866,0.07574093555561234,1.4881318491117783,-0.7960515892813167,0.45202408063648225,-2.1772620683622748,0
-0.5702445610427749,0.3208012079320274,-0.3971082320997327,0.2884815445408594,-0.6339418551155609,-1.3803326345154185,-1.047329796611797,-0.4602301454219659,-0.13217191964300684,0.7376785134171776,-0.9735902606846559,-0.015993488898463082,1.2869826854782767,-1.9143177493845078,-0.9337607343023752,-1.267026803152989,1.4333509001770275,2.3098496658135796,-0.5053372829272496,1.5279847844728156,-1.0164977077310433,-1.5923895029722865,1.6291296901607866,-0.47546340109845775,-1.884445525972798,0
-0.6091001814458857,1.6519318697183398,-2.055851650227503,-0.5612559848246699,1.321744122116049,0.4882344616482929,-3.3116797793681525,1.3636429407175217,0.6127434947890508,-0.5300501724909021,-0.5298046666967333,-1.7316147690984187,2.223360083747341,0.2506161628830595,0.8787266242122117,1.9758178082305893,-2.1288408430854173,-1.4673860772573846,1.3987392708220034,0.30571035654571926,1.0229121722318935,1.1910860579922853,0.3297315250089895,1.4335189770017958,1.3501536302387689,1
-1.2378748017495416,0.15654236238464697,1.8686493765719812,1.265570613735054,-0.33609363442794293,-1.3396221617711774,2.271719702589886,-0.6534815333139137,-0.08354344103285435,1.750715923257263,-0.12911917401495643,1.449121012702967,0.43490595158689804,-0.3374372771788772,-0.3363625419134748,-1.4634804043144907,-0.3437219390763273,1.2510015708767876,-1.2717607288506536,-0.05927082341212629,-0.31576303032459757,0.944154786833942,-1.1854664098719851,-0.34380869262140323,1.3999200011210704,0
-0.4893318449744657,-0.012972261979055155,-0.0847706920246254,-2.0822667860444604,0.22924342400338732,0.7909201151766471,2.8480929472899037,0.6437555998010102,2.219935927641682,-1.4092073084352035,-0.45567913569032714,-0.1588337106189141,-1.0265227988474863,1.1969091053165024,1.0312813981548372,0.2043480095844683,-1.5984113599291925,0.8651511636029241,-1.7102168591873936,-1.3443342233872855,-0.37084686117518734,-0.4432235685996726,0.579805692779506,0.5820356457678413,0.07160121340253534,1
-0.41402426914901025,1.084751094827618,-1.1912581534161868,-0.6644360862823336,1.4123768178208858,1.223409597991456,0.06265673773558927,2.436592079797459,0.900536407338515,-0.4190553904818539,0.8052381939834761,-0.5345248181734159,-1.3409164182003876,1.7319531073843932,1.4329066101110897,1.8032653368646596,0.48422765526414413,1.4012158176488088,2.467447110720536,0.2918289482844487,0.32433929434784015,0.8761702660558955,0.10276183538658938,-0.9716679917785827,-0.24684145546006137,1
-0.9584822574511418,-0.18242745437883345,-0.9347218985303162,-0.8094342013138327,0.4245771383259203,0.628195078288041,-1.9678992530584123,1.0551523893346206,1.1767900607896629,1.176853459336833,-0.7596472527153194,0.6073323905570769,1.0372879937647472,-1.8143917376268008,1.0062637773884875,1.5340862363766932,1.6178606263686588,1.5930878286963004,1.9139386360012034,-0.01145463658814272,-1.7579784252384418,0.535257177892231,-0.8196513968155019,-0.48242187285922195,-2.7701681187871934,0
0.3179496810402389,-0.38253611841313573,-0.910503047880714,-1.561811779500615,-0.3855268405666494,-0.5690454678820369,2.085483307300798,-0.1494846570548731,0.500593601780567,0.4212222125379636,0.33235945152808616,-2.899975542346814,0.195628190572251,-1.0347670523175054,0.54942160929237,1.2947136005642805,0.367066840098943,-0.4638709969864516,-0.4494735243846778,-0.9403358857699978,3.270411833734701,0.8976796298014289,0.0011426357215967575,-0.8984621494901622,-2.7814980178911375,1
-1.4380841238840176,0.1287008243478126,0.692122814607571,1.6257994025845717,-1.4275076194322236,0.47154761905918574,-0.39246050203829363,-0.7558563080367441,-2.3556921245544267,0.5077123586486664,0.9826853041946257,-0.09037350261700894,0.9131543079127802,1.4019388859319217,-1.5971710525450222,-2.187766153008335,-0.22485848695148775,2.346514378601824,-1.2361480265556728,0.8764404968069478,0.4713160043862081,-2.2635150573153386,-0.1992812768338761,-0.2218790629606749,-0.03551827548254752,0
1.1321937475402264,0.9615496307663572,-1.999089533058414,-0.9588074663095887,-0.3892391072597543,-1.6071423707781152,-0.8575322589847156,-0.5508161024170481,0.49879616211058947,-0.909890015098933,-0.4565408927130936,0.09102453884507855,2.3414533665881763,-0.7349741453246439,0.0010379034526937225,0.6546650835322373,0.33179598916918496,0.35561561056605995,0.9453814412464822,0.02190681462500821,1.2246067406727386,2.0513360173873814,-0.3623758553786861,2.1812995075309196,0.7421801808531903,1
0.790274127709587,0.8501761629604616,0.6791217538304433,0.0999128705254263,0.20930009451542692,0.5286746468455537,0.7071232104921326,2.8530260532931537,-1.9163596731856396,0.12955460928220985,-0.5166183695626789,-0.842293108869377,-1.3381168536752224,2.4346583019305386,0.783380364821184,0.9071304057104327,0.0432098294211406,-0.894294731852129,1.3005281626268723,-0.6422465110941848,0.2855501214393217,-0.621303474062065,1.0258563154154985,1.7977262519540949,-0.5352755195851547,1
2.012091225692793,0.5347933263898473,-0.25366380442682923,0.09190878733754282,-1.532774797144334,1.056056980865564,-0.4946179675907114,-0.48210992292066623,2.3431992974753086,0.9627119717115373,-0.4475156082135384,0.3330564168827613,-2.0192431973505958,1.0235449564859473,0.49343546141673145,0.037664913413817835,-1.264430709625184,0.020967976723056114,-0.053408954478174675,0.30186494936703,-2.1619903001568828,1.3478546430899514,0.6313992005680875,-1.8925466129555744,1.358500641301331,0
-1.2128131006839782,-2.4129775110105394,1.2577125806379188,-0.12138492369658954,1.5386729879231975,-0.5190614394624254,1.3915059553421827,0.7980919928327279,-2.187422734299448,1.1981142939883922,-1.3180368846887351,1.267013295268796,2.3853096415835284,0.49082775080061525,-0.514753853142742,-1.1950356994047953,2.3268041775111246,1.2749393903001296,-1.140182529008949,0.6139018137375127,-0.17790047388204477,1.4067142206643988,-1.5406488842701505,-0.9860628580166235,-0.779798768662042,0
2.7266406812268125,1.9814259041518119,-0.042468649113852786,0.6188800542500147,-0.3126254890557081,-0.5480137115692452,2.3171015435585383,1.5039277171381316,0.8630925391861783,-0.4510368767691646,0.9886207386372768,-1.0076322805538886,-1.3274310137273877,2.296963550400429,-1.389389980077599,-0.4082176995100898,0.4085122463884472,-3.1099496735554393,0.9038810533340706,-1.164714896432214,-1.269288713125595,-0.5981603294786227,1.1469971269629653,-1.4687990725731352,1.1856146331513797,1
-1.4009318595984017,-0.4596908901231573,-0.3902644543901698,1.2112486953884427,0.9009255284231239,0.7455912745326873,-1.252441654987644,1.2511566512010697,0.797061443546738,1.190650504878612,-1.2642254001118818,0.01684845029556284,-2.77216540521788,1.6381613777929758,-0.937876827334442,0.8290050090329463,-1.2461983080001624,-1.5706968508305699,0.1805249435941173,0.2838970274991095,-2.840755760537017,-1.9021177062116386,-0.06258529735334052,0.39510158702689285,0.7224479995865581,1
0.42141656118429227,0.33590128222132787,0.22938079017278395,-0.6248795103624374,0.1978225713340579,-0.10883147576688998,2.7384197138360253,0.3288957968877277,-0.5907074573161304,1.222101220181837,0.2837064643749654,-2.354273103914787,0.0916214317571212,1.4297998020717677,0.817187259918847,-0.05926290211273348,-1.0043081463638415,0.052055630188219126,0.28054423075848844,-0.6816078260976239,-1.8448496682458053,0.41973791115484754,-1.325557613771977,2.540715679375066,0.5910268068186575,1
1.5165155351776844,-2.09510147586455,0.9012390980499914,-0.4561717513327955,0.831355631888286,0.4679147378013342,-1.2986766551924198,3.3183114062603734,-0.4485665546259793,1.80693533186988,-1.5114775359026227,-2.8953875530477773,2.224356193781132,0.8859351520633203,1.595031000963357,-0.21525066254086345,-2.166606473992671,0.22303250583576917,0.01980109750843373,2.1540355706270686,0.8203081677267444,0.10837583237648246,0.8287098659626346,-0.8897471233254088,-0.4199784143146841,1
0.6882302434029679,0.11365200930114314,1.1089026160334392,0.29106255751195553,1.7454162858481492,1.681291799017678,-1.4066945269588644,-0.018596691634982898,0.9891506898553206,1.385243273828732,-2.1607864469785105,-0.7904258325649599,-0.9172773329349324,1.3488009044604952,0.9773196848709296,-0.9639807520331382,-0.046687535291925264,-2.0693374795261583,1.240276754786327,0.3400996456859581,0.6082765633515996,-0.20220278360994315,1.1801284898119364,-1.1605185624095133,1.8362524885453646,1
0.7887318065422104,-1.3813867898459886,1.3202340087236126,1.4112614932779637,-2.0356067093285533,0.35385253190019994,-0.1635266968816805,1.3135704948947335,-0.15372226603016667,0.5261898885835958,-1.3767026525864456,1.0421775826533008,0.754260566595177,-0.9905717669681469,-1.4250754275146362,-1.5183971289413611,-1.3577788264437158,0.9727275010993479,-1.490022219068765,0.8888431615394252,-0.6707763315321602,0.7397067694032768,-0.9515238917932405,0.8926321334211523,0.2445532537633568,0
-0.5171458580507377,0.5484794868775107,0.8676999078718404,0.5368968580575784,0.2876942392579553,1.9956915352568294,1.657654469218955,-1.0120403082276261,2.276460787031446,0.9422440378902239,-2.142624059289008,1.3021298508676433,1.8263435792700315,-2.3951204080032467,-0.17686062272060044,-1.1379526981749595,0.4477586127578982,1.2873475381616004,-1.9520661989272772,-0.6949639698053854,-1.6073604521594773,0.5932319124022732,-2.2671079322352425,0.4119959237406147,1.6624561999960767,0
-0.13761037649317706,2.4679598590684892,0.8945606002931139,2.4522815055443368,-1.6721529706566298,0.7733018217105242,-1.8640911858245752,-0.2883588524294287,-0.035634636364324776,-1.8171258241532828,0.8486268199443592,0.9554352375308425,-0.6676482725580287,-0.49633150372203405,-1.0514000528394276,-1.1610634279368433,-0.16944168047859237,1.3458442535233004,-1.051870784565652,-1.2105197131708725,-0.4596863992746111,-1.4507205945537602,-0.0968977598580299,-0.5697443833127838,1.3851316515051812,0
-0.5337304111588598,-0.5370938133577358,-0.18066415122408708,-0.754362531563953,-2.895475909649283,1.3526502611136864,3.9865229660639656,-2.969183820961104,-0.6118298239707025,0.4822152722658788,0.7637017140040563,1.2860919105918178,0.645625705393605,-1.0172334771918738,-2.2326546503253457,0.5883276296749599,2.1106870900680503,1.2457523453593211,-0.420786037586109,0.1451631211636527,0.8641094417853368,-1.780667968157669,0.0920047392868314,-0.4548113225939524,-0.7959126419892821,0
-0.5262008987382055,1.209932933855596,-1.9353880660482288,0.9836719863484827,-0.4857315193752928,-1.0653515245601513,1.6877632648310321,0.0277113722847267,0.8680761364863324,-0.022371281984302827,-0.38461987105365947,-0.2305590139284408,-0.4926164010109044,-0.38917899022465163,-1.548653586114351,-1.958439866337924,-1.356177277656146,-0.41861765051861144,1.4685281019967649,-2.29501001941533,-1.953675412123704,-1.3114401487316738,-0.060411788882272444,2.536297302652958,-0.25201587458967223,1
0.7364345902568378,-1.0567091059131477,-1.0546192791533864,0.4645260371833049,1.08890255658314,0.430953590571196,-2.098495089834569,-0.27401942530488155,-1.2017899093756874,0.27975635466592913,-0.9681606689775987,-0.7829228152348575,-0.2887685724938361,-1.9368677115184547,0.08670209730734652,1.7729563272052888,-0.433567907371725,-0.4990621421421717,0.8535390222106338,0.2680196168454452,1.1909368953668227,-0.5244454379699081,-0.7386496363133257,-0.9867663193899228,-0.3082619596585779,0
-1.4513171466808616,-1.4485098063911708,1.1539697875189963,2.0911740256257367,-1.0528099618680746,0.8042266929245463,0.20288294445292815,-0.7444722723877217,1.0705439957025196,0.3125344018589782,-1.3876266696764912,-0.6548694818780719,-0.1232747669761346,-2.077536723309536,1.3382150120567247,0.5637584805979958,0.4126632991209335,1.0863870757790615,0.42060906766859274,1.7214011613249243,1.561240227977807,0.7680028655365857,-0.8909368427507565,-2.4015789555465235,-0.5308793526622236,0
1.8957392808911027,1.5523565294424155,1.0244177304190076,-0.25412596216142214,-0.017856610849631194,0.4058668669852967,0.7043071258869681,0.6566432226374606,0.5983240118435071,0.5194635623849293,1.58610230547422,-2.4578052168161295,0.7824388223120148,0.6554071035925924,-2.0599737292512765,-1.812997255276421,1.0034980502782322,-0.4896990315114641,0.0009799181056585615,1.4704980440908073,-1.7075370318287912,0.522382288033104,0.649359177450242,0.9210419460113979,1.2272557261065902,1
0.23035387012960779,1.512594145430359,1.5089651835192814,-3.8256661438989106,1.1270475022044415,1.3902323529026672,0.7787778193854115,1.182597876134024,1.872189903914998,-0.23874485565590625,-0.8031602508012492,-3.3731070995424695,-0.3415038425539781,0.23317357524537263,1.474843284302293,0.7600861555019824,-2.098749763939887,-1.206676725283918,1.2279520212328365,1.3478484337592063,0.3717241721281908,-0.4990367564356146,0.8418071344539635,0.23831647148244095,1.5024540884816981,0
0.3594724675749862,0.5216135993903077,-0.40718225395009117,0.8190106869682954,-2.271802606019793,-1.3664319316145495,-0.24606900054958003,-0.7094236229308637,0.6741552129012054,0.08665761279901674,-0.34938782210680486,0.23417801327836063,2.0800050658393987,-0.252666012103716,0.9252762695116538,0.7713450382117466,-0.11270709876541674,0.3946929451954577,-2.347896578492665,-0.04552867360708515,0.6829120521567389,-1.2568200516617696,0.3820360112196994,1.2941275852742404,0.009083131884086632,0
0.18647229673827914,0.7814986585261791,1.1695474340643974,1.2090363570352898,-0.2187932061588102,2.2793169007529217,0.10419827682952129,-0.9041818417161428,0.8519589368006126,-0.25586633593475594,0.20183239426113952,-1.7572148771592686,-0.26523532535582905,-0.24522594195140213,0.700820349436818,0.4792091962644789,-1.4334360321723894,1.5475176643184279,1.1807767052604086,0.18638172979835038,-2.0762909024331666,-3.454124169373016,-0.19327173058719077,-0.2111262339337369,0.17483020921573017,1
0.2225467301350516,-3.6047621738885542,1.5315290208438723,2.0413003721224245,-0.562377376720604,0.37829162467854116,0.3520775772014413,-1.1904085170212375,2.3789033991489204,0.20626587453090092,-0.5075617251987733,-1.5857298932131145,-0.613000783318967,0.49556966551100157,1.2080707930603445,-0.7439719935982592,-0.7381590497155962,0.5263169444158075,-0.3818996358456789,0.3420520237635547,-0.8142883736393521,-1.1813226581727685,0.3621835203892134,-0.6030692036552351,1.9066502201427031,1
1.2184105993728287,-0.3670036502904297,1.7035306532713457,-0.8583751931197562,-0.11585858619248479,0.29398610155230087,0.13642960353980332,2.4300285689310064,-0.3296252138479362,0.8648904610842802,1.8328049379933122,0.43721192164989675,0.9362056864884162,2.7581711783951914,-0.10462782400319115,1.4263685557083512,0.36894919551421895,-2.929870482174922,-0.3087716872158309,-1.1282665205613267,-0.9250513701523208,-0.998919367382622,0.8570185717290275,-0.9702223591510717,0.08876775922027248,1
-1.8633082446745588,-0.26848687841836716,-0.7413506752880131,2.4671767645168714,-0.7443398690631372,0.9423045435192658,-1.6598853549583081,-0.5022716523065369,2.3100686148762115,-0.10003895490328164,1.2817298457547,1.1157659086981524,-0.09402825814933932,0.36491939762951064,-1.2641131853520053,-0.18864127016190252,-0.8882334293445033,0.5876328060569322,-2.0235322078567535,-1.5204485816660485,-0.028109769336426782,0.6290733826735442,1.6283532906876228,1.7399164696484695,0.8849949000163116,1
-0.7427653996132778,-0.22187932185145012,-0.6532528901196405,-0.20680415433486576,0.8221688825264608,0.23201409366993841,1.0789333455153733,-0.5407839411434817,-2.472017277588069,0.3851180241493776,-1.074636028967388,-0.18981328609306725,-0.5963736007757366,-0.4013498755366256,-1.7915488636320642,-0.6876132992077234,2.1960680325073665,0.6427761310659676,-1.377988612967972,1.5183696279061114,-2.1020526548289706,0.059281123142821635,-0.43648461944670225,-0.5946414462693128,-1.4642267720012836,1
-0.38905991775530163,0.8746212791165284,1.1798668864428348,1.9422794613897651,0.551106835749322,-1.463357798561284,-0.09270775301794626,0.6498091766705982,1.0222395490421938,1.7523838739111048,0.0729299901723349,1.2143392453730468,-0.414282486124598,0.26409274427023643,-0.4829539259207562,-1.745150587731631,0.17405780822639205,2.216065819669558,-2.759648691671088,2.147629283389329,-0.39677476350769647,-3.593948463555119,-2.629904255534868,0.5990970933682097,-1.1752371290552466,0
-1.4468101747152056,-0.8175921744442124,0.9896060166630101,-0.6894262160408834,-1.7240530508373695,-1.515500891320892,0.7142807144992547,-1.011437627735293,-1.7542575629788293,1.0518030882645357,-2.4275742066266743,0.34760812555098214,1.0235130029195691,-0.7532434684228048,-2.1878068677636087,1.6730096387031315,1.8434009582465625,0.3748750996569323,0.8324935816363919,0.914429587190823,0.9323124757151996,-0.35404584979708387,-1.5126270868677372,1.1678358676581788,-0.3287814955595276,0
0.3941376591495861,-0.023659714876150484,-0.9383530275285952,-0.35287732196266275,-0.6618886765849717,-0.7250508224440421,-0.41135787235312077,0.9330879150266563,-0.7665653247838208,-1.6337816122950446,2.626254835591573,-0.11369691468356573,-0.5381425750191773,-0.43222781018389134,0.7462714980898362,1.963093672268117,0.00995422986323502,0.46193486157118546,1.3794297874764068,3.152262541498305,1.1578564573450756,1.89406599208775,1.2953815158341055,0.1528133433618929,-0.6711519099027928,0
0.9217822212840016,0.07199684783922539,0.10106629995080291,-1.838130005613707,0.1610285271809544,3.4840541132373795,-0.8005309604969504,1.7751567055256219,2.252218204586742,0.7331570542077925,-2.3137762778938487,-1.0106424194331252,-0.1812348672813,0.6311602356331191,2.8640273775340868,1.1800636719632043,-0.6115011402792225,0.6730850748862552,-0.5635337009503869,0.16157063228672275,-2.810297829386473,-0.48163104350899255,-0.390021854384516,1.3168183105916789,-0.3756567545722218,1
-2.2366632071979713,-1.0134755717379174,0.35433974095796655,-0.5089272552292432,0.2314484689073601,0.4824755113776794,-0.9341582139630737,-0.8693346650356101,1.5422049008356313,-0.16902454889472263,-1.9454302148725864,0.43626546564355695,-1.2268175595280857,-1.7917955831523267,1.1490677543227523,-1.6141126803483097,0.3293354319560373,1.1719766926720088,-0.9688177102959822,1.173803645836601,-0.20082224727555076,0.49341935830993666,-0.09530471583938449,-1.4693641036997374,-0.359755876213896,0
-1.56514557332364,-1.043125501764613,0.37188356588579774,0.8672628058005865,-0.3738480056586674,-0.9214216398824588,1.1658003352022923,-0.971632510488396,-0.2133828917793389,0.05049571755000959,-1.0408017122655948,-0.920371095320803,0.4939868761432513,-2.085879804478115,-1.5137030802171538,-0.2600644756437152,-2.645535457124927,1.2155534165184492,-0.3244097425302628,-1.2007768885473689,1.1487598015259521,-1.7652253677030034,-2.288419420542067,-0.842515980196749,1.20515347163665,0
0.36177837515844957,1.1810247041664468,-0.7098825179815073,-0.6817213707359586,-0.6097470565540152,-1.8046714420071344,2.4416021957549683,0.42966320961935944,1.1122876870956169,-1.2646281889847952,-1.0901894772240164,1.242051193860366,1.8654051206662075,-0.9633223894495453,0.15049855671211185,-0.8311101828589369,0.20093539772786945,-0.3610406254808502,-0.4762819374455727,-1.5598131376503166,0.10174459026823093,-0.34668335670811246,-0.2568764954294075,0.8202496632922246,1.4761253470156568,1
1.5479183566745023,0.04090487420513339,-2.7692966280642493,-1.8149992109668798,1.4975839074004549,-1.5274740537543026,0.3676259740238186,2.4721693722258635,-0.20452362591378298,-0.8053263697003975,-0.23466214329561885,-1.7281183436566314,0.3798891902730563,0.8110534879378792,0.031166388741567186,0.734454664747323,-1.812868584340534,-1.0023732771153278,3.2915412240967408,0.6295956895216414,0.8112700494542211,0.8950050311381168,2.4334364298952242,-1.0786806820855113,0.1481057185364645,1
0.19280000131337138,0.826339547927428,1.2746614657019855,0.3485252250043342,0.16174744461071977,-0.029168080751696746,0.9963886233663976,-1.2900587314312757,-0.4431278469772721,-1.1966937509001387,0.6369000228124337,1.716578144447128,1.2376975913454968,0.5943893924067354,-0.37461992619689527,0.5982555411487144,1.4793138873497538,0.8351811129970198,-1.0695832121812683,-3.1834009531071774,0.017746316756867386,-2.02254916652148,1.059877672680332,-0.9365868378477119,-0.016406903720077193,1
1.9089409761267189,-0.19162921247203524,-0.1337579991582876,-0.8317787342148886,-1.478510838375226,-0.8813233049778002,-0.21685815806372566,0.3176892277508567,1.3393860078204556,-2.3555381472647112,1.66442594341833,-1.6927319076923262,-0.3008392371719717,-1.3390891116140542,0.861292201051443,-1.0031067476068736,0.5132260087793511,-0.4597171167362371,0.7919756159983004,-1.0273870261471105,-0.6793950377260499,0.21675001925626214,0.4290270625427933,2.0304588630390668,0.3032541810334525,1
-2.1226257388827183,-2.2595657111112346,-1.5801365637351377,0.6230444573955989,-0.065000671476517,-0.5956739470804528,0.5885752087107253,-0.8759313339568426,-1.0284200764378562,0.10521847404273466,1.8566199427491739,1.8067804383356654,-0.3989680435581846,-1.9018192948347261,-0.5231304929672377,0.9721107822823147,0.2429497646811145,2.7060655937760036,-2.532450786496519,-2.228413809097453,-0.05352137526321349,-0.5596010056234201,-2.1843773393799046,0.65644092135104,-0.9449825969592627,0
0.1482806488117117,0.6705189638449016,0.6897945315925244,-0.4940979625503737,0.14506342120189153,0.6116419715762823,-1.8994932077513087,-0.2775026227474162,1.163930918486757,-0.019054151863991425,-0.9659947899607312,-0.9371483511061532,-1.41616641982502,-0.4986659777266656,1.0845845408296322,-0.25614595337727686,-0.5870327612233616,1.097674844950832,-2.629268596600449,0.6430714869148746,0.12534838731674725,-0.4079858757269351,0.3693802058237869,0.7940700511447436,0.37434521158651746,0
-0.0439948008856203,1.0137226708880633,-0.18779901077026662,0.14039473731884802,-0.2778328931713778,-0.9992364956684177,1.937150205774856,-1.7924309837153412,0.24601228189235613,-0.7932149814896314,0.46911449480421014,-0.29739389250993264,0.20270496613672173,-0.49607521857099035,-1.1653995171584262,-0.09122767059221704,0.5653091404047846,0.6991424687857901,-0.8216213635538009,-2.262670112329976,0.9465551571213934,-0.2913318722219593,0.2742425985247711,0.07949013250665315,1.5564535171372735,1
0.350602284689873,1.3756389357898744,-1.9560642101520394,-0.6347161914088835,1.3898499989925728,1.8694162702912593,0.23095819034393508,-0.2800593385852139,0.800755890243757,-1.7855694790639915,0.2864826497662707,1.075966693309653,0.42502503402761815,0.7946357195667102,-0.5941131217436149,2.2542885197504683,-1.146828779065102,0.5094980057493081,-0.7667855477493789,1.0184606222309904,0.2603696389610429,0.7918681880701344,-0.3387848397011254,2.3498811039122534,-1.265105432103038,1
-3.123731933795318,1.1467821439574206,-1.009842174504966,0.2883923256677726,-1.9499234805820769,1.4698649276436713,-1.1190888147455564,-0.901255455835422,0.1513486908465154,0.1228879241787825,1.3825755337273025,0.3914003777376553,2.105186166791819,-1.4862975758896289,-0.5857433602719577,-0.7420719745646085,-1.240318400417634,0.7777611959478545,-1.160577670597666,-0.39154520018387157,0.9770170554021405,-0.47148606988194275,-2.6145782974312173,1.819810864547143,0.8045938978879799,0
-0.10658501427951977,-1.3588731387826805,-1.535868510836322,0.32531735094694847,-1.2711502542616318,-2.0075715849688027,0.9733050683007656,-0.4114295080674059,-2.348044021668762,-0.07481774953918252,0.215008329021678,-1.5715759045461295,0.019115122018059427,0.14820669072921833,-1.9752854911312467,2.610048471538389,-0.14207144594802934,-0.2481295276664142,0.4674432173100653,-2.083157105125047,1.1378224776646237,-0.29671268524060296,-0.5708511594714141,-1.694235099893365,0.670530325319526,1
-1.207230703660219,-1.0249762253492916,0.3192932474636021,2.4256231029969966,0.49174744272993043,-0.7957120315557104,-1.342516285780613,-1.3853569681317985,0.3131402654985029,0.05518899429347279,-0.1724747458285829,1.4359022679946114,-0.871566704849132,-0.16575591695755582,2.1689959986475316,1.330115546600984,-0.18451637887118097,1.1949617577516163,-0.4687459943610923,-0.8773940398429756,0.00506984644077868,0.4677693878274851,0.006127236272052139,0.4597016624477249,0.5894349777279685,0
1.883004156201047,1.584086417776046,1.4123706688782747,-1.0884954016666024,-1.169421926023799,0.7340302444337389,-0.8155136023278976,-0.22698231275441524,-0.8824413631504103,-1.0792174719361818,0.27748644123122973,-1.8300843592707738,-3.447029321261768,1.651132287087536,1.1978133400701552,-1.37733567763243,-2.000318134669907,-1.5953384208571304,0.15268499304039662,-2.0761617003771202,-1.7133030336588,0.5983190735597191,-1.764583483918621,0.45802634860593827,0.11387573034321441,1
-1.9736252553970566,-0.10695128941053529,0.45160599200769647,-1.1990278903749487,1.4912370157453558,-0.8765017964469235,-0.34504357697420296,-0.5773260819494687,-0.40734444355209626,0.2021380859450176,1.857382090861032,-0.25061423263291294,2.524711287409727,-0.3410633078133202,0.23217642288222845,-0.90792579859147,-0.5648476516583829,0.044521097045638516,-1.127754925919537,-0.24905363169240657,0.4688635368463435,0.945954008925024,-0.04029537163614391,-0.22963739029474486,-0.990970183295108,1
-0.8713029873852202,0.1415003023310376,0.494558253597282,-0.8037535490948599,0.9355085203040719,0.28018331902424887,0.39945735731049703,0.27583378890670907,-2.212751486278113,1.9888214142791856,2.116094687498941,-0.3057413088296077,-0.5243619095116163,-0.11558213003284157,-0.9991738867050511,0.8053198420668749,-0.5140641226215,1.7703444669093835,1.2912886098823728,2.367300490197413,0.06151982620146301,-0.31248987989884724,-2.2085325297286196,-1.8898002537792682,-1.0587607215062487,0
-1.0646320147440358,-0.9601352197245638,1.6095795623966092,-1.3147590106115135,-1.090049074797129,-0.44019119201366586,1.0976726665791139,-0.6337357885511123,-0.4025730690241961,-0.17661163040243344,3.0027966039943363,1.559216260669885,-2.0316141166120114,-1.074536641246812,1.175078900212326,-1.4030235407076252,0.8935969029803277,-1.3575750082057838,-0.80251446779357,0.33169980844966307,-0.8318019399630847,-3.04552478269217,-1.1698687315033216,-0.30538529217229404,-1.3507298015775073,0
0.2454814369297308,-0.2643966666582156,-0.32178271515694357,-0.08008474964777323,0.5826013975836676,0.17727767061789768,1.540517094241514,1.2993946913688343,1.959460314101113,-0.8725750080091349,-1.0116930590078468,-1.193641698024094,-0.010806324737231532,1.8148208099353145,1.425984350091591,-0.42252692571708084,-0.23416545178918324,0.5748796336573265,-1.0436888529257176,0.25670716935397264,2.3265039572824215,-1.7197158728968884,0.01826843354017349,0.10625111011169827,-1.3516687292244223,1
-0.25289168061121603,3.2922896755384845,-0.5997908752254301,-0.5026111272851744,-1.8211099405946345,0.2568579935326585,-1.4962106657341587,-0.862821931619074,0.6032447329916644,0.040757269926178806,1.60274265402539,-1.889274340039286,-0.4618365189948224,0.34885430023287123,0.033929560559599725,-1.249455917392568,0.6877998120487276,0.3582057448638044,-1.9878317781009964,0.13780070218540863,-0.5579226721019946,-0.40333311961157065,-0.7188661858417531,0.029116383416409874,0.7192942820432084,1
-1.3973686071085418,0.5780961048855288,-0.9723360992383889,-0.20821814724609342,-0.4603505823509919,-0.9074695816191329,-0.3475053268504581,1.2315217758677597,-1.6397929013050971,-1.2682654811778589,1.442509139124515,0.020717941712392163,0.26943348849403204,-1.4546302618287288,-0.7038774857240128,-0.3921667723034934,1.7346225505665056,-0.18180469430986868,-0.30302178768294596,0.5114783350620964,1.7885777143419794,0.32483873938613517,-0.09715006567185136,0.7232180270552215,-0.5787622943732935,0
1.1487712830282168,-2.156899340201671,-2.2844465255470787,2.4240589899503338,1.2021214543945664,-0.8703127388314421,2.2388141234038863,0.8876823302299974,-1.1111000924545038,0.3212224245245544,0.6022325078921438,1.9233224427857474,0.062230496470778794,-0.14089345780272544,0.6988824692896638,-0.29332373031921544,1.9651830462577249,0.5791156103862456,-0.14583193088726243,1.931979243037919,-0.7530018593334051,-1.874873834506998,0.7037160593155434,-1.7239331309859447,1.1062966608048823,0
0.13364658194376922,-0.527691336193312,1.9982597779808322,0.7738463959685413,-0.8749383445741137,0.09712168626912554,-1.1088464036711823,1.3243383455763817,2.287011470062854,-0.1285101687699962,-1.3290835299521997,-2.197567363666526,-2.5925019284364827,2.672611355612756,-1.039573949337639,-0.6583735379389999,-1.871745742886191,1.07916480125287,-1.167646109774589,-1.3609114246633012,-1.5069351807981906,-1.63634187270107,1.7478999177386538,-1.6824460000960135,-0.646318044261302,1
-1.103004761535439,-1.3227611956418324,-1.5717813355770283,0.6178461129647757,0.4156444152416542,-1.615648763643533,-1.3217986176083873,1.5536694218049207,-0.6252632736891666,0.8030581979368607,0.1770971578907674,0.42235920131564997,-0.8993065788108898,-1.768640805791315,-1.1534292007915843,1.4799422371528888,0.3031457453323603,-0.6203930876239159,-0.393443945755741,0.9084345102100564,0.522827707888925,0.4673629765311571,-0.026628248051318915,-1.092285772766741,1.4704381116423897,0
1.7066215753776937,-0.9772094402789333,-1.3914115798306155,-0.5062713129816176,0.03303142162157727,-0.4495084738729081,1.9194908768288057,1.5184824143414326,0.6871176367766184,0.1596503161071262,0.10689182057631708,-0.8763199671991966,1.2380102140272058,0.6529522947271851,0.8667353828627306,2.7741133565591767,0.6078533166399824,-1.030819451151589,0.8811590742821901,0.5947874115538508,-1.0561675585609978,1.8607146740357563,0.353379859365581,-1.2369607059554966,-1.3219200806643054,0
2.2914941734342125,-1.829099066415014,1.5921272964571598,0.48712905695622094,0.41545027118920863,-0.3151791754954904,-1.1380593965636283,1.1698376914874886,-0.5724383135549044,-0.9689994392642267,-1.0621728875436176,-1.232967985704302,1.3187669857661521,-0.7106550482377477,1.1129739476608802,-0.25415148321445746,3.118143348547908,0.5357618108897458,2.705250456915426,-0.18400850304866512,1.480782951343292,1.8666354657559125,-0.7571457961654589,-0.15332495064827933,-2.061241101487011,0
-0.9138705726234297,-1.020416787734056,-0.4356704832946016,0.40385083436042546,0.6023867988018241,-0.6492417090695564,-0.08552758050815355,1.4701008416141292,0.13150311182611785,-0.5222140796338105,0.04976046502276099,0.7489245383272597,2.9930177047866695,-0.5338387944072365,0.1654402623060152,0.9170034366805226,1.1817640572966166,-0.05322967222573377,-2.2180794147022995,2.144763226637215,0.8220544144275181,1.6850119211265375,-0.25480739808360825,-0.35790668927205727,0.09585981882083949,0
-2.1443835009521304,-2.1128872877507066,0.5432091582777253,-0.007884932704760095,-1.8725971527192748,0.2542140724196117,-1.8403050503738805,-1.0825234374386157,0.5879399555661549,0.30519956261774495,0.942406198381547,1.5504992148032841,0.5759459631914803,-2.1684637570318137,-1.635755970701254,1.2952354772226824,0.2681512365873772,-0.335260172885086,-2.545275803687707,-1.2789974197097904,-1.1389514008419552,1.205128968047501,-2.1248791721756373,-1.2586034837545674,-0.17927618602226536,0
1.7803791371535989,-0.24985269144513578,-0.8660458312359272,0.573751817455584,0.27666535306780937,-1.4551252767238132,-0.7319285081926421,-0.4341554193492679,0.13181505472336183,-1.333817016148998,2.5923333299487044,-0.8355935204344669,0.5353210113026008,0.9305456218505781,1.254986725758335,0.8553597145909306,-1.7083480407562117,2.8791239067075107,0.8693952698650469,1.1169039909025322,-2.066836222791695,1.019084039113325,1.1586412734074676,-0.012958720741338303,0.8741253364460813,1
-0.7366712184114177,-0.025224414343838486,0.7952193641292918,-0.6218116422402342,-0.25927506492747326,-0.09078796668651723,-0.3117013467582908,-1.7252772649855066,1.0049019914929365,-0.9512827660719053,-1.2464577257993263,-0.7550907239899992,0.052050098562290203,-0.9384999455410181,-0.5304792529846913,0.6099256479179774,-0.6780564526020234,1.776414659043445,-0.187719408707833,-0.7504097632923015,-0.49817717892055213,-0.49715443776567425,-1.4212504049492576,0.5631147535433296,-1.1891560200545366,0
0.39921503553216864,0.00799758910658821,0.2202606193172918,-2.372343755659326,-0.8794027509125746,-2.217890609225708,0.6058189494416045,-0.10720668897423438,-0.8273300771551254,-2.903899355790756,3.925199599450437,1.2128570387344637,-1.2066917993324897,-0.424650270975983,-2.436347953281608,0.18508409516762225,-1.098494554887779,-0.8543909629471556,0.5580330340417511,-0.8028747909975051,-0.8101736897370567,-1.4844887173014896,-0.2660157175834126,1.6880205778752715,0.3879690347239553,1
-2.492035190747275,0.9976677988378526,-1.4957074610327135,0.24992544676053646,-1.4229381599478028,-0.6491703011681382,0.7730119128687837,0.7845394106866688,-0.9449559605312969,-0.9109281746039198,1.1961719853053956,2.4109309495524633,1.8865312719060807,-1.2039263713842177,-0.5024832317836097,-0.6559621138278925,-0.35016064374651235,-0.6783650569654878,0.6766442928903534,0.7827892535844716,2.181798709754263,-0.6988417502428041,0.7934561886424205,0.7156789298327547,-0.5627443494720114,1
0.22528686411990595,0.08010373515316194,1.601260142033389,1.0741036277102236,-0.14743776860489977,1.0818980882509994,-0.9147273362896418,0.18417979449867017,0.27052799142771655,1.2358622684175595,0.7277340183664535,-1.692055082440683,-2.4677334723547926,-0.5732229956774324,-0.19555604521654746,-1.6707102628919261,-0.07153552026454446,-0.5590136018660126,1.0828638796640444,-0.04659697017559189,-0.8396064476041026,0.03351600306330929,0.7747525545958509,-0.19425226577011118,0.8842754054254272,1
-1.5796587636250023,0.4904506262203448,0.667533321589117,-0.8870601475682699,-2.132744174325538,0.7177753296724249,0.3766423480080158,0.7947840633326377,1.2764562513323159,-2.6824612997635535,-1.100558440466428,-1.086194970939129,1.3008730321149997,1.1507738160857819,-0.9634712450741221,-0.6133667583577858,1.051326126271217,-0.020393901202225173,0.8360585814793611,-1.8280210705321425,-1.6627477913383488,-0.9697502210022519,0.07167039754235593,0.4189404375820948,2.419010219279322,1
1.5784431100548564,1.540517326147267,1.6261646008693242,0.09955692777662006,1.983696576888081,-0.37603379167976225,-0.4071216299669762,1.068532040281727,0.2774931593328403,2.8357472919519484,1.532847256940366,-0.9930932844956797,-0.70240384048916,0.9623965390563083,0.05370446492248038,0.3522591052327671,-1.3979092062135448,-1.7855427138969668,-0.05748789538429411,-2.202411949593518,-0.9708884203455247,-0.5870306264571891,-0.8417378377705724,2.5866600668652078,0.4244965419610689,1
3.9622232717868298,-0.1988127883808367,1.4851924445763818,0.10164215116087011,-0.1633866937766382,1.1165081302564572,-2.3460381557605396,1.2880491095926065,1.634639488419701,0.4569900061438351,0.6046735385833502,0.4811693424222827,-0.35211213556526,0.5040055536319367,1.8429946196918556,-1.335403521815199,-1.4142372601234765,-0.8153178862731636,1.4204501516647188,-1.8917503931641408,0.7887925222783959,2.344680042226281,0.5748128051368787,0.6592373052573877,1.309525428452241,1
0.6678172182063393,-0.019747756591596555,-0.4605320038013835,0.20871797046111396,0.4048447885954045,-0.756614837772224,-2.5690924944724656,1.427681601686455,-0.9288435305844436,-0.3482172551765073,-0.40408405548800325,1.0329513850329368,1.8005932799126072,-0.3590876750678612,1.1230073928148914,0.9185917215874988,-1.7714118133201213,0.4410446935486128,1.940840694526425,0.43216198543351725,1.3343674741113802,-0.8429446283291675,-1.2362770353358161,-2.3159934037925205,0.6458325775572941,0
1.982650472491486,2.0201527163910398,0.42667158582353143,-0.4867768146905511,1.3560957831136005,1.1783559575887401,-1.359938505210522,1.6646323495737543,-0.19847986745313517,-1.2556266159801854,-0.9895138633373188,0.679976389425948,1.4277266957800645,-0.9223609452858198,0.9663237489952575,-1.1636174612293504,-0.5629433181535893,-1.697066929174149,-0.1007167174560098,0.44917413247435445,-1.557726224217724,-1.8283600511474312,0.9887476794626937,-0.10902477189939506,0.5870917892234805,1
0.008249777552100851,1.0970224632711663,1.5889397118405773,-0.30623783561648554,0.5321993066048151,-0.5380939319489488,1.7874463555801376,-2.6148260578200433,-1.3499607951381367,0.04589779016503204,-0.9604028225402248,1.294130380337027,-0.12835132873866925,-0.6780416862519749,0.7364943428169259,-0.6916719398545734,0.45589450148460964,-0.9955084331277727,-1.5898995197514125,-1.1069461403386351,-0.3241287648410834,-0.7849631284161726,1.160552392297263,1.8326924200007213,-0.41699519352602354,1
0.3532386327144627,0.3341957532449511,2.0076923766109753,0.09895145414375756,1.082812630528606,-0.1969812042759017,0.30564987526270393,-0.9500831182264244,0.7263769229129269,-0.12360434369399675,-1.408760590542158,-1.1129015163455276,0.34178008667065884,-0.891984266285371,-0.80712792210803,-1.2137441453864939,0.8245860759576497,1.3694252390358512,-1.7221247568647373,2.2695283066796144,-0.846904744690467,0.7500430435065241,1.6231519889263,-0.5815140088744617,-1.0507954015769523,0
-1.0972168916983365,-2.5997319572493733,2.4427702346564386,-2.7523434063640906,1.7147669214519654,0.46568054728364583,-0.7514191244276369,-0.9108134472375015,0.6342640666099764,0.8481368964323492,-3.132719785706826,0.002607203978258976,-1.6004360423688684,1.07598021133781,0.4031848676091373,2.0032012465434317,1.8273997556148096,1.2988672624165678,1.1017532374662244,0.2799749186934645,0.26791062492220913,-1.0040309573831352,1.6388703804049802,-2.6050042395721427,-0.6656943191224132,0
-1.3763391496240436,-1.4878513219336704,2.489190924012484,-0.8990860389950647,3.3131378723445266,-1.2732194011550084,1.0337593691492721,-0.8642662092640401,-0.5036198515179819,-0.2911725083341177,-0.9192690200168694,-0.020504155615575892,3.149760633257284,-2.4311843108350484,2.331804422411182,-0.15965865643896826,-0.9409353634661786,0.6064268330913674,0.14191213726169755,1.5563502320822489,1.5828783820975307,0.32948107412507643,1.4640708843353196,1.465631468043512,-1.0093358907692656,0
-0.9619321221145993,-0.1377194015895834,1.9245121611937057,1.5958982409631186,0.07191950254434032,1.5739060990818317,-2.5057527102243258,1.0383961952331477,1.3714751364292694,-0.24296218163383304,-1.5916418948944013,0.543768170201699,-1.2803033611706425,1.412435667540008,1.3296490726811623,-1.5567666973148153,-1.5191882410984787,-0.9786912710735481,0.27430499983595097,0.16351187235757525,-2.009556554555526,-0.05087024248994665,-0.20080151333719298,-1.7203013345602596,0.6518553551746044,1
0.840364524465424,0.0004928873821971047,1.2055184885306918,-2.6955512698388593,1.4365455988738953,-1.338772297477007,-0.7445795934551812,0.4824556866660743,1.2365878198207159,-1.4579410025401094,2.2080037807208654,-1.3343143499616885,-0.799468858987261,0.25183837454304697,1.638234318921001,-0.18909741362012855,0.4697026437951353,-3.7470120422331736,1.7162687583115417,-0.5292436713515488,-0.6006448278157204,-0.13259484800339838,1.3017312397017649,0.9774150466674478,-0.9537344605489948,1
1.4776513825214217,-0.33392833423079776,-1.9181161921847056,1.5389346196498612,-1.5993369365036432,0.527648697724642,0.8406880623496961,-2.4933033465858534,-1.1200605616312567,2.0698013193086804,1.611575001778955,0.8017414735371449,0.7799186837644692,-0.5662277049150637,-2.5339159809574836,-0.4640655574438572,-1.215192336688068,1.3342039874010094,-0.2748394753045938,-1.5471959789648868,-1.823321584151798,0.1830093228734616,0.911298635008662,-0.6502097009794571,1.211255611043855,1
0.6847418916181237,-1.9689582721903744,-3.9394461505323046,-1.9477495785202747,0.1598253027643225,-1.7451804598411895,-1.9766629954178772,0.7782896628637386,0.10758689082539363,0.30971022466900633,0.2693251948817818,-0.129439873548724,1.3894106397741492,-1.3811353184463333,-1.4857761835418422,0.5984961913013587,-1.2870705066206543,-1.9262674179358452,1.7667115957076915,1.696791309394327,0.029053249578467222,0.2706633540905623,-0.26600854089093723,-1.1126167738896422,-1.0475509702146912,0
1.3282117837232843,1.2706137517998426,-0.4379229170712972,1.0150496219708638,-1.0750370572595362,0.7827313324715514,-0.31080172719911225,0.39960544817593513,0.7186646305950715,-2.7493642789973882,-0.12282176581306337,-0.1473115484953456,-1.05768061137705,1.6753964603799376,1.0869466960091498,-0.5630235804008653,-1.1726540914200534,-1.9876900723204438,1.3934531481985584,-1.674619407066941,-0.6892802048947627,-0.6918927253511866,0.16413879035556211,0.21361358163522426,-0.6634274118494586,1
-0.2525575329660353,1.5469133064922578,1.3214116244402658,0.7114938303189127,-0.3459309212317927,-0.5507670419908034,0.7251817816308287,-1.0439056928449126,0.3720243150725911,0.6567544896738284,0.9976035040322555,0.08941857190167346,-1.2233180339304315,1.221223804713325,-1.338503078456487,-0.6993200502329506,-0.45747120605224256,1.465179871036184,-1.3084351336230737,-1.933747212818711,-1.036906873573652,-1.1239356511683005,1.1102592226113577,2.496434636078348,0.6738434765804244,1
-1.115217735440275,1.013132852389952,0.22938256414030556,0.19418517937586802,-0.8855160202634434,0.6721719937842127,0.07418425761127201,1.1310115481918863,0.3462732187771397,-0.8590749307317416,0.26269065746792103,-2.434718790274278,-0.8525850798654833,1.0821061265163379,-1.532648589368755,-1.7463306789227406,-0.6979693309418178,0.1610576765852958,-1.050947693769035,0.06212657543999611,-2.039417393638388,-0.09958792897613294,1.9625010233648021,0.33813478198843216,-1.0135321509514577,1
-0.33071577674590186,-2.4476161365761575,0.30420409980176455,0.9888797362708044,-0.20253543756212364,-1.2412047604750012,-1.2002070636477697,-1.1812514859995642,-0.34088194063151095,3.2847369386346337,-0.27532696544990554,-0.3887235701963855,-1.8554628790044285,0.32432787082507775,1.113722375401351,1.5480351175782132,1.1666302249688858,3.999639923176256,-0.16612630228770608,0.4131389859894933,-0.8197243128188636,-0.6802812530898423,-0.5551843281941597,-0.9351477395306691,-2.441837697135859,0
-0.5600358661805606,0.44390998980946283,3.323214154582594,0.39090449356739243,1.565043559685642,1.8697761002910906,0.07116736933612033,-0.38574616847754445,2.1144127713295218,-0.7226640841256039,-4.324553999267245,1.498856005892343,-0.1762663770646271,2.718003217983003,0.55112815967049,1.674349079919184,-1.1352908848290761,-0.01948402205119147,-0.21608963694708305,1.0328067071559839,-0.46867867176481387,0.3564722266771352,-0.0018838225506815909,-0.2745525014649286,0.9565433937868448,0
-1.9809185007704044,0.6370819060220586,-2.1902670950512846,-1.930260049322169,0.39504325325725365,-1.8793458588568912,1.2700360246244127,1.640527164047056,0.14248860547908226,-1.6273408502351727,0.694417119112199,-0.06030051123329176,-0.04213369324377281,-2.154347013271291,-1.2936352098516894,1.8177384987570728,0.059897003045023656,0.2475102154811172,0.06728391868294725,-0.25408875966153066,1.198297255530894,-0.8834790684240997,0.5983908349442761,-0.0018435516960196505,-0.13377938679294143,0
0.3826974913063963,0.9512194413614419,-0.9634117572635517,-1.989028707135196,2.2263658732693674,0.49494320307368644,0.8999701987172319,1.4026860749813483,-2.3521697291490735,-2.0722988967435167,1.9147466438484666,-2.5244975489591504,-0.4519240008835294,1.0938080346464532,0.1277719691843168,0.7108959783140321,0.5727174892607692,-0.8675379932842254,-0.2370486747780416,-1.1115531388756215,0.9982197124167282,1.1338590725131243,1.4811049940797885,0.22763532788621016,-2.3201321899258485,1
-1.6630715128265927,0.2616212724807603,-0.32689548991871653,1.6259587013104655,-0.5814425073742716,-0.43785302969144846,0.6972301283007971,1.5197076689551847,-2.078299801434886,-1.2986429135764161,0.16569078391118475,4.230321700033169,0.8211603062475202,1.1309283603456493,0.3094274078875293,1.2005737914641428,2.0839003399377822,-1.8795596000072357,0.7183744378767094,1.330870488411296,0.8362939927185296,-0.014983123332570014,0.36668909190497667,-0.8481031440206701,-1.6902203985624482,0
0.9285194888636065,1.8832919380710555,2.110889740522708,2.4187716711872747,0.5888548727552106,0.560079930898391,-1.1979966150436747,-3.0539817877908835,1.2951146198576717,1.025382055944296,1.0982130461023174,0.723414193735294,0.85544673595809,-0.9779520189978212,-1.229081918302526,-0.3944963827182382,0.48125521063206445,0.9875922035082954,-0.2605538710023356,-1.963167172879193,-1.9569442642464452,0.04249356910308355,-1.2960612790802666,0.6325003479426639,0.6474730179202687,1
0.749442362958886,0.21815223643764872,-0.7534435458050158,-0.2858396528316306,-0.7305604113128584,0.02018588509142094,1.1557960021750018,0.8225859427445058,-3.5618250396864277,-1.7780971529840999,0.9770714079016185,-0.4341831730997754,2.9587087923215662,-0.48316276370704164,0.3339338812653688,0.1953918416537317,-0.9441894494407674,-0.25534511885625166,0.34276720753901785,1.1926934367198814,1.8224923797254409,0.2533392795970523,1.436324685817806,-0.3253176633148018,-0.05362942165922077,1
0.7757067591095268,0.7317279950285687,-0.5886255172056413,-0.7051011206045171,-0.01145512591903286,-0.15102481103772433,1.5975873372631286,-1.0747686448383809,0.6064261068735981,0.5477920523486088,-0.6880902705831176,-2.4225428087841787,0.5369829227424391,0.4938142166520325,0.8897211535361789,0.3292703528973201,0.42165262783436064,-0.8958721565927525,1.6278458489689536,1.4368058455075403,-0.4015449131911465,1.064996346430816,-1.3734881738979043,-0.9691495381173975,-0.8752126431690894,0
1.5671176090099213,-1.4780669560388793,-0.3802130868340512,-0.5120232308478893,1.1168906666807703,0.5097902262225587,-0.7068540419809088,0.6175383332665025,-1.164638953299167,-1.1759057896435285,-1.519696156392741,0.016970076440232296,0.7011066577650181,2.433411873729098,0.9472917620127004,-0.8089831898363239,-0.6738627413934989,-1.5170554959721552,0.4834098468754268,2.844391373570286,0.11751350354440447,-0.7239264327507157,0.6048781963533781,0.9295239685003095,0.3004769336885491,0
-2.3834038364977363,0.8029386357218679,-1.8186200209928922,-1.0289776342280386,-1.7010023804205532,1.3652353767132606,1.58352139321185,-1.0639203162139141,-1.0307594449172548,0.9692331769464323,0.46430878418690297,-1.232975951084641,-1.42701788171232,-1.132689244900857,-1.4200767434341959,1.821346559870956,0.17318318706593128,0.0016058953547538612,-0.15942442099412324,-3.0455038499170084,1.7367129466142326,0.45315782580009534,1.5380818923084916,0.14277055490082036,-1.17670765261713,1
-0.1836739620317489,2.4526723955821397,-0.11215912476592743,-0.7103749364904614,0.09842437510219648,1.0055777440521032,1.9608202313349814,-0.17737055692547726,-0.1939002574338088,1.4828445293126244,1.7615903252329947,-2.313465549030569,0.6413970861778553,2.3646646980359884,1.2337736320487758,-0.8879408967365803,1.1674360553171208,-0.6573810703779438,0.6970994553498733,-1.071659614594008,1.5249501453908532,-1.5230101337771678,1.5433214398442938,0.26372754098873175,-0.6458393694913996,1
0.5392311408499207,-0.6947905969075207,0.868111832432204,-1.604798430870393,-0.3984667420363641,-0.4908991851495135,-0.663170463850368,0.08501889102128102,0.539042280434584,0.1728251154247597,-0.7284682886593878,-0.9547083880968945,-0.3451181615732701,0.5417075339736487,0.0024053184746991585,-1.285971642686614,-2.6233523874073206,-2.012815494391324,1.8492989803534536,0.16039986835248887,-0.0812640625462704,0.4481696951700458,1.0777238579884583,0.7777495058887579,-0.2319068615983379,0
1.4839125239130158,0.7385738403689226,0.5879371002529158,-1.3375550234409401,0.22410043779052413,0.658890463720308,-0.3122769745057295,1.034125432515048,3.0148039424085056,-1.3343094146877004,-0.5821002854786805,-1.5478298506199832,-1.2225546876737328,2.7278498522282093,0.40882738894291026,-0.2096748916180731,-3.5563421431900046,-2.2311645487984904,1.9299327097344208,0.1288128890201824,0.5724019535172755,2.2998652533337687,1.7215460473686564,1.256978546727979,0.5002711584717441,1
1.7074268760013016,-0.33812582343131287,3.2892661020559166,0.865921213704395,0.06153981725479657,1.4041716908516975,-0.5123561069096307,-0.8221550768205359,-0.3159943605029334,-0.10066469740413087,-0.5167955464651004,-1.3893426106950855,-0.5096546598345639,-1.6325431864572977,0.60784893680457,-0.3029095051144413,0.7934608936359684,-0.24541243988397282,-0.2728392005703214,-1.3809810161758178,0.8181876253727497,-0.08528140380055582,1.5014768300437704,-1.273338757639183,0.879307940708286,1
-0.2392798494868888,-1.1115548541131564,-1.0079288835150366,1.0745174294898585,-1.6516007769965386,-1.1371956949202309,0.9039979939437329,-1.3847494795298847,0.351724825824981,-0.5000485503246339,2.064885508030222,-0.5080798537318876,-2.148243056478772,1.6479047731366874,0.7870664194668477,2.4090300106664317,-0.3375391463758943,1.4357006710805955,-1.630428989579776,-1.9083703093949203,-0.6671626674985501,-0.7131507731518976,0.6430926319479611,2.593363199978124,0.2513675863236904,1
0.7881181808084847,-1.4813324823380325,0.24123954028728556,0.8116348238369252,0.13657041939703032,1.0537143023490305,-1.1378811593364304,0.08397489408734438,-1.154395829299542,1.9411886090963764,0.06972639354780152,0.5775450277832967,-1.1170131775000154,0.6897819900670924,0.21176842084615963,0.8016739851543941,-2.746547477512577,0.6539701123719402,-2.7469577012631263,-0.29829716179148,-3.200742808587571,-1.8313898834955247,2.379954195429285,-0.016607073684647866,0.02077193125479454,0
-0.5105309093752161,1.07865687314366,-0.9222855971608287,-0.6836426094021022,0.07552382140756889,-1.1104597646781011,2.444417281165636,0.8356979689689108,-1.2543402102834964,-0.04229275842313168,0.3638487920559784,-1.2469619213493643,-1.6902234238188134,1.4290960334396443,1.3651043774885736,0.5156775662059943,1.3837233911617373,-0.2588781034726634,0.30099038870305084,0.1702838142304774,1.3979640060551235,1.128273748747648,0.5433666129176762,-0.06253448659817562,0.47563177365730575,1
0.45969298646825174,-0.39163933613219876,1.3880045761890845,-0.3767677526822395,0.8394490984756295,1.2952165776656162,-1.1354375671126384,-1.1593422424948099,0.6973608715977396,0.513829361055179,0.5779824771145494,-0.626559016833667,0.35666276155702625,-1.792559329488009,1.982071311918268,-1.3203198298800585,-2.371115798904631,-1.3312233166506644,0.07080963232889163,-1.602205602391524,-0.29932118906104394,-1.3388216064915606,0.5991229166922061,0.1561010489297936,1.7885642390795073,1
-0.9106801374099228,-1.6229131200951812,1.6044263230458833,-1.1416064251471916,-0.008920198707345617,-0.5107600345061263,-1.9162099106282215,0.9244645140816053,0.5625713798169188,0.42664793193967265,-0.2395286652717922,1.5602807726988934,1.0096120461126972,0.368414870081664,-0.3333505104993,-0.7088996543844612,-0.6712339509931082,1.6471145626660728,-1.2097565598462272,-1.1378454839478607,-0.9776074993772297,-2.6029164324076954,0.12304369567026263,0.06362619644542167,0.9343403448989951,1
0.9540297443959722,-1.6278266447690026,0.03198394246370362,1.8764099882354415,1.6469157043054554,0.23192076438670262,0.9412773171908599,1.1820368487231359,1.381844700538195,0.8858101445506033,-0.578299457977076,-0.12237684597216048,0.28430406609640646,1.3694216637281453,0.8979401200200918,-1.7756901995010457,-1.908525087503313,-0.3407858976417767,-0.5387299487255998,0.5284789562419016,-1.0828352210495156,2.3455666257934737,0.7064588317340443,-0.8041066648949953,0.3816189288368016,1
-0.5909500237071764,0.16157985219816906,0.2751861623755606,0.6959658277053801,1.2952155703042725,-1.716921766494932,0.14852140352565218,1.406657614438497,0.8194689348895863,-1.076822332377899,0.7786058602049243,-1.2935079594567789,-0.19586642329183304,0.1730546648707658,1.1367939416259212,-0.5422456213339824,-0.17111792754599514,-0.2084143936492998,-1.211934548827772,-0.014056424991118255,1.0383844495433374,0.142963338471638,1.536079671151677,0.26150403337988315,0.8131281100007378,0
1.407499329910059,-0.2854279969981657,0.6190239715396638,-1.8605265647591538,0.4656508134919418,2.097965462968825,-0.2783812493349818,0.9189185303840233,2.3656190563961474,-1.4221039987690551,0.9339178204808949,-0.17139642313659464,-0.572058524628721,-0.8908938068439627,1.6384968549968166,0.9680293000455245,-1.7476208469973231,1.1591645584289978,-1.670046216710403,-0.8822652860316376,-1.4856471516653884,0.5727619125708862,1.4919846543972768,0.3254508568852091,-1.0461122290606037,1
0.6589612560917333,-2.6163403764236137,0.6132837927810169,0.03024733698039553,0.8128789315040863,1.7217589573612306,0.5453387185982058,0.45637581987384085,2.600943914573918,-0.5870448516702592,-1.3515670221393576,-0.400035060128115,-0.515456594230456,1.4443603006776229,-1.0126274777841822,-0.9305066263937687,-1.4251422623823982,-1.1539630426994187,0.1467341187780576,0.1855688329908911,-1.1332468148745745,-0.7972594759331417,0.9567674073780712,-0.18628155498213866,2.277476351123928,1
-1.5068557278210712,1.434154730361862,-1.2986712506285523,-2.0793299946872197,-1.0999067258524287,-2.0349138648402034,0.09215467102944314,0.48138368112821495,-1.8588033894090707,-0.8352848961008636,-1.348026844619837,1.7259293493686867,3.2965999350819066,-0.8272802772679209,-0.7152016104264884,0.9092125514013707,0.13312945062931447,-0.8122329585799408,1.450132596437358,2.5225387429416393,2.2087852837283033,0.017514971398059465,-0.5301345163175262,-0.5035576776348727,-0.6384257539993057,1
1.5354247973472854,1.4640987330015616,1.7611239184081984,-0.4245799542198355,0.727677540819833,-0.6607532900506731,-1.1662575623013753,-0.08356057892139096,0.48203145856144936,-0.23338471256287363,1.3780788707816123,0.4919741689125344,-0.8082207418701579,-1.0297540049222578,-0.20108923315953414,1.1248597759835008,1.8735064229014986,-1.0176135643190172,0.45712133044296943,-0.7015857445877196,-1.195383127801417,-0.4498361878153665,-1.873141936620209,-2.3578515171435486,-1.48817730004945,0
0.9701257944365529,-1.852076985900001,-0.12875063418053925,-0.6082253186741982,-3.5378585664565723,0.33085405911887233,3.512665607511834,-0.6368317876526167,-0.1538578619572154,0.4314529059967518,0.02490216509542309,-0.8789127520451532,0.8790212500494528,-0.38226959657826753,-3.3046384951532337,1.3085650078166664,0.24043776047007226,0.6807799341134321,0.8025755351841237,0.5409778240572447,0.423882500608475,1.3292818278961698,0.3092176152720453,0.585604303100192,0.6651643518762436,1
2.4093971688356555,0.3226487913983052,-0.4143871339194921,-2.108958957640226,-0.6865754956584473,-0.7411914051289203,-0.39086867776707124,0.7193367323558634,-1.0340802884264,-0.8213896204015005,1.4343937533998345,-0.8447064919170006,-1.6037886772943937,1.6696100086791645,0.709877244865176,1.700494498406984,0.3601704484875521,-1.4360053760630642,0.8345383947360505,-2.0221980341147776,-0.4683508201387184,-0.4974287150534342,0.8405549792448108,1.6202817782045957,2.321384329332862,1
-2.371489929669913,-1.7933846857574478,-0.4339669192055069,-0.43796193500730646,0.10740088531000105,-0.6306863099209121,1.1021960828440749,-1.1344426644102936,0.37274426831949414,2.41759092347319,1.353250681783676,0.5972571164958533,2.3246931719143666,2.0312967212235313,-0.007628590043731287,1.1607777939290513,0.6946062932212469,-0.26208678954616815,0.14457712353867605,-2.1233448453336434,1.2179124915226094,0.4711114217841498,-2.069813225694341,0.0215556809380274,0.5545837035476544,1
2.698034129984607,-0.3173678529628448,-0.0012198268059424588,-2.639771294058111,0.6687297662124021,1.4982494189853446,-0.15121433817628382,1.555636666098416,0.3574494860485866,-0.20756944550929823,-0.2594872046139825,-1.047115455882485,1.3201863941304628,1.5125625240287817,2.710088239285274,-2.1148754494035082,-0.10098533930932296,1.0904606745877783,-2.124095569048449,1.0793610026299514,-0.5006235809554223,0.32908798495708685,0.269292339109313,1.45226884291248,0.628032336433004,1
0.007827539936900385,-0.41561284006873844,1.7513164323384227,-0.9903451292883766,1.214490935687797,0.4296882716762811,-1.8526601689698592,-0.8195727631910459,-0.04770881687646361,-0.40078367180189767,-0.5535395986883874,-0.11043541886867703,-1.1861539081669508,0.3138987499525533,-0.25197311855431304,-0.30877626858344237,-2.5750692308738325,0.03527261955777661,-1.0358548619069905,-0.5743427412206845,0.011169416539139276,-0.2881049155023381,2.170373962759218,-0.3629435405463762,-2.463982239736867,0
0.7195365388292015,2.7790687921244634,1.154405768704709,0.5496369755049882,-0.1565716880467923,0.7380508830884354,0.5500133121867827,-2.2082469526721935,0.531383931268556,1.8350542017905855,-1.121663936772652,0.3054989887985139,1.6741712905069623,-2.2414854438601486,0.6780009491811938,-1.9492787846479929,-1.4711544407723447,-0.39536767271584394,-1.844876762208934,-0.7815719860315897,0.3341780034941525,-2.1643544434032,0.207186345034585,-3.1939284215547605,-1.0592771234053684,0
-0.23025511015797184,-0.3657782778975065,-0.12269350951868402,-1.0311161012489538,1.8469631967823548,-0.2847431006620334,-1.2415285629038415,-0.14279648537447398,0.38638083002305296,-0.3820529540102568,1.8524026202766828,-1.6156520629643971,-0.4940193916069419,-0.06524649332089157,-1.0581253084435864,-2.4314885294384507,0.881240312720287,-2.7164631640934855,1.1946670923148015,0.5078932738137049,0.9212184509483012,-0.2623504536086746,2.6056167639946493,-1.6180775306679205,-2.611498202459118,1
-0.048614640617222205,-0.15603215003465098,0.6724006502983815,-1.5188522680532928,0.6691437024961993,1.231762349873793,-1.4025708452127357,2.2926352464170083,2.241345119002086,-0.5317458862487914,-0.34411258593802163,-0.6217098762911901,0.36036390853956946,2.327827668091292,0.4595002057812473,-0.2985676186311127,-2.013068157556101,-2.150196457168497,2.0569656395764366,-1.7266375452871605,-0.9488200394504737,-1.1028618892082989,-0.32530264722821767,0.6913878866955971,1.0154872518868268,1
-0.5382545660511765,0.4225869796287254,-0.6557295183142609,-0.44651764697051755,-0.4727261538298003,1.429149841316454,-0.07791672694400109,0.6799010051849279,-0.13487367187717214,-0.9025252212047681,1.4168266610074158,-0.8675923997252216,1.408471409417781,-0.7694940866248688,-1.0797167716469052,1.3087654284575256,2.284477830539773,-0.31927678344753807,0.44078466539980155,-0.19816879414883903,2.4386748932334834,0.601960113293097,-0.5012648044922405,-0.0502858380588046,1.5423493231262693,0
-0.7724685315805967,-0.08496834962331051,3.235907647539232,-1.137246145808673,1.7544983454019951,1.4121988195956785,0.5909486375268095,0.4310348795316452,4.649499399339538,-1.33721741062377,-1.3491954058169597,0.8212248959999959,-2.7707471664364824,1.5978996953366758,1.885302944244033,-0.7608711189459326,-0.7929851210915821,0.4346370177874028,-1.7459006554711518,-1.717269425820078,-0.5168757071528258,-0.4528227056955711,-0.6419936807630339,-0.19883257494758544,0.8876818407471606,1
-1.4771130271410742,-0.5768648367839861,-1.1611516855548671,1.2551964148843329,-0.6268894072155373,-2.5545860848079736,0.05221393854615486,0.49781138985602286,0.8639239643988746,1.983779102141177,1.166677270364868,1.9836151552219825,0.7374461252957792,-1.040774460864815,-1.3791313315197744,2.368468913986322,0.39660505137787244,-1.6903954339278158,0.04539331057977114,0.08509286698581067,0.8688641781910548,0.5068585631140902,-0.6408030477438769,0.7326621581760052,-0.09561491599684166,1
-0.34947161091473755,-0.24738407680148722,1.00124685829504,-0.7467207203661392,0.6977934406105161,1.3011468062016065,1.6353487434552934,0.9602446752209505,-0.5051449522565253,1.5127480676337532,-1.7300552545935766,0.0922980412076515,0.26410027454361745,0.530243937309835,1.3687274291729232,-0.4725820348783703,-1.603573759305454,0.9968496215978886,-1.5644522486233745,2.0525114654456202,1.1532883348910987,0.9951106757894366,-0.024015205471524796,-1.4539228189438242,-0.8044619609016737,0
1.2061409294702607,0.12166736271058448,0.027573208159677738,-3.1242818011770526,-2.3471468339073196,2.6908305736889355,0.40940483170851194,1.87156411003298,-0.3873758226541887,-1.909986134021439,0.8182042991965925,0.02609900466030468,-0.6663813816699473,3.0357248293362122,-0.24728821560339687,-0.0504235380666723,-0.670434437192725,-0.6962521555900776,1.6187547508590308,0.783973515942697,-0.35624105840463455,0.018431117131289865,1.1698149142717849,1.0227169920213488,0.39281099459800534,1
0.11258768860109455,0.5433032211217762,0.31964860466889844,-0.9631251151928236,-0.6301229839779646,0.37621355112805316,-1.03386413014775,1.9464056279260937,-1.4466263168989975,0.9927406543179749,1.780310057302514,0.6852581517403789,-0.6511042663971964,-0.4423602200774668,-0.06543990136960465,-1.2545192712442927,-1.1914277992553954,0.446553436378756,-0.02234929912785999,0.34037349038974535,-0.31650948585076655,-1.738274722295703,0.4718542304794698,-1.5587506080253397,0.12694392284236908,0
-1.392097531024292,1.8121266593636898,-1.6971763014426504,1.6737487749228686,-1.6926332288104096,0.5990861883289509,-0.1707448494434507,-1.4489420171652818,0.2367999460725997,2.4239666186638384,2.5933495169516956,0.5330664312680584,-1.9666575090697678,-0.9555425315253843,-1.8714213610439838,1.0079747159947485,0.7809824185720111,0.03953307383668603,-1.6206065347664702,1.0874124983655156,-0.006085366604711262,0.16396931817540897,-0.16153517565797149,-0.40695198276884725,-0.9643698259225004,0
0.22516457251744415,0.35200129706842886,1.2197695045769965,0.8158611644313082,-3.5040785138894446,-1.5549730085323141,-0.8872413955233767,-0.8520379075741374,-0.9470988306872793,1.4475972558609875,0.7921381778931017,0.9274539653501213,2.024085349161431,-2.1722768900609988,-0.08882399058801205,0.00874772403547519,0.2983416029760053,0.6555041468583709,-0.6249863558399282,0.6704631205411674,-0.9833240447794804,0.12037603848822692,-1.062640993596518,0.15798316376855182,-0.7134637963035423,0
-0.5415566412244133,-1.2926917832078437,-0.451851900626691,-1.4040447043370818,3.1765846877600676,-0.8409751818767818,1.6382155498358122,1.2913591199386465,1.4930820970545762,-2.1215070228153134,1.0328333598582293,0.1344243842113224,0.395842760855445,1.440687038641583,0.8801568762572476,-0.1553441335034631,-0.7478594920582547,-0.3211200854444959,-1.0834821807309232,0.2510216688909521,2.3250677346393243,0.41066461269872967,-0.9050885090341247,0.5249481363879455,0.6237412695900584,0
0.14675764324034501,0.47842471174255513,-1.7465443160016836,0.17012868614705245,-0.05188627866960671,0.016770014618494256,1.879393094407011,-2.3207742765536463,0.046908462228767434,-1.7836734816298638,-0.8406972528007519,-1.379258352800111,0.8859604036594946,0.23743196539024447,0.04523238223108583,0.8313641900569834,0.05481154450925119,0.3764880603955534,2.0821948532473056,-0.7368446228516655,1.0504105096980845,0.49591970358937115,0.609588831806058,2.1378704619025197,-0.2701855052379576,1
0.3231556548120404,-2.1395279972883525,0.7866264340942033,-0.7656367104159412,2.5249109309301057,-0.17458594299320762,-1.9191477264740056,0.2802901570205072,-0.22345785611958868,-1.67211405318155,-0.16775730609538542,-1.2899085585382661,-0.5345323693869393,0.15138008174537426,0.07936452983145537,-0.1381505714601944,0.025163588324513653,0.38807675862459484,0.20711337741489672,1.7311148411681616,-1.0685113571690157,0.6008934306621088,0.22337638461387638,-1.4275757959237012,0.33370158163759533,0
0.5468584334530292,0.5842348950091294,-0.09971336515646895,-0.8426180967768298,0.760547083903899,-1.7597801215140427,-1.6228318405749134,2.2875403437865662,-0.2610948342686098,1.669975825168669,-1.8326318752904354,1.0665662739554542,-0.05175847538787137,1.6360970993409323,0.673834031005933,2.160913545554818,1.7506042173117868,1.365575177822778,-1.492985273060382,0.10518228960933351,0.5083893376765719,0.49672838773090394,0.6990457199489708,-2.663654363141089,0.04959643599523189,0
-0.19019508572070942,-0.14979203608049207,0.20995122488143836,-0.2666333273681789,-0.7178852502451029,-0.8776281403214246,-1.229842377589119,-0.842667888545786,-0.6219574304254807,-0.49232876745001497,-0.06193815636164789,-1.8950215884285915,-0.5770142098433384,-1.8927901093414474,0.27173731114213623,0.9984454309296946,-0.7411335963524893,-1.3164117609872883,1.132458048315267,1.3978619528370182,1.872709440454181,-0.2272724990658227,-0.5876733720985711,-0.3170748294428351,-0.8633496268507391,0
-0.08382086129355637,0.5199411873669865,0.4025886365527681,-1.2211879038200202,-0.4203803263410347,0.16711153324976458,0.5008962788288253,2.6502970121722162,1.4869920469224016,-0.9701560428474175,-0.7428229753023579,0.38863455417364046,-1.1508767360419419,-1.2084727729291092,-0.18396373107354227,-1.1792008825062048,0.354553039264634,0.09118543060540019,-0.1841910741541671,-0.8150101213895529,0.2713150361821469,-1.4473930532272181,0.10401421098407371,0.05928671882410208,1.008524418735138,1
-0.8898246556847744,-0.41806846783419405,0.9654576399514803,-0.663171734077995,-2.5055746686417684,-0.7067017945103082,0.8557388505626761,0.3397720367938818,-0.5501817290766234,0.5788781202568041,1.9897828604527117,0.6082531214885796,-0.21846709635804806,-2.4872414884067418,-2.4003017584579265,-0.13947329048117568,0.2548546266981165,1.7005052746511966,-1.8883304019661338,1.583654954476708,1.025111199894509,0.7888139797896437,-1.725136779641421,0.8543209973050468,0.5621947144466097,0
-1.0853850219941905,1.1491060311168468,-0.7940592836150978,-0.8515636158104608,-1.064056709583765,0.2972103851925486,0.4769133471669771,-0.6680602127828936,0.2103396425174081,-0.1070401669173941,-1.8739659580846695,-1.82864216777042,0.17962859465644276,1.779837290567031,0.04363717373052323,-0.4431969385516719,-1.1831850733033327,-0.15643197047731883,0.3498315098675675,0.08426214767691925,0.5336468878546098,-0.7578009396996909,0.17706269899830995,-0.7946630380113345,-0.5997036493657746,1
-1.3276129803346688,-0.47149424258142186,-0.19560395345693732,0.5877404839692907,1.5052341106735463,0.2043585429108079,-0.30259035939137746,2.35920275476182,-1.6889133036838677,-0.6192883901756245,-1.6662331767218115,-2.6030550496339027,1.1026999241082627,-2.2197017744194745,-1.2043202706952196,1.3284874239341085,2.6499916280112186,0.09634265363606385,0.020197344282331553,-0.2144121446813695,2.2044983606596356,0.6318830996247322,0.5026561718990141,1.0555147685094126,-1.295726961990897,0
-0.05690282698438062,-0.6926281441542415,-1.3025686362443607,2.1735451199626943,0.4168642946527159,0.012968074344631653,-0.9644525660540922,-0.8818814157129286,1.6888474216064426,-0.3544363096249009,-0.9779753453919816,-1.031628904606465,0.4114972135865701,0.36575776751756356,0.7313813221007761,-1.2302378869791322,0.1196387282945503,-0.07316771732538108,-1.3388610266200653,0.4925561126741651,-0.9033024174354097,-0.1065171567244998,-0.31822145792448087,-1.5608574709900895,-2.19978934261801,1
-0.26852424190043966,1.8461421357226073,-0.15261840485990075,-0.5365197604666125,1.0719704504565601,0.4567681873294922,0.8994797428980452,0.7950387218316617,0.4882662093404744,-1.2574051795636618,2.0200626606586995,-1.5035073656060365,1.7367408005702716,1.6050057394489436,0.3829695690225796,0.12859440165492197,1.1064980258229125,-2.4892815906108017,2.004102840626583,-0.02034630352976219,-0.19632231302447278,0.1860846441160498,1.816085867273306,1.042221174518419,0.22467856922762816,1
-0.4774290211186434,-1.7885584041975793,-0.7821584504892065,-0.2061443013301949,0.2494635200793277,0.18565795522506728,-1.2647657787052524,-0.07340494342834214,-1.2564074324984769,1.4251897808512646,1.8131042926046346,-0.02896445711120821,2.304475185613564,-1.424368646558265,-0.9165936418779326,-0.010629866445273195,0.6798477321844945,3.1040108796387003,-0.4066433107497602,1.9965061114910638,0.44250952354136563,-0.4711695637976079,-1.5241316545396093,-0.8930691179541843,-0.6337921093190273,0
-0.7065711637703317,1.18603478389206,-0.5796554272274416,-1.0833427196788443,0.36785613420141555,0.7832892502037988,0.0973627516226043,-0.7076198817484065,-1.0268876673307143,-0.8851663460431164,-0.23970888483735714,0.9587478381718633,-1.922765561249334,0.36294340492560384,-0.8505053717754716,1.677059257510797,0.597482913161813,-0.9683419765167354,-0.5622479608606931,0.5289455813688225,-0.5690891012342301,-0.2663011044028341,0.722952081890545,1.3531657528910963,0.025737451205920303,1
0.7726393641520657,-1.3479511291734112,-1.1825460926947906,0.4038981693703505,0.5421729394898456,-0.8681573206681661,-2.5565702008792233,0.6932953913627211,-1.307124532985352,0.297941675271311,-0.023423128105085067,-2.5273581617227623,0.3350887688894919,-0.32065959539650235,0.11237850873331268,-1.1516401934430394,-0.13597894760275547,0.5945885902737271,0.6581751137092264,2.791597091442615,2.6226228090950747,0.39764370472799354,-0.05819751024017955,-0.5200310345709698,-0.09772660646879638,0
-0.6734768416427603,0.4782975742921858,2.3250470241310817,-0.6731743169412719,-0.5053729276319253,1.5258603125498198,-3.277393618211141,1.3256505036806345,-1.4407726515991204,1.039280092293454,-2.398523667957968,1.0347987644911911,-2.886525955228701,1.118376000523536,-0.2138981452463593,-0.48941632275821856,0.7149788062338209,0.28771142590054744,-0.03542989597750418,1.472835431791124,0.07198780080660927,-0.5499251738340548,-0.692166413795659,-2.0444661197832006,-1.4590447669169355,0
0.5789410586942626,0.93954395092668,-2.121833455610813,-0.6827516713222513,-0.051852191644686255,-1.1903105893761068,-0.6208733419293065,0.8951698252601835,-0.7002455081231237,1.4536289404530285,-0.1500816640323328,-1.402796752307578,2.6071963582870734,-1.4923848988802817,1.5537050185938723,1.246678405642573,-1.078176622280768,-2.4565225601622984,2.205173307396692,-2.22518982344816,0.21337052211736696,0.06883253790736765,-0.03011795368166248,0.39285513963163354,-1.185331564281014,1
-0.6547615357512807,0.059260663174113354,-2.061805115816485,-1.3639137600222944,-0.35612287506226936,-2.7048866386241297,1.3745343601413225,0.13351603872564827,-2.249905690683677,-0.13157447958806942,2.3039346721009526,0.416760256411568,0.9283373202693977,-1.0269288953252111,0.1104316663739151,-0.9452777584772019,1.8161826122039335,0.8091676352186669,0.982703554420109,0.5436267535470931,-0.16144723000197825,-0.9446856531859708,1.670524770264434,-0.10304712351976608,1.4161825150354423,1
0.53131293402414,1.4173227199635252,-1.1061268128851323,-1.2997900269481621,-0.3393701785357366,-1.3319859054404515,-3.5526992161320754,1.0606035337888131,-0.22227308645792743,-0.6427541555758929,-1.963201278746058,-1.9052179242919731,1.579112460123228,0.5987476768401658,0.15700464240478917,-1.9323370074701276,0.2815671125695537,0.31098570878711007,0.22957129368354237,0.8071188678785822,0.9885164884776902,1.1817825344427269,-0.21106535180849073,1.8016851602764956,-0.5324940227619057,1
1.3595003350906358,1.0598176161103048,1.4999110494564492,0.3193201909986259,0.11704637446946431,-1.2682402397504284,-1.4642108150607893,-1.0642099810693275,0.12957693241359453,-0.03223782964774424,1.3821853879557402,-0.43598172025486315,-1.2012752095756327,1.2422464667996511,-1.2722132668662984,-0.061201049312399,-1.418332560252989,-0.003712527866257309,-1.7013343754196244,0.6749645720567441,-1.0451164085349,-1.7029140214922736,-2.1000342858033267,-0.4675292780124302,-0.11895104051666577,0
1.592216053424091,1.556000487349459,0.4022155014587959,-0.44206048422629235,0.34999329732544526,2.5579477599902205,0.7816985064156786,-1.0988654979504258,1.0873422920801388,0.8461660723138695,-0.6534130837528599,-1.7741940537082126,0.9897145453974334,2.353982107461343,-0.8699439313928121,-1.8448850630727838,-1.7847709479368172,0.24044112347001367,3.3936116796185285,0.5753472446261332,1.504202064707185,1.4106671164601845,-0.3171193834651912,-0.6559210103278548,-0.09966781569604999,1
-0.4177911801514564,0.9104466503816199,0.9308356605902156,0.5173213758018641,-0.6133856572839235,-0.9391846685541798,-0.992217753789901,-1.5990340464217319,-0.7727828952068002,0.9353669667158047,0.0012280129925038574,0.7183736420446787,0.3487538027739037,0.47529126281658085,-1.390405243520851,0.19352635058640144,0.42502586969145195,0.4051856893091258,-0.7767019883053841,-1.5727199290846008,-0.8927845326223661,0.6558140777064214,-0.9835709909082127,2.3732182906138646,-1.1535396688055446,1
-0.18432795911948985,1.5990850512040073,1.1012680789530163,-1.4004823984231172,-0.5712502376735084,-0.025688522505020628,0.9202388003707129,-0.5936782820508664,0.018484307180573256,1.380843598039637,1.6133854458874668,-0.051271847908435086,1.1240406024462435,1.2338612688939998,-0.7521095241832225,1.334689098358017,0.5602168822588591,1.436740672472492,-0.023170324974415485,1.6873076009992887,-1.46503664976672,-0.3070930082503549,-0.5470378121914468,1.620571451092443,0.17822075709161625,0
1.623112883335177,-0.9779941340480299,-0.8238824016041293,-1.635102472066811,2.915083637994849,-1.094566049788373,-0.18575321591910707,0.23309117754397923,1.538726549383447,-0.11201115965074215,-0.2780843543796259,-1.502929548353914,1.6770661609128645,0.12573131597452814,-1.1155171441974596,-0.7863551811732042,-0.67289820838903,-0.6328096597387074,3.5674238764815733,0.30755027866322837,-0.11868877997555538,2.0238288694379083,1.2418567116449128,-0.16932866100434102,1.1239676734276145,1
1.6342163059996717,-1.9271294077741596,0.46051633985119145,0.1823907641408214,-0.7186140357196585,0.31442665722316565,-0.4743032571112431,0.9398802490843599,2.1870335686083386,0.23636608982449053,-1.8844111426013008,0.6312254562095574,-1.8039629269252608,0.9510687988004163,-0.09877818364584423,-1.8529654836938356,-1.2985944572031,0.716541369232048,1.5789207152158358,0.320865327873316,-2.344574377854282,1.0104469788795738,-0.3949222843743603,-0.3244352929070949,-0.6126465419787266,0
0.7414670154876924,-1.8581684878004459,0.729951207923361,-1.729022749291018,0.34796168095088287,1.3066014899240954,-3.119046869122544,2.910898320180735,0.6147013871308231,1.0215793271323144,1.2433541052219654,1.2669841120148564,-0.3632318963532795,1.00440881021989,0.3962709741201888,0.5593385931200999,-0.42154909234856036,2.7209409250460808,-1.558240332227889,0.44477354113845724,0.22490049614650587,-0.7053642220490068,1.0999632896110116,-0.0293711574105735,-3.021419396562128,0
-0.6867609569171115,0.30377894504643543,-1.1504866709987618,-2.0228712078333526,-0.13089550820463902,0.4297539625554587,0.2105559003278803,-0.8364508153859309,0.35429084168450675,-0.7814139893004621,1.5197477055832072,0.03231237026220379,1.3254354011613583,0.6663422134272495,-0.4955759091099458,1.0181004216976155,0.10564075833615233,0.16246482899448378,-0.3246538966641308,-1.0116336155784562,-0.04340300647815637,1.7970160241989834,0.4295351409668997,-0.7398905502957829,2.204773175650996,1
-1.0714751537690825,-2.6692143837464597,-0.7068582993535854,2.7602693027842617,0.9306754577452132,0.6915263238678875,-0.25260012086448863,-2.0595364769617213,-0.555584766317251,0.520917620663855,-0.10908885903508653,-0.7662485190369601,-1.7618481100198424,-0.9880332290740709,-0.8102926568355255,-1.9814155082341756,0.17710271853686155,2.1344465166474205,-1.473959516126349,0.17903895363297012,-1.1087588974400835,-2.569189744234993,-0.1999365211718982,0.9626690992629302,1.4671653898493804,0
-1.7289030033704058,-1.0544571846692503,-2.504156197591369,-0.6570709294117786,-3.3412763905177565,0.9657406019543741,1.6438851302585715,0.9842041001679863,-0.7168890075604059,-2.404168336955431,0.30332060163903285,-0.5208810741687584,2.9862384455002666,-1.8851698988369803,-0.31918791181268213,-0.1491212936934745,2.7250998150289885,-2.0296210669736556,-0.516813252165335,0.5666724137670021,-0.6753539678695084,-1.5353128869794905,0.42747640531435693,4.516050320950506,0.6131086288486027,1
-0.4027117975394363,-0.6979790693263019,0.6942392240947399,1.3640021285510935,-1.7182524846333949,-2.0094886448427,-0.4393589383795979,-0.7858870142014345,-3.122915245135149,0.19290654926975842,1.6143959460109916,1.2923103334179011,2.1049994616458623,-2.1894789504385432,-0.5751895038614196,2.6331926566337294,-1.8596696558812802,0.7622836227798369,-1.2571601344241368,0.872529476483447,-0.7045688368611103,1.136356875411195,1.0349175559967065,-0.5784723362316064,0.7463032955947922,0
-1.5167115089584025,-0.19936638090400038,0.05146318039840947,-1.2143768006640918,-1.4868007084774486,1.156817668124872,0.5287539589981706,-1.7406974243512676,0.8393407204879003,1.5863662159422725,-1.2812803287792631,0.013348460573242071,-0.03556363198376322,-1.1409493969616158,1.1332227256566165,-0.822993326064623,-1.2172066644128743,0.25519976663331406,-0.9661127265707183,-0.4562813551105917,-0.3637070759095331,1.9175532894635705,1.5121395786075609,0.4871873096201511,2.724824480001038,0
1.397616287440112,0.12759477097103172,2.4049624061376567,-2.5250068947194193,-1.644621183910085,0.13457401370253833,-0.9705769584417229,1.5152356620371457,1.4264548813914464,-0.46062385943766765,1.013841137538864,-2.4623803456995708,1.7735650856552259,1.0447999832955577,3.6135978150054955,0.47096154122991357,0.03863342927223756,-1.7305613216881912,0.8737373773236522,-1.58857799040777,1.1110521912707378,0.7777813133657799,1.6698591826820164,1.2554013830797244,0.8344938458975235,1
-1.5891577322145387,0.3839463358361104,0.15894394824580194,-0.6991597092575591,-0.06542862496587959,0.14559152966858707,-1.248372024403665,0.7864454650897101,-1.61306711652188,-2.696901003664259,0.26328682601556586,-3.1645214226646887,-0.8527522109913451,-0.3557418845058066,-1.047513968268452,-0.3428580166110432,-1.3223163404710778,-0.3382377461235412,-0.274296087387647,-0.1168767518739634,1.7514872640763737,1.61002301132249,0.029757641789074807,0.5416107815503404,0.44696754011843115,1
-1.193224870924503,-2.0127787584295698,1.403100085013084,0.1131366627812459,-1.0822676992003348,0.8554309951886125,1.3796221637730248,-0.14222173567221108,1.187690750800037,-1.9376031854458013,2.008236909731354,1.3442534460886018,2.346185259349854,-0.8621625088214473,-1.2346430707658742,0.42929023971233915,2.0633217670844064,1.1359420857176996,-1.1184973533091986,1.9173525068858843,0.6468409977475377,0.45658335835877634,2.337787354134618,0.7507641918536769,0.44182621390048576,0
0.39501009252150343,0.13604695879367285,1.4292715731690027,1.2098126736517552,-0.3374628543877598,-1.9428715982644782,0.914854685885914,1.0651250453073096,-0.8488605317933147,1.5275107546925604,0.2556634395932896,-0.5288563943760788,-0.44183614350523126,-0.8337783452349804,-0.5655226891516848,-1.0805244679719348,1.2005028827519855,1.689868582043782,-0.7729886315682593,0.775820264400739,-1.3226205203197678,1.2760151000457032,0.032884679775939785,-1.645321735258649,1.5661943014648907,0
-0.8073078085337381,-3.361681870016413,-0.013426379460295346,-0.5316108068782304,-0.6051559761889667,-0.7612545934570514,0.0859821237352747,1.0799946089474948,-0.4030087988064783,-0.4831410357268048,2.5555927361498267,1.2342248237831046,1.3863913825762473,-1.813495261884063,-0.851853076902642,0.8532924529297199,1.6381552578345135,0.9881010004669252,-2.3517147782341405,0.00010369075594995891,0.22833244627841814,-0.40934704773996716,1.1837396930232305,0.17520747959719196,-0.8640864521565851,0
-0.5489683045798368,0.8061517755707992,1.1808769581585583,1.3146568654575814,0.3815916281462244,1.4258911615354963,-2.0760973695045255,-1.7330962429803018,0.026286781470607146,0.8912259268397189,-0.4527394601394852,-0.8509999098700626,-1.8207402471514773,-2.3070883591824156,-0.43257691465754106,-3.545186411432476,-2.167801165292424,0.21495639105114514,-0.23233159054966585,0.5833522124981546,0.11203324940745041,-0.6374288514306102,0.7799064881510778,0.3476437578932514,0.8038681118385118,1
1.521022959996023,1.630605029575515,-2.2057748292448407,-0.4692967885698509,1.148225656966217,0.5528856994486573,-0.29979411289547375,1.1297386262955667,-0.9855329148062715,-2.2542689565848053,2.306030029660732,-1.7832337816548822,0.6466705010648032,-2.2639433542499283,0.013672684687436529,0.8394480061351299,0.8962107653217892,0.4367873062169846,0.1974975055617939,0.3037471135630405,-0.2446787752858618,0.1356510773739435,-0.13221493341593027,0.7996711518564145,-0.14417747180822393,1
-3.080406485386713,-1.4222191831007454,-1.2414031833334929,0.05829243377731819,0.05374980436280201,0.4763023799836716,-1.2183937398610425,1.0216567336801106,0.6243700254511193,-0.8668497590457892,0.480924723900486,1.3125375813012181,0.36387440437691687,0.28635366923652755,-0.06519193624721112,2.0404332111787955,0.2167966293196847,0.690093289272523,-1.2703735298080256,0.4689427081861566,-0.5873997679028249,-1.3597507260323343,0.28953159932054606,0.15042379292551633,-2.0509211474956617,0
-0.006540270991053171,-1.4173112260811722,3.700327713762692,1.1814237578160067,0.09969024623869802,-1.4582269049044903,0.20041465741640418,1.554813341132422,1.5447116905726366,-0.024949335461970867,-0.9968520981255728,1.121084899099687,-0.6394669177227333,-0.23509898555806302,-0.04599588218844461,-1.1999476335675856,0.8506525139688718,-1.2102967209597586,-1.4233863974751828,0.11094981658477882,-0.644359914510635,-1.6335990425755984,1.8473409557599307,-0.07496998438594782,2.222836153195193,0
-0.21426719367922598,0.8422919226161902,-2.172694236964561,-0.9388612741251225,1.7199527639326841,0.4298932165335555,1.3765477029530775,0.6526258093304211,-0.9457448642515196,-0.56378973985443,0.8115885460009604,0.7722956368536358,-1.7115756342894928,-1.3344838356130027,-0.18738132617019163,0.4668537058857015,0.17831734349136263,-0.24927973822661148,-1.261794981834357,-0.005409372080089736,1.0874156396722348,2.5853720974313354,0.8432390101900438,-1.5637920938493166,0.11000439072876286,1
0.4741143504118015,-2.9913880420710552,-0.123808108271095,-0.15444070815371153,-1.966303876329647,-0.4763780940328535,-1.240405282007023,0.2861697428992696,-2.2029117599139485,0.9671824818088091,0.8040195044529334,-0.5988911412687717,1.0559767531726092,-1.1443693163414392,-1.246277949852167,1.0597617740106537,-0.9628044685354913,1.7506425449263785,0.9037394930551921,0.19007556053692432,0.783749795379137,-0.2523406165171338,-0.2854760276493799,-1.1018708667589314,2.617521274457261,0
0.5118363709593363,-2.538463939266191,2.590732350751284,0.683100808145285,-0.371361073699969,-2.2851731976430765,0.6047022060589381,-0.7120972795365039,-1.1565161177212877,2.3757113817928386,1.2599113249483354,-0.28779708580175234,0.5999122822698795,-1.8236089767923451,-0.6179760422037075,0.9936050828744036,-0.6836841920520509,1.1246523175626038,-0.6147771464485088,1.6149140164714977,-2.458641116775757,-1.5490726535206418,-0.8474325452266291,-0.23095174449565403,0.41628885700084417,0
-0.9570267932167245,0.21536708674600288,-0.10320597324300373,-1.6059675971655727,-1.2701470914459603,0.007172358132614298,-0.7424323877280006,-0.5629063178267893,1.669087216523039,1.4712474023097586,1.1125861304190818,-2.9784974922380796,0.12007973561327703,-0.8094082716042662,1.0295335720994074,1.8757965658597269,-0.05401141838758422,-2.684938176241248,0.4573728259185543,1.7413242151310966,-0.09397572308201674,1.5100892462978492,-0.3861619191343573,0.19587963000172742,-2.916208745352051,0
2.4829751789277017,0.06620811860921028,-3.25513947531471,0.4996799177968351,1.050167777304547,1.2484622656998803,-1.1106245212915336,-0.30546095357775643,0.47494220694289013,-1.4294250260742158,-1.3523507850402754,-2.5876081228854066,-0.6992606845132117,-0.41954771647521216,0.7112543409373767,-0.9542314303751858,-1.4941305461118937,-0.03394054343835179,-0.6375740372744153,-0.8128300987300767,0.862985927824858,0.032981357687430546,0.8203289579943334,0.08268175052820115,0.8730393774786015,1
2.218878444092552,1.2578903010275595,0.4194829209725659,-0.6535360919565051,1.8009243225231115,0.6293021754046761,-0.26322083955608955,-0.872169710142425,-0.37207768319045714,-1.632361664446901,-0.9005467435849185,1.079364747194724,1.541797070616983,1.31492697030713,1.2745184328991586,-0.20479338464272034,1.801327269617989,-2.0462133260941426,0.2054827890678229,0.26768748402710263,1.0389457317650383,0.17148268056898042,1.962824601361626,1.5747795211676825,-0.07748272666645639,0
-1.0627814112242149,-1.8407740265268826,-0.13868685892589722,1.9308842784126652,0.26511074855299277,-2.064525112787648,0.4437777693934851,-0.6563056134580758,-2.8764901055455816,-0.8111691443277878,0.06608986310629605,1.9334418300331777,1.362892415058195,-0.6939916096380021,-1.0064630158356032,0.44020646366137073,-0.3673257161380097,2.2439259311869324,-1.1802053542951567,-0.8636293425521243,-1.6665259942918196,1.033712636983122,-0.4972656881812262,0.20954267572577479,0.08037011508304293,0
2.3645451377933036,1.7246942865797785,1.6411866759874154,-1.562810809343428,1.3778422399385695,-0.9249568395708363,-0.20907020626961326,2.615912397814373,0.030200057809011804,-0.10903332352782562,-2.619821382189524,0.8338637941688715,-1.5759113476268665,-0.2806313872560904,-2.066118189251864,-0.3931116074648209,-0.2925971454692529,-1.2509543721027965,-1.7209277017597124,-0.17981332105478368,0.09609515161395588,-0.957076004128262,0.6285504535051789,0.3343562394731311,1.0080301828193867,0
1.4676722424452067,-2.151501799441176,-0.5284812912858599,0.044842766321211425,0.6113481921988799,1.264293573156146,-0.1273092843615548,0.6888469977089868,1.3389736992291588,0.38293469395902074,0.1599724719588511,0.7790435261034536,-2.0453153546900045,-1.8958071969886494,1.1027979127893308,-0.11468230726163708,0.5407284630992917,2.914963702820646,-1.24719516854941,-0.44431100589126654,-2.0184083591059494,-0.3203818467101762,-0.3124608199846304,-0.3117186703687542,-0.8187303947361488,0
-0.35625355332453845,-0.2201952384686468,-0.1370669778019422,-0.8680705485999428,1.80643357881278,2.338259980791096,-0.27154690310862795,-0.20265684812554174,0.22331403159607066,1.4934746829729553,0.6028028113697884,-0.22537813772766135,-0.24536143847489345,3.0544955735397674,0.5099523885725157,0.6287191230029114,-1.7608675640920408,1.5824634224740415,-0.7315053723551179,0.30169607834180734,-2.250976719299457,-1.0053564288047794,-0.8992143396785439,1.8771434807304388,0.29299252100534834,0
-0.2954313593141445,0.20696825395082874,-0.12219312205266541,2.016695946806145,2.1966418650170514,2.9072684454751263,-3.5589361030815656,0.18671294175914838,0.01542236870441216,-0.40798917744188556,-2.1130015333524974,0.01489969028270488,-0.31875903395291894,1.8219262608756979,1.3910296841986944,0.809576954964364,0.4117074635434701,-0.44253497884045356,-0.7099341553788631,1.9348291905864448,-1.2188187761693974,1.0007440610956513,1.4247635261449696,0.7194125918857801,0.8848802512413131,1
0.9356739238049915,2.7387943629062668,-2.1342247107693906,0.2606136505105696,-0.6514390802168112,-0.9355149933459677,2.329698513489931,-0.8679724616099278,-1.4511322587658684,-0.6652520818457018,1.8815545886182539,-0.14628075299767992,-1.0220304820233679,1.1536277233049719,-1.0791477587577754,-0.9188725809941828,-0.9800818747156217,0.40659411454656946,-0.9817172214082641,-0.16980018591865498,-1.1010306391279645,-0.8727452477521384,-0.8379905676595927,-0.4448320299460863,0.6250954693580395,1
-1.3893798389022236,-0.05836595701017672,1.1798757153257746,0.2634001707969468,0.7547157973311924,0.0985745005404769,-2.827632053122779,-2.064170904411213,-0.43725259980843556,-0.13917685495579663,-1.8600540847415499,0.5492772801594226,0.22622868674129293,0.13693807772716482,2.4165177947270666,-0.4279603498507769,-1.1558699011553508,0.11421623715436578,-0.6744007239111488,0.7267562096934665,-2.4344903857705287,-2.061095558972893,0.136191693346008,0.9836185510040228,-0.031619061162225646,1
0.2348109984207707,0.6491766262202082,-1.4271270246732843,1.2034930172162077,-0.9866796851113513,-2.65967316872736,1.5197082163071831,1.2206217918106192,-0.748449308807791,-0.3444936017126623,-0.9291851803000316,0.16156623199439096,-0.09018390943812737,-0.12102997046999256,0.9818361860312561,-0.7698040154869062,0.5522306461813007,-1.091409550956474,0.9733925784504229,-0.0036418121874019042,-0.6051206302622877,-0.010016462330643128,0.9326452134012599,-2.099384594516242,-0.08628400139314613,1
-1.7042641334111694,-1.8885378891531497,-0.44878861365663514,-2.101300173000223,1.1216158647049344,0.19930882787507964,-1.2720019116600656,0.6330647261876216,-1.7156891143760944,2.9544055486905143,-2.2158099958133293,-0.14853095636800784,1.3629965270440594,1.8288877266117733,0.5120989937445196,-0.004078120126391527,-1.4893122694018466,1.0405941499852058,2.472493141441775,2.7312604956426263,1.0055814181220084,0.24868277069494654,-0.6785302676113362,-2.10637536995898,-1.5415896768973671,0
-1.2693327207654077,-1.194870293808018,0.19390177379886092,0.5577396642962443,0.6724575471632881,1.7083637546595487,-1.6981075182423742,0.3236359913947284,-1.0253643038622815,-1.30789329392644,0.5317985689340223,0.25204874681309325,-1.1206197945777874,-1.5350964675882288,-2.2135690721787262,0.5568324816102002,0.5924119291885812,-0.7052040168818686,1.307049254374686,0.4754290878619628,1.3531680137028648,0.8255078047083968,-3.0495841612921915,-0.5358448752420808,-0.9838760620407953,0
-0.23876102541495836,-0.5964947485739692,-0.9471033838019363,-0.1415928311552258,-0.6911020599621482,-2.8129854838897397,-0.27619764538703107,-0.6209944251108213,-1.488420714023794,-0.48140019933137346,1.3581044671888525,0.5683566211567102,0.5547324124456061,0.013383383905078872,-1.4356902943581829,-0.6671018241712681,1.7685962901551404,-0.016588793371895116,-0.44857363819904406,-0.009007191322092656,0.681035873161401,0.979893543408168,-0.9661273906090129,-2.753857632959454,0.8154147930266623,0
-1.0071602291181165,0.34190640528674354,0.4123872910355372,-0.5847987301435241,-0.7748394966665101,0.1785222928022121,-1.7293732411568141,0.6981737244799608,0.002561809151890526,-1.1716249065702637,0.5206607278791084,-0.12138152805614438,0.5724983770625007,-2.3794055211271523,1.1406774979013605,0.4652246129848772,-0.25654571197442855,0.3164575566624206,-0.07091234360302323,0.12015404200813318,0.5457628440110813,-0.8456636937078787,0.042479429481066526,0.7986255139598669,-1.5733765719185424,0
-0.021377823497294113,-1.2004646332350295,-0.5600399614378495,1.345231372349824,-0.13427716339412477,-1.0131039408934877,0.6205148592159567,0.3635992670384499,-1.972314981762875,0.5009470748137951,1.2830523423409763,0.7550534929088668,1.7135550728895015,-1.9093610458500847,-0.706655723967661,2.6863768670346535,-0.11154206182655169,0.30921139706419876,-1.6985415867154752,0.3888071473875636,0.6520382225567853,-1.1182881937421014,-1.7931866721696352,-0.761120109776295,-0.2871447414813008,0
1.108975004411945,-1.8604209477692617,-0.7644431695970983,1.2221114393430863,-1.9775920440902115,-2.17353354645031,1.199422645332324,-0.4997978690432962,-0.9027184564099349,0.42007583787114716,0.15886855190239357,0.17780781551683733,2.5566013734844817,-2.863441092213277,-0.631737014277463,0.47509835612229534,2.3096032831492104,-2.041743876810516,0.3896637395555341,-1.2202326108022807,-1.0672021136493057,0.6347671505398738,-0.19974231523433428,-0.7819245862474207,1.0411354690426853,1
-0.7060105530378005,-1.737050521445103,1.7077528617086837,1.57756544718386,-1.515819865740819,-1.3814238999559434,-0.9184015791115681,-2.29638739680139,-2.0463548134767775,-0.01328642589230733,1.648863192014536,2.84861553525701,0.8381461440571177,1.183382785071636,0.4462410780127515,-0.19916705715171823,-0.5665608561114468,1.5933315385742577,0.15827820084902278,0.9319629912306396,-0.5156004444839681,1.2843163914801519,-1.568176900818238,1.0540620983690094,-1.1609018844492316,0
-2.2098459756929403,-0.1166662417248012,-1.207612653011887,1.4265689533814208,-0.5500123605100535,-1.772961760049328,1.219371036388492,-0.2909941175551647,-1.2754289707981465,-0.6918060570164791,1.77881237570977,0.4527416386818411,0.03761917584257657,-1.6082383972430438,-0.20770242625637358,-1.1902119608862836,1.4365474519850616,-1.4456188016247933,-2.252215871336978,1.0874770320798335,2.1576411634717796,-1.0103698082135533,0.22207049999697936,0.31086709984933775,-0.0970644470565265,0
0.9357463999577138,1.5470902697479338,1.5032643840788729,-1.2270326139179126,0.15029317763972236,-0.41475180887469876,-0.12417054883148326,0.4721541175682007,1.0125610651966448,0.05283104974386066,-0.21692688413971395,-0.9974188898202277,0.6562928507478247,2.3008840771186647,1.4891663839774658,1.3533684616677044,1.8836238521638704,0.19109936512399683,-0.32261804697760044,-1.4496023402284293,-0.36802987890953687,-0.0035052432549686485,-1.6504936065762794,-0.09742170015542895,1.6087395568997638,1
1.0656303374357288,0.39953274949087214,0.09069177970124565,-1.5023457089653074,0.9618873537303115,-0.8375403200050118,0.7675965378242808,-0.5064517136999318,0.41347990393953155,-1.6224651199258073,-0.2911120857731797,-2.2663226395182194,0.6817980720968806,-0.06982095011690026,1.4311081641438725,-1.4640135773417062,0.18296854229707327,-0.649903992061377,0.031080529634633036,-1.346580254087951,1.7114806356292425,0.14101362798093053,0.44193500916353634,2.036525543493728,1.1936835966475026,1
-0.01621708797974586,1.6751488951581317,-1.0689532066671072,1.0266501160814687,-0.25623423839296433,-1.4534158112729156,2.1833838622452557,-1.4574425276670653,-3.5572817717274923,-0.43646586324210734,0.09692126504739584,0.7439111517670698,1.3128423917156409,-0.6182417601757679,-2.5771710243331856,0.6204377206741433,0.8658416866308436,-0.3026709336511474,-0.11167336441708861,1.4084468560760752,-0.5324419722356103,0.9915295067932479,0.29652257211439664,0.9167313841965715,-0.09452966193090137,0
0.23895772441811405,-1.82721620743733,0.015199799271849446,1.04238317612302,2.1822737162858172,0.38618660205298405,-0.8490188227492507,0.6012758798027003,1.8300467258495394,-0.23936682849932894,-0.320281039134485,1.111422050560929,-0.5961580673759083,0.16926829249785702,0.8169161510155462,0.5397728520096534,0.460592620750806,0.9413094285955407,1.0489681379883555,0.8624925006981233,-0.9732881707809826,0.8522022940701065,-1.3586846464099345,-1.5590115090056729,0.20943081024903837,0
2.462239898499866,1.2232136930026332,-0.49715629316263954,-0.22512984020577037,-1.2077726793689831,1.5683240959330247,1.7197388372986713,0.14654199387682842,-0.5822660433808062,-0.4059370958483683,1.9856483599900439,-0.5779196616853355,-0.3629429729329329,-0.7197112700024664,-1.1412396532655025,0.8069819031756398,-1.07889587276169,1.6435565214560541,0.23274161484980144,-1.1766785115885519,-0.30676314178574676,-1.2050641433265823,-0.2531115324609953,1.9353034210061155,-0.12459781530400682,1
0.04913152073765659,-1.9999582581595448,1.0539882272279395,0.39812163771633163,-0.7966554260955009,0.14570300165388472,-0.508426553754835,2.2883975827214273,-1.5923881447833328,0.9856108577399844,-1.6091533104049183,-0.6342491064107877,-0.00017891753977197777,0.34833557993788977,-0.19904990785197196,1.9253766690599865,-0.7008068232796268,0.04227205098088768,-0.003842589764820742,3.276344986674219,-0.00708435756285597,1.4532719892046613,-1.9125094897195358,-1.8094374469141956,0.09700224654243095,0
1.0957075986955498,-2.6469906515699018,-1.0615988395554807,0.6860660474336235,1.1382026818853275,0.14336266627207572,0.4281265294527118,1.4562746129528548,0.06317267149069694,1.002800066079089,-0.721580084801869,-0.9578428254811486,-0.9629868132184166,1.2924360476284522,1.5511780879261496,1.1312985733805336,0.03718151459152713,-0.09156289890287458,-0.4581178173987108,-0.12299259737172763,-0.7114297784829984,-1.637901077837584,-0.3724622292061608,1.3648978816520774,0.32157439095289053,0
0.1115299711784778,0.9329757285022212,1.2524244982079744,2.4004393528875307,-1.0227285768202443,-0.16454113189112746,1.3787158939003716,-1.7759810674544325,-0.768391075216687,0.19595450580344914,1.4298477594625671,0.6359588644753011,-1.241594793340569,1.1370198076336444,-1.9746014553101372,-0.13308924138854628,0.6548030572878589,-0.15847355632197124,0.2960127556167609,-0.880592588805534,0.8402307607496119,0.7275705338865279,-0.8101613392861288,2.784666818965052,-0.6325767700612746,1
-0.9034214756274627,-0.8301042253226274,0.8327004316143137,0.531507456635772,0.25925495610519783,-0.2770228433984181,-0.3697792687884893,-0.4206629875095439,0.36341604650535364,1.214881383082417,-0.7491622518165343,-0.37278144324690554,-0.8877907547952063,0.35717819409972,-0.8560728252873196,-0.4328623870258863,1.6653425674847626,0.913908965383136,1.8042904655661205,-1.3588542229219955,0.272026545509283,-1.0848451728028523,0.46470209996346895,-1.7286497458159173,0.4507652060655247,1
0.4731428300498909,0.14852371912566043,0.27567429551801936,-0.3806078963591355,-0.123863341092813,0.5149818236354459,-1.2374005027999206,1.657600249220902,-0.7904088676230592,-1.8615866374452104,0.08862128762105329,-1.6062221507504093,-0.1798841571962918,3.6049625179255997,1.4227263089612698,-0.15353777589676562,0.5919730822312808,-0.1554231607632094,-0.6445863015051816,-2.178672496485586,0.5260613460141785,-0.3963087193795768,0.43648010089262346,3.260105629493256,-1.1864350505063412,1
0.27371605479280203,-1.3710356774598824,0.8386052864246805,0.3920659586150551,1.007347101874908,-1.012401936080983,-2.7878167584527813,0.8826517820289981,1.6519692283622107,-0.7473386161724955,-2.455706259761069,-1.399375731185861,-0.022917031718688863,-0.6760985999922349,-0.505823705694043,-0.28210880667032984,0.8793071624846289,0.5021301086773432,1.3433661451804568,2.9008143406171367,0.7394705106729282,0.18172224728164174,2.1365430604032443,-0.5618892835912892,1.029887425651929,0
0.9410451299044175,1.3150916166765,-0.9542326610092009,-0.39172494089959425,1.9369588610880069,-0.2785842419995502,1.2576653748053266,1.9224886870507398,1.3668017747683467,-2.3006168372340166,-1.7885708192742347,-0.45387202984316977,-0.26074493763885026,0.782919724408908,1.3388715153883743,-0.8887364851978229,-0.6781441813578436,-0.007084107375423976,-0.9403977313519677,0.2813158465436957,-1.7441784709128414,1.7314209536261562,-0.9013033975374257,1.3705056305485013,0.1985126017779386,1
-0.24412963906480295,0.31886946538958977,0.37243287266311875,-1.2928391788258236,-1.3198835921683192,0.8133702711542218,0.5282543121052503,-1.1308269209592359,0.8488755079194678,-1.3896712289065043,1.2655562222612786,-1.8188338231740928,2.6878814399490327,0.6716987582109541,0.41384121301126275,-0.10424204635363984,-0.9177923116651467,1.1468322733457166,-0.810919178487287,-2.0980646234023155,-0.5041304829668724,0.0012047046518956495,-0.6702163371329795,1.2589522472034043,0.9957341635090105,0
0.5889334559361744,0.785865639562958,-1.9122119403944877,-0.5044957943308002,0.4600984360641096,-0.7370267697927255,-0.4322367275598358,-2.377988817911983,-1.4010552282038633,0.29670296794612816,-0.0891918570393373,1.6817372012563647,1.4196434551004806,1.321534216481866,0.4681158189781328,-0.4478278192597317,2.6486589446910895,-1.0195184873099457,0.36709168456282354,-0.008187584958613117,0.9124389962628857,1.7551243001796581,0.9845854938525771,2.6799074937715375,1.6479415824458115,0
0.32492883508769904,0.2754585767495438,0.43335000177954375,-2.6674773560142517,1.4442727650476503,0.6340399166217778,-1.5712070188251857,-0.3387356407120521,-0.3386193028322614,-2.503087650589186,1.2282899834933145,-1.6588816437349359,0.5159352490707527,1.1384440166017384,-0.08275527292391621,0.6392433879927665,-1.961050741918014,-1.7458148403502805,2.005972698627615,-1.3221442483082473,-0.2587913957323482,1.786215489336595,1.4358024638702718,0.36095840094841825,-0.42494697518424107,1
0.6891624788963983,0.10421503999330717,-1.7585487842925942,0.9610600430993951,3.044534715524822,0.9531128699356484,0.43600080158834,2.1942521490610485,1.6348079858945057,-1.7417524349078684,-0.5954435388581452,-1.1406699354779064,-0.5781039737357894,-1.200006655276452,3.2328714956398104,-0.2023524906716033,-0.30000045271859993,0.9697488335109639,-0.31919438250047316,-0.5545805439139195,-0.725701815960776,-1.4662327093879521,2.0258965973048815,-1.6482238890294858,-0.9980205019645072,0
0.4282912754386925,-1.403488250859796,0.46550459069912375,0.24798133028789976,-1.3789925355098749,-0.24715145604899774,1.3308254124049315,-1.9049878172686037,0.8269835699469735,-0.8626286517634748,-0.25630626135017764,0.8341618010998164,1.8026506437257375,-0.49162460710452555,-0.3441545214971796,-2.4728409563344145,2.5616781765041057,1.32353046188038,0.02953948060476641,-0.08132145642991584,-2.3602316911078245,-1.0333366474043617,0.5151158567580367,1.284916305304011,0.05549541229572608,0
1.676773935609056,1.9844636322993847,0.15758979359716085,-0.33599153216592914,-0.6976362656836963,0.9325345202868975,2.1186907989831085,0.7438346878335885,-1.3848884904002077,-2.4361221970730043,1.7183262559755317,0.28542453401026613,1.9644090956371354,-1.086190429168202,-2.557273509198339,1.9394945929746905,0.11642855123564244,-0.08605093473107828,0.7101933517639331,0.8336395472557103,2.0494094125396844,1.6126256908317096,0.6086232225416648,1.0516526753572968,0.6899895470647639,1
1.4859000053964204,0.1793822619856571,-0.467779717756335,1.2908190113664635,0.4990717828683534,0.7651373445234728,1.4602298201905906,0.5725157681660272,-0.7615850373897528,-0.7930723255225576,3.5158891663100236,-0.06283213018442986,-0.8473945497613935,-0.1734035866466767,-1.5174308412419142,0.8498340844986744,2.4007478365246384,0.6746223230855009,-1.0702236731898298,-2.383801819463136,0.6962930913274047,0.06317812627751834,-1.8761059440325056,-0.9548745901579606,-1.6518460892051323,0
-0.5407659596492632,1.6592256495266535,-1.4469769910395829,-1.8365867486659861,0.17277085068882259,-0.34717042704432777,3.3244574608248323,0.44759877525868647,2.057948386766695,0.8035454760249101,-0.9714684819599168,-0.39835212600282366,0.08699076598424121,1.137191409160807,0.6497615096330625,-0.41028979183136394,0.47965751330253986,1.7940572228095437,1.5795475000201011,-1.281903453556613,0.8543112972637439,-0.40380087555081723,2.2649647764561167,-0.9708968776510823,2.3482864669847308,1
-1.1594381518590833,0.6249824976150746,0.8783349798044748,1.100056255634033,-1.1352890123703574,-0.703531218628854,1.4935774781926008,0.5884331003243368,-2.8576771682844555,1.153653942254382,2.325131094936803,-0.7028697977970508,1.5720685170580682,-1.371486231358639,-0.9094976793018619,-0.11262215740522796,2.296073986041306,2.1442980937380134,-0.16173776508204024,-0.6823769653380558,1.6587139586766848,-0.9392036921195838,0.11599587563278801,0.9883586763855703,-2.4583886545060976,1
0.3120358962644163,-0.28902005251140583,0.1706651356476494,0.8887823368585637,1.290851270144679,1.2148467810433197,-1.1747347561799213,1.3956333540655814,0.8040108666606698,0.27278757529032804,0.42297467690762336,-0.5043332453101717,0.1358436285156216,-1.1565101199542565,1.5923147148207626,1.1634551292168336,-2.0834241245795493,1.3574366522062697,-1.096005435256262,0.4558894199789527,-1.1268285347243576,0.42996165966098165,-1.478193258525126,-1.3340574431420151,0.48686968329779373,0
0.09459594237172728,-0.7153152076176665,0.9390666235653012,-0.8952720741043738,2.195491465471635,0.18672264170141772,-1.3826937344332788,1.800750750498794,0.5441092795609581,-0.787522634999057,-0.39831781004287786,0.5251212374658347,1.006928022655532,-2.1620754635756523,-0.3458796928715547,1.5355996481999137,0.4588365580752034,-1.0873894384187963,0.6435696244357356,3.050846094329997,-0.18465308365032396,0.8621194669223714,1.9920723209136058,-1.0334458333580898,-0.44181909307202316,1
-1.7549092053726276,3.559060065304648,0.9426641301134672,-1.4504972168575474,-1.4724528304095739,1.9648598280592227,2.349283979225901,0.5986554887312572,-1.4263873339396604,0.31048548061656844,1.3304279281100473,-1.0701945087129001,1.7197121416408572,0.8424834051851442,-0.4623361010703991,-1.8347123007429365,-2.8647761444221165,-0.24291313977448892,-1.0312720427473079,-0.316941565557292,1.9263923342746188,-0.5149349408915529,-0.9242916328655528,2.228204465452866,1.8408274804879508,1
1.2131247105001406,-0.6164564698189641,-1.0155296788427508,0.39853522505092387,3.0422512065805227,0.06297517473570269,-1.7534189481339122,0.9289768343423881,-0.6936611589015886,1.2469671273118277,-0.7249061831570855,1.3197594775089099,-2.0943736481464343,-0.18686212529051593,-0.8646263926638023,-0.4757415827768614,1.0281712692608043,-0.17586708075169705,-0.19942288478247105,-0.37291986731849247,-0.12056701373991918,1.3239627141287518,-1.705908472138234,-2.1128596312517574,0.21314063503951353,0
2.3226282566867686,-1.0931232613772386,0.32433051762745263,-1.2232605335556752,-0.427869760079179,0.1509461681191353,0.41916428342971956,-1.224789532448168,2.1154886568653515,-0.7242813027751873,1.095051433557097,-0.24960171552439459,-0.8062300432423506,0.36360920116895357,-0.17382543592446137,0.24604868908948152,-0.9707037940966088,1.6348672777750655,-1.694208126432629,0.6052783781045266,-0.6566709900127168,-4.125722502207964,-1.4477507733439001,1.0855604985055607,1.9616624171020882,0
-0.40644451439038265,2.717402457149361,0.1986195313450476,0.08950689681250579,-0.7241871388592132,-0.26793169485345497,-0.34752528173047376,0.40282904327017327,-0.01196533257456378,1.0026835877228502,-0.32013662780972474,0.090536915715691,0.5481500003965487,3.46524181994772,-0.5883561900467249,-2.369954094766973,-2.1202723414535987,-1.8948064348240288,1.2542277825772672,-1.812005469025641,0.04968979997371423,0.7196719135633582,2.4624557600675243,1.5770271420441417,1.2699554637970798,1
-0.3392332738221204,-2.885014456525847,-0.38195076744750345,0.2040529599714992,-0.8175485438461524,0.4492432330748976,0.3903998828375627,-1.2416901188549088,1.7981473810874073,1.474813365280788,-0.6676359945477992,1.7895948249650209,-1.203756075961993,0.9199668561083907,-0.6349589380833873,-0.0761057884118429,1.1479827915589815,-0.14931245835095297,-0.03510876484601766,0.16500036149379127,0.9205942554221753,-0.11372754114660899,-2.43679966667379,0.4490431546283624,-0.726660655295284,0
0.6946082248920065,0.7828066343985347,-1.5183825439922667,1.3968936034986534,-1.3922414701421109,0.4662034101548105,-0.7065474507341324,1.0947926229691318,-2.3360210078138226,0.4259399849757769,2.089615129295501,-1.6980670729170457,0.5158527766471441,-1.977970059602446,0.208437707613155,1.7095008228159245,1.1930588699103288,-1.1891517898077875,-1.3730647344948552,-0.9903846330585204,0.8873018069459544,-0.6692140458883871,1.294719259265512,2.4878518116119652,2.8965676491583507,1
1.7412534714770913,-0.5842586129754002,1.594708202953575,1.3551779169515445,-1.2933687579601485,-1.556709979934813,-0.2163486627559486,-2.7858468985372578,-0.9910218387620454,0.7735634338539489,0.35167142530587586,-0.7863681751508104,2.9703504872728312,-0.0026356370634691983,0.068813200221992,-1.53374498508258,0.4600035546755667,-0.2426198190760882,1.4732227137501006,1.3904695694174987,0.19593903553554837,-1.2264723191958735,-0.17587064129972696,-0.4886238793852516,-0.16901530982140595,0
-0.11813011679364638,-1.3659085727647742,-0.37075911796773314,-1.0848482751057045,1.9696479004400087,-1.2456761856582665,-0.5151934166698956,0.7180536027691762,0.36698866225279875,-1.025825700821468,-0.5210553417460894,0.08751055160264054,-0.014609346172509197,2.126715895011923,1.4734570620235663,0.006071843609264993,-1.0510896867300878,-2.305000876565723,0.8618995846170799,-0.13084410198941424,0.07777935464736291,0.2036749509679,-0.10295658290935061,0.11648198849339012,-0.21702968062839773,1
-1.2268913650121454,2.108647296242149,-0.19295771534035863,2.326207160576394,-0.24812923447979562,-1.742270777592228,0.6714110273125413,-0.3982743645675423,-0.024306336244863558,3.629659467528966,1.872338311263781,-2.081575470712011,0.2783775896448359,-2.196999257766794,1.410230645971772,0.5927792804020912,-1.458049585143844,-0.9589878423891041,-0.29903650030809426,2.54410946227918,0.6548863306205439,0.5000975554161556,-0.305241203682613,-0.4533220347544702,-0.009257546072185763,0
-0.36467429299940357,-1.6664656021264193,2.009018392056155,0.6314268148934802,2.637765068087062,-1.8835882977191258,-0.9039287787386538,1.5683151881755044,0.1314140776444455,-1.3951889691956596,1.2269499868712217,-0.9542954281386712,-0.5139997618725762,-0.7976354282485716,1.3067365979328482,0.2754218174925941,0.21710801925108472,-3.1371011298907434,0.46682469874639015,-0.11394081677333356,0.17147018494634855,0.32516441404971685,0.9380448594499747,-0.9535675654820539,-0.5082703764405763,1
-0.11347732064139043,-2.5428109838513704,3.6878688275226317,2.039974195431746,0.126695529772339,1.2746868902418909,-0.7110326672472488,-0.8289652775762201,1.606069391288077,0.8353061581161687,-1.4006362664851422,-1.0477423872184177,-1.6554030872284091,0.441897779940647,1.7386886414452642,-0.26874574474506885,-0.1447364679494767,1.3813037070983845,0.39022728256735606,-0.3456069846361718,0.2357922601625564,-1.1788694680935814,-0.8700618692635349,0.17995332585223123,-2.176154807381064,1
1.103383067615645,-1.7767110468035876,-0.3603576599033449,-0.8195347821479526,1.3778065999981153,1.6313374935060527,-0.2956566187193048,1.5602176905680183,0.7364815957441039,-2.021574112118455,1.5986107681935824,-0.9146242014714107,1.091454476679182,0.8289859966811295,1.2586656569206833,-1.5597426303652795,0.9152912295711151,-0.2436178097456121,1.8035545515932319,0.9365268275482996,-0.8804916712211386,0.7288187681578592,0.5209100474639873,-0.4544392821796648,-1.2664120415603042,1
-0.29752553921242003,0.9743792105807293,-1.66630923188973,-1.4451381973009134,-0.9309131260844468,-0.8830267566897692,0.8710365606882613,-0.7401983119175651,0.39733553986576503,-2.1861494603020875,2.469994366569173,-1.0582638178734052,-0.8534534749810071,1.9541876267726117,0.195731046110486,-0.10360472986081429,-1.6917352134957198,0.8368362420474338,-1.035042465276975,-0.21125168257281246,1.3010248912454956,-1.1462169316944897,1.7174261896724423,2.4091839416190135,0.1482963331706586,1
0.6873517624314109,0.008654114644292499,-0.09544742193888137,-0.5116399816948844,0.27507975596116774,-0.4831892587101976,0.35849756267106697,-2.3924233462951845,-1.1572687495196594,1.0765002525344691,-0.29580184564403,1.0543823616357137,1.6796856141546983,-2.433334566892713,-0.746037699283397,0.830782399406123,1.1153198405054852,0.656514185269621,-0.5355230705566497,2.1858069600577785,4.165121069009661,-0.7563455967440043,-2.7458328057374426,1.6738387272280366,1.0415543554435391,0
-1.1936159208436186,-1.2447480829547433,-0.7168200647344015,0.07853985833862792,0.5418311381981182,-0.324822341633711,-2.0155755224604563,2.5115866097096853,-0.4294673614701504,0.17749330589676737,-0.7828307278782081,0.5954516578480236,0.8726861245602291,0.45551258186492866,0.2982507194084648,-1.2101586167804264,0.6024294954019948,-0.09829644214133992,1.8847847928399764,-0.18635491886319877,-2.7485809942739357,-1.7177527208204562,2.1511050517034382,-1.092567049004088,-1.0814403054304536,0
1.3349008136588152,1.4366429503630813,1.5736199234773276,1.2050097863691687,0.8708151809777137,0.7945622045129557,-0.2922710335929008,-1.7845153645220977,0.38035194253020366,0.7113127332063361,0.2768578651955308,0.3230102835757688,1.859821616561086,-2.3511518215927416,-0.640748113661803,1.3907735896552547,0.3252279654603122,0.947679368180428,1.8404045259724462,-1.0157341009391734,2.0249077766180945,0.7569500662586433,-1.082663383089323,0.08979216641274473,-0.8213464198052526,0
1.811408969508652,-0.2846293558959194,0.5726817017418857,-1.8281333253734495,1.4336463981248795,0.13762234113556404,-1.2541957841543463,1.372759719169927,0.845263489418997,-1.0866369154126763,-0.04835595486539801,0.2666438431134456,-2.803369127115082,0.9223583330628321,-0.2897834390267263,-0.4299680724298753,0.4384219519476873,0.14919036789545714,0.04887766243918659,-1.3652157911124672,-3.129681881770114,0.6029224399908617,1.3300811478176273,-0.09177432552821024,1.3156369140369308,1
1.2542485302747834,0.2124872594428408,0.9271721039786714,-0.11972180081990691,-0.493991823333221,2.863543517808046,0.8544399095448465,0.3047037874119797,2.2025176270425746,-0.6953219892089263,-0.6330854471833043,-1.4032576983828624,2.6259655512490268,2.091489181141956,-0.14926570358961022,-1.3792575712850579,-1.6282785847677403,-2.4078515005086816,-0.797146343077812,-2.5358829477599034,0.7227161052563157,1.958453139278609,1.6157966648612283,0.26687712836015964,0.4540079642233673,1
-0.997981271434917,-0.7418976999537612,-1.064408290688823,0.8209823143511269,-0.4079014680922628,0.7981017860388668,-1.3034834485473352,-0.4148117150004119,0.35932068116487736,0.2571300509941845,0.7644372122727318,0.5033954197549788,1.12770593102571,-0.9957857119037031,-0.9375624861231957,-0.4275131135177943,0.17561408162477726,-0.0637108267938784,0.17282862733247983,-0.15479432465830364,0.9147051558904474,1.2685267703129068,-1.0785849333479665,-1.3179822838421336,-0.21224635588729546,0
0.040269436268816836,1.0420446770740832,-2.077961962822517,-0.43551608553541954,0.40649603505028764,1.9296693120171455,-0.011947594996465138,0.257453633812725,1.481577913308337,-0.26548966344788344,-0.004933018991686522,0.08779443599739667,0.34708680506000755,2.220657965365177,-0.05991613146006647,-2.6098324433130617,0.03019194523420954,-3.109814774255812,-1.980049964158709,1.7664400510236566,-1.5061141473034088,-0.1888364831761709,1.9194911538121426,-1.2456444833191584,-1.298973509171705,0
0.4712333695499298,0.20595894376004678,0.12950290205710896,-0.7084275654514898,0.28242184845062424,-1.0721089094097822,-0.6358306588805903,2.0971030757797786,1.8534473807191296,-0.6985945018571789,-0.02782209480794917,0.7329709028267201,-1.270120084614051,0.8897458953836785,1.7342649962719754,3.0234920002843118,0.5122673069856465,-0.6021148438786929,2.3747563292009177,0.02076259590592411,-0.560280132092336,-0.10784552641788736,0.08447017646859978,0.9844722264106183,0.5270509084218825,0
-1.689222911821606,2.2884946158643578,-0.7674776053304372,1.4196928497220138,-0.6466513590174203,-0.4557442793732825,1.9918899767081406,-1.2823377412653558,-2.5206330507578185,0.5405070421895877,0.5392267375081939,1.0579901981272717,-1.8518100542541154,-1.2822333694743488,-1.6248650526293942,0.7999253893822795,1.155957070161125,0.6787439643759341,-0.5257330321234316,-0.7251125895182863,0.35210979270241116,-1.8609230922255204,0.23953259758747975,0.355496882190812,0.2652755315021998,1
1.698748241062538,-1.0617323693170255,-0.9945192806502653,-1.4420631697562385,-0.7060132606973,-1.0323888871401266,1.4393384245391778,0.10458470353763905,0.6461683695365811,-1.5003922610923026,1.834036246180331,1.7145762982340722,-0.257239268965613,0.41725394344258016,0.4020348744273561,-0.1364790085250931,-0.980214563283639,0.32632467628808914,1.7643930048024958,-0.7713421326755824,1.1460406887081935,-1.7437677898585597,0.14600822379056488,0.9947504736773748,-1.3342988399515079,1
-0.9372749630865732,-0.26408437404233587,-1.1626942274853524,0.9100175663679737,-2.2851131859855616,-1.5173674891752822,0.5895591836705335,-0.81980834196771,-2.194075449743281,1.3701757251667206,-0.6837076829464993,1.2803177651212623,0.3810381899720777,0.0798104395912318,-2.4560686692345843,0.02178480028076249,1.0608237619152536,1.6608191606428182,-0.6043930144538633,0.3035998105565262,0.720165867849499,-1.7640013843823215,-0.9191723878907724,0.943695485200658,0.33026446765916123,0
-0.5487199584588193,0.9612837334537889,-0.7994983582378532,-0.3133671108707729,-1.6541057707192248,-1.4095277267805377,-2.4278555485608035,-0.8400476172997298,-1.312585980386199,0.4478562223677355,-0.019415057145369286,-0.06063854641248778,0.79114102107679,0.6252790106139182,-1.3874156224075256,-0.02671550099129527,-0.9439204056135994,-0.747311242296556,1.1998879088466792,-1.7331519845713168,-0.02811747106418938,1.0857633189805769,-0.5075063638603562,0.1421590506181143,0.33673837849715427,1
-2.0169522638851936,-2.1209016888907493,0.8076627727536061,0.32442210902475876,1.0467700535152642,-0.18863801643345254,-0.9856064684687471,-2.3611380638206283,-0.6288881700085467,0.22194720589498118,-0.365817801253597,0.48038491593793586,-1.330835200009194,-1.6829379646101674,0.35787196293883833,1.547908767601944,-0.7484544186203937,1.2970097254283717,0.8024042897919521,1.717981979572755,-0.25607730670394635,-1.1132652158673528,1.1021419427686237,-1.0531383178741232,-1.2068066249950893,0
2.073928674296367,0.06559094705057467,1.768358699575343,-1.514205706701412,-0.4335866094039609,1.0034261091026786,0.4103114336661494,-0.8456837161605593,-0.4039938263455303,1.463091824930255,-0.25548335992711274,-0.15798876810409002,-3.1659914033957675,1.3633249057558636,-0.60279510454689,-0.8468206276212382,3.0255014756359575,1.215592811575696,-1.8380941348352853,2.2218396937972793,-1.506841625521736,1.0255625348436543,0.18914391498099675,1.0978218726418962,-0.33353529196740495,0
1.2996881994978686,1.2584390959527307,0.02667106084787596,0.04374399427027742,-2.439996954251715,-2.5435828511092633,1.0974879958016661,-1.3593738495059873,0.7512969507618901,-0.14059662168239034,-0.16214496831282632,0.001600605365383423,0.8123905936718943,2.4348417415763683,-0.2540114216602557,0.9934200539039003,-0.12669076035042592,0.13256725997002974,-1.5315058866524667,-1.1834536614271216,-2.395197625976496,-1.9591170880355429,-3.242414533533235,1.6767240873170293,0.9579602825869168,1
